Price,Close,High,Low,Open,Volume
Ticker,CL=F,CL=F,CL=F,CL=F,CL=F
2010-08-05,82.01000213623047,82.4800033569336,81.55999755859375,82.44000244140625,234811.0
2010-08-06,80.69999694824219,82.66999816894531,80.04000091552734,82.12000274658203,397532.0
2010-08-07,80.69999694824219,82.66999816894531,80.04000091552734,82.12000274658203,397532.0
2010-08-08,80.69999694824219,82.66999816894531,80.04000091552734,82.12000274658203,397532.0
2010-08-09,81.4800033569336,81.76000213623047,80.70999908447266,80.91000366210938,267083.0
2010-08-10,80.25,81.62000274658203,79.19999694824219,81.44000244140625,385854.0
2010-08-11,78.0199966430664,80.44000244140625,77.41999816894531,80.22000122070312,416889.0
2010-08-12,75.73999786376953,77.97000122070312,75.5199966430664,77.30999755859375,430788.0
2010-08-13,75.38999938964844,76.73999786376953,75.01000213623047,75.75,286126.0
2010-08-14,75.38999938964844,76.73999786376953,75.01000213623047,75.75,286126.0
2010-08-15,75.38999938964844,76.73999786376953,75.01000213623047,75.75,286126.0
2010-08-16,75.23999786376953,75.94999694824219,74.86000061035156,75.5999984741211,237455.0
2010-08-17,75.7699966430664,76.62999725341797,75.01000213623047,75.05999755859375,347432.0
2010-08-18,75.41999816894531,75.73999786376953,73.83000183105469,75.44999694824219,247104.0
2010-08-19,74.43000030517578,76.0999984741211,73.95999908447266,75.2699966430664,123224.0
2010-08-20,73.45999908447266,74.5999984741211,73.19000244140625,74.44999694824219,246977.0
2010-08-21,73.45999908447266,74.5999984741211,73.19000244140625,74.44999694824219,246977.0
2010-08-22,73.45999908447266,74.5999984741211,73.19000244140625,74.44999694824219,246977.0
2010-08-23,73.0999984741211,74.4800033569336,72.75,73.9000015258789,252439.0
2010-08-24,71.62999725341797,73.05000305175781,71.31999969482422,72.94999694824219,340994.0
2010-08-25,72.5199966430664,72.87000274658203,70.76000213623047,71.47000122070312,343405.0
2010-08-26,73.36000061035156,73.9800033569336,72.54000091552734,72.81999969482422,362828.0
2010-08-27,75.16999816894531,75.44999694824219,72.04000091552734,73.18000030517578,477903.0
2010-08-28,75.16999816894531,75.44999694824219,72.04000091552734,73.18000030517578,477903.0
2010-08-29,75.16999816894531,75.44999694824219,72.04000091552734,73.18000030517578,477903.0
2010-08-30,74.69999694824219,75.58000183105469,74.16999816894531,75.5,260666.0
2010-08-31,71.91999816894531,74.7300033569336,71.52999877929688,74.06999969482422,469412.0
2010-09-01,73.91000366210938,74.4800033569336,71.66999816894531,71.69999694824219,396607.0
2010-09-02,75.0199966430664,75.13999938964844,73.11000061035156,73.91000366210938,340168.0
2010-09-03,74.5999984741211,75.44000244140625,73.19999694824219,74.93000030517578,379300.0
2010-09-04,74.5999984741211,75.44000244140625,73.19999694824219,74.93000030517578,379300.0
2010-09-05,74.5999984741211,75.44000244140625,73.19999694824219,74.93000030517578,379300.0
2010-09-06,74.5999984741211,75.44000244140625,73.19999694824219,74.93000030517578,379300.0
2010-09-07,74.08999633789062,74.62999725341797,72.62999725341797,74.30000305175781,406641.0
2010-09-08,74.66999816894531,75.38999938964844,73.37000274658203,73.91000366210938,359759.0
2010-09-09,74.25,75.95999908447266,73.87999725341797,74.91999816894531,372881.0
2010-09-10,76.44999694824219,76.7300033569336,74.37000274658203,74.4000015258789,431370.0
2010-09-11,76.44999694824219,76.7300033569336,74.37000274658203,74.4000015258789,431370.0
2010-09-12,76.44999694824219,76.7300033569336,74.37000274658203,74.4000015258789,431370.0
2010-09-13,77.19000244140625,78.04000091552734,76.36000061035156,76.36000061035156,349157.0
2010-09-14,76.80000305175781,77.98999786376953,76.20999908447266,77.16999816894531,416114.0
2010-09-15,76.0199966430664,76.6500015258789,74.66000366210938,76.63999938964844,356325.0
2010-09-16,74.56999969482422,75.98999786376953,74.11000061035156,75.76000213623047,289281.0
2010-09-17,73.66000366210938,75.25,72.75,74.47000122070312,195831.0
2010-09-18,73.66000366210938,75.25,72.75,74.47000122070312,195831.0
2010-09-19,73.66000366210938,75.25,72.75,74.47000122070312,195831.0
2010-09-20,74.86000061035156,75.44999694824219,73.31999969482422,73.58999633789062,132427.0
2010-09-21,73.5199966430664,74.5999984741211,72.80999755859375,74.56999969482422,311954.0
2010-09-22,74.70999908447266,76.0,73.83999633789062,74.79000091552734,343846.0
2010-09-23,75.18000030517578,75.61000061035156,73.58000183105469,74.83999633789062,295903.0
2010-09-24,76.48999786376953,76.68000030517578,74.66000366210938,74.94999694824219,288499.0
2010-09-25,76.48999786376953,76.68000030517578,74.66000366210938,74.94999694824219,288499.0
2010-09-26,76.48999786376953,76.68000030517578,74.66000366210938,74.94999694824219,288499.0
2010-09-27,76.5199966430664,77.16999816894531,75.5199966430664,76.47000122070312,289641.0
2010-09-28,76.18000030517578,77.12000274658203,75.52999877929688,76.2300033569336,329350.0
2010-09-29,77.86000061035156,78.12999725341797,75.5999984741211,76.19999694824219,388993.0
2010-09-30,79.97000122070312,80.18000030517578,77.55000305175781,77.91000366210938,418628.0
2010-10-01,81.58000183105469,81.69000244140625,79.69999694824219,79.83999633789062,359944.0
2010-10-02,81.58000183105469,81.69000244140625,79.69999694824219,79.83999633789062,359944.0
2010-10-03,81.58000183105469,81.69000244140625,79.69999694824219,79.83999633789062,359944.0
2010-10-04,81.47000122070312,82.37999725341797,80.7699966430664,81.68000030517578,313306.0
2010-10-05,82.81999969482422,82.98999786376953,81.1500015258789,81.37000274658203,336832.0
2010-10-06,83.2300033569336,84.08999633789062,82.29000091552734,82.5999984741211,349174.0
2010-10-07,81.66999816894531,84.43000030517578,81.0,83.2699966430664,450952.0
2010-10-08,82.66000366210938,83.12999725341797,80.30000305175781,81.43000030517578,414081.0
2010-10-09,82.66000366210938,83.12999725341797,80.30000305175781,81.43000030517578,414081.0
2010-10-10,82.66000366210938,83.12999725341797,80.30000305175781,81.43000030517578,414081.0
2010-10-11,82.20999908447266,83.5,81.8499984741211,82.94999694824219,234320.0
2010-10-12,81.66999816894531,82.33000183105469,80.87999725341797,81.94000244140625,333582.0
2010-10-13,83.01000213623047,83.44999694824219,81.68000030517578,81.72000122070312,330288.0
2010-10-14,82.69000244140625,84.12000274658203,82.20999908447266,83.2300033569336,340955.0
2010-10-15,81.25,83.33000183105469,80.75,82.7699966430664,345844.0
2010-10-16,81.25,83.33000183105469,80.75,82.7699966430664,345844.0
2010-10-17,81.25,83.33000183105469,80.75,82.7699966430664,345844.0
2010-10-18,83.08000183105469,83.27999877929688,80.3499984741211,81.37999725341797,225081.0
2010-10-19,79.48999786376953,83.20999908447266,79.38999938964844,82.94999694824219,151357.0
2010-10-20,81.7699966430664,82.02999877929688,79.3499984741211,79.4800033569336,422745.0
2010-10-21,80.55999755859375,82.69999694824219,80.08999633789062,82.55000305175781,378285.0
2010-10-22,81.69000244140625,82.06999969482422,80.41000366210938,80.7300033569336,256382.0
2010-10-23,81.69000244140625,82.06999969482422,80.41000366210938,80.7300033569336,256382.0
2010-10-24,81.69000244140625,82.06999969482422,80.41000366210938,80.7300033569336,256382.0
2010-10-25,82.5199966430664,83.27999877929688,81.44999694824219,82.01000213623047,339395.0
2010-10-26,82.55000305175781,82.87999725341797,81.80999755859375,82.47000122070312,265930.0
2010-10-27,81.94000244140625,82.69000244140625,80.5199966430664,82.4800033569336,375249.0
2010-10-28,82.18000030517578,82.63999938964844,81.5,81.98999786376953,296748.0
2010-10-29,81.43000030517578,82.12000274658203,80.55999755859375,81.91999816894531,313874.0
2010-10-30,81.43000030517578,82.12000274658203,80.55999755859375,81.91999816894531,313874.0
2010-10-31,81.43000030517578,82.12000274658203,80.55999755859375,81.91999816894531,313874.0
2010-11-01,82.94999694824219,83.86000061035156,81.31999969482422,81.44999694824219,358535.0
2010-11-02,83.9000015258789,84.47000122070312,82.83000183105469,82.87999725341797,281834.0
2010-11-03,84.69000244140625,85.36000061035156,83.56999969482422,84.37000274658203,393735.0
2010-11-04,86.48999786376953,86.83000183105469,84.91999816894531,85.08999633789062,317997.0
2010-11-05,86.8499984741211,87.43000030517578,85.95999908447266,86.5999984741211,317997.0
2010-11-06,86.8499984741211,87.43000030517578,85.95999908447266,86.5999984741211,317997.0
2010-11-07,86.8499984741211,87.43000030517578,85.95999908447266,86.5999984741211,317997.0
2010-11-08,87.05999755859375,87.48999786376953,85.95999908447266,87.38999938964844,309966.0
2010-11-09,86.72000122070312,87.62999725341797,85.4800033569336,86.75,367995.0
2010-11-10,87.80999755859375,88.20999908447266,86.0999984741211,86.44999694824219,472840.0
2010-11-11,87.80999755859375,88.62999725341797,87.54000091552734,87.8499984741211,343012.0
2010-11-12,84.87999725341797,87.8499984741211,84.5199966430664,87.7300033569336,478815.0
2010-11-13,84.87999725341797,87.8499984741211,84.5199966430664,87.7300033569336,478815.0
2010-11-14,84.87999725341797,87.8499984741211,84.5199966430664,87.7300033569336,478815.0
2010-11-15,84.86000061035156,85.7699966430664,84.4800033569336,84.87000274658203,315260.0
2010-11-16,82.33999633789062,84.73999786376953,82.06999969482422,84.58000183105469,454828.0
2010-11-17,80.44000244140625,82.66999816894531,80.05999755859375,82.44000244140625,334525.0
2010-11-18,81.8499984741211,82.3499984741211,80.44000244140625,80.44999694824219,160405.0
2010-11-19,81.51000213623047,82.75,80.58999633789062,82.23999786376953,324513.0
2010-11-20,81.51000213623047,82.75,80.58999633789062,82.23999786376953,324513.0
2010-11-21,81.51000213623047,82.75,80.58999633789062,82.23999786376953,324513.0
2010-11-22,81.73999786376953,82.87000274658203,80.68000030517578,82.1500015258789,290222.0
2010-11-23,81.25,82.0999984741211,80.27999877929688,81.61000061035156,351860.0
2010-11-24,83.86000061035156,84.19999694824219,80.97000122070312,80.98999786376953,324511.0
2010-11-25,83.86000061035156,84.19999694824219,80.97000122070312,80.98999786376953,324511.0
2010-11-26,83.76000213623047,84.52999877929688,82.77999877929688,84.20999908447266,174178.0
2010-11-27,83.76000213623047,84.52999877929688,82.77999877929688,84.20999908447266,174178.0
2010-11-28,83.76000213623047,84.52999877929688,82.77999877929688,84.20999908447266,174178.0
2010-11-29,85.7300033569336,85.83000183105469,83.58999633789062,83.9000015258789,335800.0
2010-11-30,84.11000061035156,85.9000015258789,83.55000305175781,85.80999755859375,338358.0
2010-12-01,86.75,86.94999694824219,83.62999725341797,83.66000366210938,340736.0
2010-12-02,88.0,88.12999725341797,86.2699966430664,86.80000305175781,330642.0
2010-12-03,89.19000244140625,89.48999786376953,87.13999938964844,87.94000244140625,354635.0
2010-12-04,89.19000244140625,89.48999786376953,87.13999938964844,87.94000244140625,354635.0
2010-12-05,89.19000244140625,89.48999786376953,87.13999938964844,87.94000244140625,354635.0
2010-12-06,89.37999725341797,89.76000213623047,88.55999755859375,89.44000244140625,293836.0
2010-12-07,88.69000244140625,90.76000213623047,88.0999984741211,88.91999816894531,462689.0
2010-12-08,88.27999877929688,88.98999786376953,87.33000183105469,88.3499984741211,383144.0
2010-12-09,88.37000274658203,89.41999816894531,87.70999908447266,88.55000305175781,353964.0
2010-12-10,87.79000091552734,89.0,87.0999984741211,88.51000213623047,313842.0
2010-12-11,87.79000091552734,89.0,87.0999984741211,88.51000213623047,313842.0
2010-12-12,87.79000091552734,89.0,87.0999984741211,88.51000213623047,313842.0
2010-12-13,88.61000061035156,89.48999786376953,87.44000244140625,87.68000030517578,329766.0
2010-12-14,88.27999877929688,88.94999694824219,87.73999786376953,88.19000244140625,281851.0
2010-12-15,88.62000274658203,89.08999633789062,86.83000183105469,88.27999877929688,355056.0
2010-12-16,87.69999694824219,88.6500015258789,87.62999725341797,88.4800033569336,221145.0
2010-12-17,88.0199966430664,88.5199966430664,87.01000213623047,87.87000274658203,152396.0
2010-12-18,88.0199966430664,88.5199966430664,87.01000213623047,87.87000274658203,152396.0
2010-12-19,88.0199966430664,88.5199966430664,87.01000213623047,87.87000274658203,152396.0
2010-12-20,88.80999755859375,88.9800033569336,87.26000213623047,88.18000030517578,265975.0
2010-12-21,89.81999969482422,89.97000122070312,89.05999755859375,89.22000122070312,187321.0
2010-12-22,90.4800033569336,90.80000305175781,89.8499984741211,89.98999786376953,187386.0
2010-12-23,91.51000213623047,91.62999725341797,90.33000183105469,90.61000061035156,145007.0
2010-12-24,91.51000213623047,91.62999725341797,90.33000183105469,90.61000061035156,145007.0
2010-12-25,91.51000213623047,91.62999725341797,90.33000183105469,90.61000061035156,145007.0
2010-12-26,91.51000213623047,91.62999725341797,90.33000183105469,90.61000061035156,145007.0
2010-12-27,91.0,91.87999725341797,90.51000213623047,91.06999969482422,104321.0
2010-12-28,91.48999786376953,91.66999816894531,90.75,90.79000091552734,104415.0
2010-12-29,91.12000274658203,91.52999877929688,90.80000305175781,91.2699966430664,117853.0
2010-12-30,89.83999633789062,91.4000015258789,89.0199966430664,90.9800033569336,209645.0
2010-12-31,91.37999725341797,92.05999755859375,89.05000305175781,89.66999816894531,171010.0
2011-01-01,91.37999725341797,92.05999755859375,89.05000305175781,89.66999816894531,171010.0
2011-01-02,91.37999725341797,92.05999755859375,89.05000305175781,89.66999816894531,171010.0
2011-01-03,91.55000305175781,92.58000183105469,91.20999908447266,91.30999755859375,225189.0
2011-01-04,89.37999725341797,92.06999969482422,88.36000061035156,91.5,415521.0
2011-01-05,90.30000305175781,90.83999633789062,88.0999984741211,89.29000091552734,416908.0
2011-01-06,88.37999725341797,90.70999908447266,87.8499984741211,90.47000122070312,440456.0
2011-01-07,88.02999877929688,89.4800033569336,87.25,88.18000030517578,444813.0
2011-01-08,88.02999877929688,89.4800033569336,87.25,88.18000030517578,444813.0
2011-01-09,88.02999877929688,89.4800033569336,87.25,88.18000030517578,444813.0
2011-01-10,89.25,89.9800033569336,88.12999725341797,89.0,430277.0
2011-01-11,91.11000061035156,91.38999938964844,88.93000030517578,89.30999755859375,429761.0
2011-01-12,91.86000061035156,92.38999938964844,90.79000091552734,91.18000030517578,382686.0
2011-01-13,91.4000015258789,92.37000274658203,90.75,92.0,358898.0
2011-01-14,91.54000091552734,91.69000244140625,90.0999984741211,90.98999786376953,313331.0
2011-01-15,91.54000091552734,91.69000244140625,90.0999984741211,90.98999786376953,313331.0
2011-01-16,91.54000091552734,91.69000244140625,90.0999984741211,90.98999786376953,313331.0
2011-01-17,91.54000091552734,91.69000244140625,90.0999984741211,90.98999786376953,313331.0
2011-01-18,91.37999725341797,91.9000015258789,90.55000305175781,91.51000213623047,211930.0
2011-01-19,90.86000061035156,92.0999984741211,90.47000122070312,91.33999633789062,109525.0
2011-01-20,88.86000061035156,90.86000061035156,88.0,90.69999694824219,442041.0
2011-01-21,89.11000061035156,90.22000122070312,88.87000274658203,89.44999694824219,287810.0
2011-01-22,89.11000061035156,90.22000122070312,88.87000274658203,89.44999694824219,287810.0
2011-01-23,89.11000061035156,90.22000122070312,88.87000274658203,89.44999694824219,287810.0
2011-01-24,87.87000274658203,89.62999725341797,87.2699966430664,89.26000213623047,356085.0
2011-01-25,86.19000244140625,87.8499984741211,86.12000274658203,87.69999694824219,338646.0
2011-01-26,87.33000183105469,87.77999877929688,86.02999877929688,86.2300033569336,347753.0
2011-01-27,85.63999938964844,87.66000366210938,85.41999816894531,87.55000305175781,369379.0
2011-01-28,89.33999633789062,89.7300033569336,85.11000061035156,85.27999877929688,584789.0
2011-01-29,89.33999633789062,89.7300033569336,85.11000061035156,85.27999877929688,584789.0
2011-01-30,89.33999633789062,89.7300033569336,85.11000061035156,85.27999877929688,584789.0
2011-01-31,92.19000244140625,92.83999633789062,88.4000015258789,89.97000122070312,436801.0
2011-02-01,90.7699966430664,92.44999694824219,90.44000244140625,92.19999694824219,392882.0
2011-02-02,90.86000061035156,91.77999877929688,90.0999984741211,90.51000213623047,312107.0
2011-02-03,90.54000091552734,92.05000305175781,90.0,90.93000030517578,290494.0
2011-02-04,89.02999877929688,91.66999816894531,88.44999694824219,90.62999725341797,359925.0
2011-02-05,89.02999877929688,91.66999816894531,88.44999694824219,90.62999725341797,359925.0
2011-02-06,89.02999877929688,91.66999816894531,88.44999694824219,90.62999725341797,359925.0
2011-02-07,87.4800033569336,89.54000091552734,87.18000030517578,89.05999755859375,324984.0
2011-02-08,86.94000244140625,88.11000061035156,85.87999725341797,87.41000366210938,414877.0
2011-02-09,86.70999908447266,87.94999694824219,86.36000061035156,87.3499984741211,367209.0
2011-02-10,86.7300033569336,87.9000015258789,85.95999908447266,86.93000030517578,419188.0
2011-02-11,85.58000183105469,87.7699966430664,85.0999984741211,87.69999694824219,383391.0
2011-02-12,85.58000183105469,87.7699966430664,85.0999984741211,87.69999694824219,383391.0
2011-02-13,85.58000183105469,87.7699966430664,85.0999984741211,87.69999694824219,383391.0
2011-02-14,84.80999755859375,86.5199966430664,84.58000183105469,85.5,319329.0
2011-02-15,84.31999969482422,85.97000122070312,83.8499984741211,84.83999633789062,284165.0
2011-02-16,84.98999786376953,85.94999694824219,84.12000274658203,84.44000244140625,297660.0
2011-02-17,86.36000061035156,86.62999725341797,84.37999725341797,85.25,176128.0
2011-02-18,86.19999694824219,87.87999725341797,85.6500015258789,86.4000015258789,155296.0
2011-02-19,86.19999694824219,87.87999725341797,85.6500015258789,86.4000015258789,155296.0
2011-02-20,86.19999694824219,87.87999725341797,85.6500015258789,86.4000015258789,155296.0
2011-02-21,86.19999694824219,87.87999725341797,85.6500015258789,86.4000015258789,155296.0
2011-02-22,93.56999969482422,94.48999786376953,86.25,86.37999725341797,638193.0
2011-02-23,98.0999984741211,100.0,95.13999938964844,95.68000030517578,489667.0
2011-02-24,97.27999877929688,103.41000366210938,95.62000274658203,98.97000122070312,507456.0
2011-02-25,97.87999725341797,99.19999694824219,96.16999816894531,96.62999725341797,307903.0
2011-02-26,97.87999725341797,99.19999694824219,96.16999816894531,96.62999725341797,307903.0
2011-02-27,97.87999725341797,99.19999694824219,96.16999816894531,96.62999725341797,307903.0
2011-02-28,96.97000122070312,99.95999908447266,96.70999908447266,98.5,262001.0
2011-03-01,99.62999725341797,100.68000030517578,96.37000274658203,96.97000122070312,322429.0
2011-03-02,102.2300033569336,102.43000030517578,99.20999908447266,100.4800033569336,446378.0
2011-03-03,101.91000366210938,102.94000244140625,100.1500015258789,102.38999938964844,382555.0
2011-03-04,104.41999816894531,105.16999816894531,101.54000091552734,101.69999694824219,369148.0
2011-03-05,104.41999816894531,105.16999816894531,101.54000091552734,101.69999694824219,369148.0
2011-03-06,104.41999816894531,105.16999816894531,101.54000091552734,101.69999694824219,369148.0
2011-03-07,105.44000244140625,106.94999694824219,104.25,104.6500015258789,404435.0
2011-03-08,105.0199966430664,105.79000091552734,103.33000183105469,104.8499984741211,420036.0
2011-03-09,104.37999725341797,105.91999816894531,103.9000015258789,104.95999908447266,353948.0
2011-03-10,102.69999694824219,105.05999755859375,100.62000274658203,104.44999694824219,432988.0
2011-03-11,101.16000366210938,103.0,99.01000213623047,102.63999938964844,342531.0
2011-03-12,101.16000366210938,103.0,99.01000213623047,102.63999938964844,342531.0
2011-03-13,101.16000366210938,103.0,99.01000213623047,102.63999938964844,342531.0
2011-03-14,101.19000244140625,101.5999984741211,98.47000122070312,100.30999755859375,289434.0
2011-03-15,97.18000030517578,101.87000274658203,96.70999908447266,101.86000061035156,388736.0
2011-03-16,97.9800033569336,99.5999984741211,96.22000122070312,97.4000015258789,357944.0
2011-03-17,101.41999816894531,101.98999786376953,96.5999984741211,98.0999984741211,261573.0
2011-03-18,101.06999969482422,103.66000366210938,100.13999938964844,101.77999877929688,217675.0
2011-03-19,101.06999969482422,103.66000366210938,100.13999938964844,101.77999877929688,217675.0
2011-03-20,101.06999969482422,103.66000366210938,100.13999938964844,101.77999877929688,217675.0
2011-03-21,102.33000183105469,103.3499984741211,101.66000366210938,102.12000274658203,103960.0
2011-03-22,104.0,104.54000091552734,101.43000030517578,102.0999984741211,303365.0
2011-03-23,105.75,106.33999633789062,104.37999725341797,104.8499984741211,254571.0
2011-03-24,105.5999984741211,106.69000244140625,104.76000213623047,105.5199966430664,258015.0
2011-03-25,105.4000015258789,105.94999694824219,104.5,105.45999908447266,235658.0
2011-03-26,105.4000015258789,105.94999694824219,104.5,105.45999908447266,235658.0
2011-03-27,105.4000015258789,105.94999694824219,104.5,105.45999908447266,235658.0
2011-03-28,103.9800033569336,105.76000213623047,103.5999984741211,105.43000030517578,223079.0
2011-03-29,104.79000091552734,105.0,102.69999694824219,103.94000244140625,246824.0
2011-03-30,104.2699966430664,105.1500015258789,103.44000244140625,104.44999694824219,256895.0
2011-03-31,106.72000122070312,106.83000183105469,104.12000274658203,104.30999755859375,270630.0
2011-04-01,107.94000244140625,108.2300033569336,106.30000305175781,106.62000274658203,283710.0
2011-04-02,107.94000244140625,108.2300033569336,106.30000305175781,106.62000274658203,283710.0
2011-04-03,107.94000244140625,108.2300033569336,106.30000305175781,106.62000274658203,283710.0
2011-04-04,108.47000122070312,108.77999877929688,107.58000183105469,108.29000091552734,228494.0
2011-04-05,108.33999633789062,108.5999984741211,107.5,108.19999694824219,249358.0
2011-04-06,108.83000183105469,109.1500015258789,107.72000122070312,107.98999786376953,255598.0
2011-04-07,110.30000305175781,110.44000244140625,108.2300033569336,108.66999816894531,334906.0
2011-04-08,112.79000091552734,113.18000030517578,110.11000061035156,110.31999969482422,319475.0
2011-04-09,112.79000091552734,113.18000030517578,110.11000061035156,110.31999969482422,319475.0
2011-04-10,112.79000091552734,113.18000030517578,110.11000061035156,110.31999969482422,319475.0
2011-04-11,109.91999816894531,113.45999908447266,108.87999725341797,113.27999877929688,364348.0
2011-04-12,106.25,110.23999786376953,105.47000122070312,108.97000122070312,555625.0
2011-04-13,107.11000061035156,107.43000030517578,105.30999755859375,106.0199966430664,456863.0
2011-04-14,108.11000061035156,108.55000305175781,105.7699966430664,107.31999969482422,352072.0
2011-04-15,109.66000366210938,110.0999984741211,107.20999908447266,108.44999694824219,224394.0
2011-04-16,109.66000366210938,110.0999984741211,107.20999908447266,108.44999694824219,224394.0
2011-04-17,109.66000366210938,110.0999984741211,107.20999908447266,108.44999694824219,224394.0
2011-04-18,107.12000274658203,109.44000244140625,106.54000091552734,109.43000030517578,138178.0
2011-04-19,108.1500015258789,108.44999694824219,105.5,107.5199966430664,324778.0
2011-04-20,111.44999694824219,111.66000366210938,107.95999908447266,108.44999694824219,291546.0
2011-04-21,112.29000091552734,112.4800033569336,111.0,111.37000274658203,240462.0
2011-04-22,112.29000091552734,112.4800033569336,111.0,111.37000274658203,240462.0
2011-04-23,112.29000091552734,112.4800033569336,111.0,111.37000274658203,240462.0
2011-04-24,112.29000091552734,112.4800033569336,111.0,111.37000274658203,240462.0
2011-04-25,112.27999877929688,113.4800033569336,111.08000183105469,112.33999633789062,209683.0
2011-04-26,112.20999908447266,112.63999938964844,111.12000274658203,112.1500015258789,234441.0
2011-04-27,112.76000213623047,113.4000015258789,110.70999908447266,111.88999938964844,338697.0
2011-04-28,112.86000061035156,113.97000122070312,111.69000244140625,113.12999725341797,301604.0
2011-04-29,113.93000030517578,114.18000030517578,112.25,112.81999969482422,201831.0
2011-04-30,113.93000030517578,114.18000030517578,112.25,112.81999969482422,201831.0
2011-05-01,113.93000030517578,114.18000030517578,112.25,112.81999969482422,201831.0
2011-05-02,113.5199966430664,114.83000183105469,110.81999969482422,113.88999938964844,310994.0
2011-05-03,111.05000305175781,113.22000122070312,110.30000305175781,112.9800033569336,300333.0
2011-05-04,109.23999786376953,111.22000122070312,108.4800033569336,110.68000030517578,333018.0
2011-05-05,99.80000305175781,109.37999725341797,98.25,108.77999877929688,670082.0
2011-05-06,97.18000030517578,102.37999725341797,94.62999725341797,99.76000213623047,606528.0
2011-05-07,97.18000030517578,102.37999725341797,94.62999725341797,99.76000213623047,606528.0
2011-05-08,97.18000030517578,102.37999725341797,94.62999725341797,99.76000213623047,606528.0
2011-05-09,102.55000305175781,103.4000015258789,97.41999816894531,98.11000061035156,469290.0
2011-05-10,103.87999725341797,103.94999694824219,100.12000274658203,102.44000244140625,439607.0
2011-05-11,98.20999908447266,104.5999984741211,97.5,103.69000244140625,524761.0
2011-05-12,98.97000122070312,100.48999786376953,95.25,98.58999633789062,522503.0
2011-05-13,99.6500015258789,100.69999694824219,97.08999633789062,98.80999755859375,367717.0
2011-05-14,99.6500015258789,100.69999694824219,97.08999633789062,98.80999755859375,367717.0
2011-05-15,99.6500015258789,100.69999694824219,97.08999633789062,98.80999755859375,367717.0
2011-05-16,97.37000274658203,99.6500015258789,96.88999938964844,99.36000061035156,335318.0
2011-05-17,96.91000366210938,97.80999755859375,95.0199966430664,96.9800033569336,399128.0
2011-05-18,100.0999984741211,100.98999786376953,97.45999908447266,97.56999969482422,285299.0
2011-05-19,98.44000244140625,100.79000091552734,98.16000366210938,99.76000213623047,142668.0
2011-05-20,99.48999786376953,99.9000015258789,95.98999786376953,98.5999984741211,394911.0
2011-05-21,99.48999786376953,99.9000015258789,95.98999786376953,98.5999984741211,394911.0
2011-05-22,99.48999786376953,99.9000015258789,95.98999786376953,98.5999984741211,394911.0
2011-05-23,97.69999694824219,100.04000091552734,96.37000274658203,99.68000030517578,296828.0
2011-05-24,99.58999633789062,100.08999633789062,96.61000061035156,97.54000091552734,339530.0
2011-05-25,101.31999969482422,101.62999725341797,98.19999694824219,99.2699966430664,354880.0
2011-05-26,100.2300033569336,101.9000015258789,99.61000061035156,101.23999786376953,332135.0
2011-05-27,100.58999633789062,101.23999786376953,100.04000091552734,100.16000366210938,212254.0
2011-05-28,100.58999633789062,101.23999786376953,100.04000091552734,100.16000366210938,212254.0
2011-05-29,100.58999633789062,101.23999786376953,100.04000091552734,100.16000366210938,212254.0
2011-05-30,100.58999633789062,101.23999786376953,100.04000091552734,100.16000366210938,212254.0
2011-05-31,102.69999694824219,103.38999938964844,99.5999984741211,100.69000244140625,319037.0
2011-06-01,100.29000091552734,103.30999755859375,99.86000061035156,102.68000030517578,376476.0
2011-06-02,100.4000015258789,100.9000015258789,98.45999908447266,99.79000091552734,389637.0
2011-06-03,100.22000122070312,100.87000274658203,98.12000274658203,100.87000274658203,351309.0
2011-06-04,100.22000122070312,100.87000274658203,98.12000274658203,100.87000274658203,351309.0
2011-06-05,100.22000122070312,100.87000274658203,98.12000274658203,100.87000274658203,351309.0
2011-06-06,99.01000213623047,100.68000030517578,98.55000305175781,100.41999816894531,289670.0
2011-06-07,99.08999633789062,99.69999694824219,97.73999786376953,98.81999969482422,415373.0
2011-06-08,100.73999786376953,101.88999938964844,98.0199966430664,99.58000183105469,484275.0
2011-06-09,101.93000030517578,102.44000244140625,100.73999786376953,100.83000183105469,345542.0
2011-06-10,99.29000091552734,102.1500015258789,98.5999984741211,101.83999633789062,379238.0
2011-06-11,99.29000091552734,102.1500015258789,98.5999984741211,101.83999633789062,379238.0
2011-06-12,99.29000091552734,102.1500015258789,98.5999984741211,101.83999633789062,379238.0
2011-06-13,97.30000305175781,99.31999969482422,96.12999725341797,98.7699966430664,381993.0
2011-06-14,99.37000274658203,99.44000244140625,96.51000213623047,97.08999633789062,347721.0
2011-06-15,94.80999755859375,99.94999694824219,94.01000213623047,99.68000030517578,508717.0
2011-06-16,94.94999694824219,95.75,94.29000091552734,95.29000091552734,336011.0
2011-06-17,93.01000213623047,95.4000015258789,91.83999633789062,95.0999984741211,245013.0
2011-06-18,93.01000213623047,95.4000015258789,91.83999633789062,95.0999984741211,245013.0
2011-06-19,93.01000213623047,95.4000015258789,91.83999633789062,95.0999984741211,245013.0
2011-06-20,93.26000213623047,93.48999786376953,91.13999938964844,92.80000305175781,136837.0
2011-06-21,93.4000015258789,94.73999786376953,92.5,93.48999786376953,323911.0
2011-06-22,95.41000366210938,95.69999694824219,93.23999786376953,93.76000213623047,296275.0
2011-06-23,91.0199966430664,94.47000122070312,89.69000244140625,94.4000015258789,484057.0
2011-06-24,91.16000366210938,92.33999633789062,89.81999969482422,92.29000091552734,337767.0
2011-06-25,91.16000366210938,92.33999633789062,89.81999969482422,92.29000091552734,337767.0
2011-06-26,91.16000366210938,92.33999633789062,89.81999969482422,92.29000091552734,337767.0
2011-06-27,90.61000061035156,91.30000305175781,89.61000061035156,91.16000366210938,278681.0
2011-06-28,92.88999938964844,92.95999908447266,90.44000244140625,90.70999908447266,279024.0
2011-06-29,94.7699966430664,95.83999633789062,92.66000366210938,93.37000274658203,348790.0
2011-06-30,95.41999816894531,95.81999969482422,93.87999725341797,95.08000183105469,276580.0
2011-07-01,94.94000244140625,95.38999938964844,93.44999694824219,95.12000274658203,263626.0
2011-07-02,94.94000244140625,95.38999938964844,93.44999694824219,95.12000274658203,263626.0
2011-07-03,94.94000244140625,95.38999938964844,93.44999694824219,95.12000274658203,263626.0
2011-07-04,94.94000244140625,95.38999938964844,93.44999694824219,95.12000274658203,263626.0
2011-07-05,96.88999938964844,97.4800033569336,94.33999633789062,94.9800033569336,275650.0
2011-07-06,96.6500015258789,97.79000091552734,95.9000015258789,97.0,288321.0
2011-07-07,98.66999816894531,99.41999816894531,96.98999786376953,97.04000091552734,339270.0
2011-07-08,96.19999694824219,99.18000030517578,95.5999984741211,98.79000091552734,347999.0
2011-07-09,96.19999694824219,99.18000030517578,95.5999984741211,98.79000091552734,347999.0
2011-07-10,96.19999694824219,99.18000030517578,95.5999984741211,98.79000091552734,347999.0
2011-07-11,95.1500015258789,96.75,94.13999938964844,96.0999984741211,311449.0
2011-07-12,97.43000030517578,97.5,93.55000305175781,95.08999633789062,343493.0
2011-07-13,98.05000305175781,99.20999908447266,96.52999877929688,96.72000122070312,355098.0
2011-07-14,95.69000244140625,98.87999725341797,94.52999877929688,97.58999633789062,403419.0
2011-07-15,97.23999786376953,97.73999786376953,95.20999908447266,96.02999877929688,266461.0
2011-07-16,97.23999786376953,97.73999786376953,95.20999908447266,96.02999877929688,266461.0
2011-07-17,97.23999786376953,97.73999786376953,95.20999908447266,96.02999877929688,266461.0
2011-07-18,95.93000030517578,97.69000244140625,94.69000244140625,97.37000274658203,203973.0
2011-07-19,97.5,98.6500015258789,95.93000030517578,96.16000366210938,138045.0
2011-07-20,98.13999938964844,99.0199966430664,96.63999938964844,98.11000061035156,295669.0
2011-07-21,99.12999725341797,100.16000366210938,97.19999694824219,98.36000061035156,293973.0
2011-07-22,99.87000274658203,100.19000244140625,98.43000030517578,99.19999694824219,223266.0
2011-07-23,99.87000274658203,100.19000244140625,98.43000030517578,99.19999694824219,223266.0
2011-07-24,99.87000274658203,100.19000244140625,98.43000030517578,99.19999694824219,223266.0
2011-07-25,99.19999694824219,99.87000274658203,98.5199966430664,99.76000213623047,205209.0
2011-07-26,99.58999633789062,100.62000274658203,97.76000213623047,99.1500015258789,332692.0
2011-07-27,97.4000015258789,99.5,97.13999938964844,99.18000030517578,304524.0
2011-07-28,97.44000244140625,98.01000213623047,96.51000213623047,97.2699966430664,236246.0
2011-07-29,95.69999694824219,97.38999938964844,94.94999694824219,97.16000366210938,284385.0
2011-07-30,95.69999694824219,97.38999938964844,94.94999694824219,97.16000366210938,284385.0
2011-07-31,95.69999694824219,97.38999938964844,94.94999694824219,97.16000366210938,284385.0
2011-08-01,94.88999938964844,98.5999984741211,93.41999816894531,96.19999694824219,398857.0
2011-08-02,93.79000091552734,95.68000030517578,93.08000183105469,95.0199966430664,328175.0
2011-08-03,91.93000030517578,93.75,91.22000122070312,93.1500015258789,350221.0
2011-08-04,86.62999725341797,92.58999633789062,86.04000091552734,91.94000244140625,535941.0
2011-08-05,86.87999725341797,88.31999969482422,82.87000274658203,86.5,512488.0
2011-08-06,86.87999725341797,88.31999969482422,82.87000274658203,86.5,512488.0
2011-08-07,86.87999725341797,88.31999969482422,82.87000274658203,86.5,512488.0
2011-08-08,81.30999755859375,85.7300033569336,80.16999816894531,85.70999908447266,521066.0
2011-08-09,79.30000305175781,83.05000305175781,75.70999908447266,81.0999984741211,605796.0
2011-08-10,82.88999938964844,83.13999938964844,79.52999877929688,81.9000015258789,520144.0
2011-08-11,85.72000122070312,85.97000122070312,81.02999877929688,81.94999694824219,502092.0
2011-08-12,85.37999725341797,87.37000274658203,84.0199966430664,85.55000305175781,350091.0
2011-08-13,85.37999725341797,87.37000274658203,84.0199966430664,85.55000305175781,350091.0
2011-08-14,85.37999725341797,87.37000274658203,84.0199966430664,85.55000305175781,350091.0
2011-08-15,87.87999725341797,88.05000305175781,84.4000015258789,85.58999633789062,292796.0
2011-08-16,86.6500015258789,87.93000030517578,85.62000274658203,87.68000030517578,375339.0
2011-08-17,87.58000183105469,89.0,86.6500015258789,87.0999984741211,344487.0
2011-08-18,82.37999725341797,87.52999877929688,81.1500015258789,87.41000366210938,331275.0
2011-08-19,82.26000213623047,83.55000305175781,79.16999816894531,81.30000305175781,148811.0
2011-08-20,82.26000213623047,83.55000305175781,79.16999816894531,81.30000305175781,148811.0
2011-08-21,82.26000213623047,83.55000305175781,79.16999816894531,81.30000305175781,148811.0
2011-08-22,84.12000274658203,84.66999816894531,81.12999725341797,82.41999816894531,374045.0
2011-08-23,85.44000244140625,86.38999938964844,83.4000015258789,84.44999694824219,353947.0
2011-08-24,85.16000366210938,86.58999633789062,84.55000305175781,85.66999816894531,294928.0
2011-08-25,85.30000305175781,86.55999755859375,83.01000213623047,85.16999816894531,357816.0
2011-08-26,85.37000274658203,85.63999938964844,82.94999694824219,85.08999633789062,283261.0
2011-08-27,85.37000274658203,85.63999938964844,82.94999694824219,85.08999633789062,283261.0
2011-08-28,85.37000274658203,85.63999938964844,82.94999694824219,85.08999633789062,283261.0
2011-08-29,87.2699966430664,87.62000274658203,85.11000061035156,85.33000183105469,208605.0
2011-08-30,88.9000015258789,89.20999908447266,86.45999908447266,87.51000213623047,315383.0
2011-08-31,88.80999755859375,89.54000091552734,87.66999816894531,88.79000091552734,317696.0
2011-09-01,88.93000030517578,89.9000015258789,88.20999908447266,88.7300033569336,282342.0
2011-09-02,86.44999694824219,88.98999786376953,85.41999816894531,88.77999877929688,307284.0
2011-09-03,86.44999694824219,88.98999786376953,85.41999816894531,88.77999877929688,307284.0
2011-09-04,86.44999694824219,88.98999786376953,85.41999816894531,88.77999877929688,307284.0
2011-09-05,86.44999694824219,88.98999786376953,85.41999816894531,88.77999877929688,307284.0
2011-09-06,86.0199966430664,86.5999984741211,83.19999694824219,86.45999908447266,316166.0
2011-09-07,89.33999633789062,90.4800033569336,86.1500015258789,86.5,313728.0
2011-09-08,89.05000305175781,90.2300033569336,88.58999633789062,90.11000061035156,336725.0
2011-09-09,87.23999786376953,89.5,85.63999938964844,88.7699966430664,349238.0
2011-09-10,87.23999786376953,89.5,85.63999938964844,88.7699966430664,349238.0
2011-09-11,87.23999786376953,89.5,85.63999938964844,88.7699966430664,349238.0
2011-09-12,88.19000244140625,88.94999694824219,85.0,86.69999694824219,355070.0
2011-09-13,90.20999908447266,90.5199966430664,87.80999755859375,88.94999694824219,364262.0
2011-09-14,88.91000366210938,90.25,88.20999908447266,89.87999725341797,330978.0
2011-09-15,89.4000015258789,90.1500015258789,88.01000213623047,88.5999984741211,296285.0
2011-09-16,87.95999908447266,89.77999877929688,87.0,89.11000061035156,210962.0
2011-09-17,87.95999908447266,89.77999877929688,87.0,89.11000061035156,210962.0
2011-09-18,87.95999908447266,89.77999877929688,87.0,89.11000061035156,210962.0
2011-09-19,85.69999694824219,87.75,84.79000091552734,87.75,132221.0
2011-09-20,86.88999938964844,87.45999908447266,85.11000061035156,85.83999633789062,264593.0
2011-09-21,85.91999816894531,87.98999786376953,84.91999816894531,86.51000213623047,298905.0
2011-09-22,80.51000213623047,85.0,79.66000366210938,84.80999755859375,459998.0
2011-09-23,79.8499984741211,81.80999755859375,77.55000305175781,80.4000015258789,427569.0
2011-09-24,79.8499984741211,81.80999755859375,77.55000305175781,80.4000015258789,427569.0
2011-09-25,79.8499984741211,81.80999755859375,77.55000305175781,80.4000015258789,427569.0
2011-09-26,80.23999786376953,81.36000061035156,77.11000061035156,79.63999938964844,325671.0
2011-09-27,84.44999694824219,84.7699966430664,80.91999816894531,81.4800033569336,313568.0
2011-09-28,81.20999908447266,84.62000274658203,80.54000091552734,83.76000213623047,282850.0
2011-09-29,82.13999938964844,83.9800033569336,79.63999938964844,80.66999816894531,351345.0
2011-09-30,79.19999694824219,83.2300033569336,78.5999984741211,83.06999969482422,367957.0
2011-10-01,79.19999694824219,83.2300033569336,78.5999984741211,83.06999969482422,367957.0
2011-10-02,79.19999694824219,83.2300033569336,78.5999984741211,83.06999969482422,367957.0
2011-10-03,77.61000061035156,79.63999938964844,76.6500015258789,78.91999816894531,392782.0
2011-10-04,75.66999816894531,77.98999786376953,74.94999694824219,76.4000015258789,428113.0
2011-10-05,79.68000030517578,79.81999969482422,76.94000244140625,78.25,336067.0
2011-10-06,82.58999633789062,82.9000015258789,79.08000183105469,79.70999908447266,386089.0
2011-10-07,82.9800033569336,84.0,81.36000061035156,82.56999969482422,377540.0
2011-10-08,82.9800033569336,84.0,81.36000061035156,82.56999969482422,377540.0
2011-10-09,82.9800033569336,84.0,81.36000061035156,82.56999969482422,377540.0
2011-10-10,85.41000366210938,86.08999633789062,82.75,82.75,264825.0
2011-10-11,85.80999755859375,86.63999938964844,83.97000122070312,85.69999694824219,362324.0
2011-10-12,85.56999969482422,86.58999633789062,84.5199966430664,85.19999694824219,294230.0
2011-10-13,84.2300033569336,85.38999938964844,83.16999816894531,84.93000030517578,360268.0
2011-10-14,86.80000305175781,87.4000015258789,83.7699966430664,84.47000122070312,274846.0
2011-10-15,86.80000305175781,87.4000015258789,83.7699966430664,84.47000122070312,274846.0
2011-10-16,86.80000305175781,87.4000015258789,83.7699966430664,84.47000122070312,274846.0
2011-10-17,86.37999725341797,88.18000030517578,85.87999725341797,87.4800033569336,227298.0
2011-10-18,88.33999633789062,89.02999877929688,85.55000305175781,86.19999694824219,203765.0
2011-10-19,86.11000061035156,89.51000213623047,85.87000274658203,88.26000213623047,112020.0
2011-10-20,85.30000305175781,86.94000244140625,84.0999984741211,86.0999984741211,389241.0
2011-10-21,87.4000015258789,88.88999938964844,85.94999694824219,86.5,296555.0
2011-10-22,87.4000015258789,88.88999938964844,85.94999694824219,86.5,296555.0
2011-10-23,87.4000015258789,88.88999938964844,85.94999694824219,86.5,296555.0
2011-10-24,91.2699966430664,91.87999725341797,87.0,87.05000305175781,484139.0
2011-10-25,93.16999816894531,94.6500015258789,91.0999984741211,91.69000244140625,489373.0
2011-10-26,90.19999694824219,93.91999816894531,90.0,92.58999633789062,411445.0
2011-10-27,93.95999908447266,94.25,90.73999786376953,90.9800033569336,327446.0
2011-10-28,93.31999969482422,93.93000030517578,92.01000213623047,93.93000030517578,276760.0
2011-10-29,93.31999969482422,93.93000030517578,92.01000213623047,93.93000030517578,276760.0
2011-10-30,93.31999969482422,93.93000030517578,92.01000213623047,93.93000030517578,276760.0
2011-10-31,93.19000244140625,93.80000305175781,91.36000061035156,93.52999877929688,228561.0
2011-11-01,92.19000244140625,92.87999725341797,89.16999816894531,92.58000183105469,351343.0
2011-11-02,92.51000213623047,93.79000091552734,90.97000122070312,91.5999984741211,265626.0
2011-11-03,94.06999969482422,94.61000061035156,90.87000274658203,92.98999786376953,299987.0
2011-11-04,94.26000213623047,94.93000030517578,92.87000274658203,94.23999786376953,295457.0
2011-11-05,94.26000213623047,94.93000030517578,92.87000274658203,94.23999786376953,295457.0
2011-11-06,94.26000213623047,94.93000030517578,92.87000274658203,94.23999786376953,295457.0
2011-11-07,95.5199966430664,96.11000061035156,93.2300033569336,94.26000213623047,321186.0
2011-11-08,96.80000305175781,97.08000183105469,95.2300033569336,95.87000274658203,313566.0
2011-11-09,95.73999786376953,97.83999633789062,94.54000091552734,96.80999755859375,445712.0
2011-11-10,97.77999877929688,98.3499984741211,95.19999694824219,95.75,347730.0
2011-11-11,98.98999786376953,99.19999694824219,97.3499984741211,97.51000213623047,282786.0
2011-11-12,98.98999786376953,99.19999694824219,97.3499984741211,97.51000213623047,282786.0
2011-11-13,98.98999786376953,99.19999694824219,97.3499984741211,97.51000213623047,282786.0
2011-11-14,98.13999938964844,99.69000244140625,97.19000244140625,99.30000305175781,351523.0
2011-11-15,99.37000274658203,99.83999633789062,97.51000213623047,98.04000091552734,353319.0
2011-11-16,102.58999633789062,102.88999938964844,98.38999938964844,99.31999969482422,379612.0
2011-11-17,98.81999969482422,103.37000274658203,98.27999877929688,101.76000213623047,194039.0
2011-11-18,97.41000366210938,100.1500015258789,96.63999938964844,98.61000061035156,341638.0
2011-11-19,97.41000366210938,100.1500015258789,96.63999938964844,98.61000061035156,341638.0
2011-11-20,97.41000366210938,100.1500015258789,96.63999938964844,98.61000061035156,341638.0
2011-11-21,96.91999816894531,97.86000061035156,95.23999786376953,97.54000091552734,279104.0
2011-11-22,98.01000213623047,98.69999694824219,96.55000305175781,97.19999694824219,319245.0
2011-11-23,96.16999816894531,97.87000274658203,95.3499984741211,97.79000091552734,283449.0
2011-11-24,96.16999816894531,97.87000274658203,95.3499984741211,97.79000091552734,283449.0
2011-11-25,96.7699966430664,97.55000305175781,94.98999786376953,95.79000091552734,185841.0
2011-11-26,96.7699966430664,97.55000305175781,94.98999786376953,95.79000091552734,185841.0
2011-11-27,96.7699966430664,97.55000305175781,94.98999786376953,95.79000091552734,185841.0
2011-11-28,98.20999908447266,100.73999786376953,97.12999725341797,97.5,311735.0
2011-11-29,99.79000091552734,100.1500015258789,97.2300033569336,97.75,320858.0
2011-11-30,100.36000061035156,101.75,98.91999816894531,99.4800033569336,302863.0
2011-12-01,100.19999694824219,101.16999816894531,98.87000274658203,100.51000213623047,275858.0
2011-12-02,100.95999908447266,101.55999755859375,99.76000213623047,100.0,245915.0
2011-12-03,100.95999908447266,101.55999755859375,99.76000213623047,100.0,245915.0
2011-12-04,100.95999908447266,101.55999755859375,99.76000213623047,100.0,245915.0
2011-12-05,100.98999786376953,102.44000244140625,100.23999786376953,101.2300033569336,239380.0
2011-12-06,101.27999877929688,101.41999816894531,100.19999694824219,100.44999694824219,217029.0
2011-12-07,100.48999786376953,101.94000244140625,99.66999816894531,101.11000061035156,330533.0
2011-12-08,98.33999633789062,101.7300033569336,97.70999908447266,100.83999633789062,340677.0
2011-12-09,99.41000366210938,99.91000366210938,97.36000061035156,98.08000183105469,318767.0
2011-12-10,99.41000366210938,99.91000366210938,97.36000061035156,98.08000183105469,318767.0
2011-12-11,99.41000366210938,99.91000366210938,97.36000061035156,98.08000183105469,318767.0
2011-12-12,97.7699966430664,99.68000030517578,97.54000091552734,99.58000183105469,279146.0
2011-12-13,100.13999938964844,101.25,97.63999938964844,97.8499984741211,380754.0
2011-12-14,94.94999694824219,100.33000183105469,94.20999908447266,100.33000183105469,377475.0
2011-12-15,93.87000274658203,95.98999786376953,93.30999755859375,94.88999938964844,273761.0
2011-12-16,93.52999877929688,94.79000091552734,92.5199966430664,93.41999816894531,205893.0
2011-12-17,93.52999877929688,94.79000091552734,92.5199966430664,93.41999816894531,205893.0
2011-12-18,93.52999877929688,94.79000091552734,92.5199966430664,93.41999816894531,205893.0
2011-12-19,93.87999725341797,94.41999816894531,92.54000091552734,93.76000213623047,114563.0
2011-12-20,97.22000122070312,97.44999694824219,94.13999938964844,94.13999938964844,242305.0
2011-12-21,98.66999816894531,99.25,96.80000305175781,97.52999877929688,219505.0
2011-12-22,99.52999877929688,100.05000305175781,98.51000213623047,99.02999877929688,151560.0
2011-12-23,99.68000030517578,100.2300033569336,99.23999786376953,99.4800033569336,95270.0
2011-12-24,99.68000030517578,100.2300033569336,99.23999786376953,99.4800033569336,95270.0
2011-12-25,99.68000030517578,100.2300033569336,99.23999786376953,99.4800033569336,95270.0
2011-12-26,99.68000030517578,100.2300033569336,99.23999786376953,99.4800033569336,95270.0
2011-12-27,101.33999633789062,101.7699966430664,99.37000274658203,99.91999816894531,124238.0
2011-12-28,99.36000061035156,101.70999908447266,99.11000061035156,101.25,164655.0
2011-12-29,99.6500015258789,99.91999816894531,98.30000305175781,99.58999633789062,153915.0
2011-12-30,98.83000183105469,100.16000366210938,98.61000061035156,99.77999877929688,154064.0
2011-12-31,98.83000183105469,100.16000366210938,98.61000061035156,99.77999877929688,154064.0
2012-01-01,98.83000183105469,100.16000366210938,98.61000061035156,99.77999877929688,154064.0
2012-01-02,98.83000183105469,100.16000366210938,98.61000061035156,99.77999877929688,154064.0
2012-01-03,102.95999908447266,103.18000030517578,99.6500015258789,99.69999694824219,275481.0
2012-01-04,103.22000122070312,103.73999786376953,101.87999725341797,102.98999786376953,271711.0
2012-01-05,101.80999755859375,103.7300033569336,101.30000305175781,103.29000091552734,295615.0
2012-01-06,101.55999755859375,102.80000305175781,100.87999725341797,101.3499984741211,290458.0
2012-01-07,101.55999755859375,102.80000305175781,100.87999725341797,101.3499984741211,290458.0
2012-01-08,101.55999755859375,102.80000305175781,100.87999725341797,101.3499984741211,290458.0
2012-01-09,101.30999755859375,102.1500015258789,100.0999984741211,101.91999816894531,311866.0
2012-01-10,102.23999786376953,103.41000366210938,101.30000305175781,101.30000305175781,291273.0
2012-01-11,100.87000274658203,102.45999908447266,100.55000305175781,102.19999694824219,311641.0
2012-01-12,99.0999984741211,102.9800033569336,98.5,101.0,370509.0
2012-01-13,98.69999694824219,100.19000244140625,97.69999694824219,99.19999694824219,335624.0
2012-01-14,98.69999694824219,100.19000244140625,97.69999694824219,99.19999694824219,335624.0
2012-01-15,98.69999694824219,100.19000244140625,97.69999694824219,99.19999694824219,335624.0
2012-01-16,98.69999694824219,100.19000244140625,97.69999694824219,99.19999694824219,335624.0
2012-01-17,100.70999908447266,101.01000213623047,98.5999984741211,98.94999694824219,341887.0
2012-01-18,100.58999633789062,102.05999755859375,99.83999633789062,100.91000366210938,269387.0
2012-01-19,100.38999938964844,102.05999755859375,99.9800033569336,101.13999938964844,120170.0
2012-01-20,98.45999908447266,100.73999786376953,97.91000366210938,100.38999938964844,304986.0
2012-01-21,98.45999908447266,100.73999786376953,97.91000366210938,100.38999938964844,304986.0
2012-01-22,98.45999908447266,100.73999786376953,97.91000366210938,100.38999938964844,304986.0
2012-01-23,99.58000183105469,100.23999786376953,97.4000015258789,98.33999633789062,238960.0
2012-01-24,98.94999694824219,100.18000030517578,98.25,99.87999725341797,242477.0
2012-01-25,99.4000015258789,100.4000015258789,97.52999877929688,99.19999694824219,322794.0
2012-01-26,99.69999694824219,101.38999938964844,99.2300033569336,99.95999908447266,260744.0
2012-01-27,99.55999755859375,100.62999725341797,99.12999725341797,99.93000030517578,253456.0
2012-01-28,99.55999755859375,100.62999725341797,99.12999725341797,99.93000030517578,253456.0
2012-01-29,99.55999755859375,100.62999725341797,99.12999725341797,99.93000030517578,253456.0
2012-01-30,98.77999877929688,100.05000305175781,98.43000030517578,100.0,215829.0
2012-01-31,98.4800033569336,101.29000091552734,97.86000061035156,98.87999725341797,373891.0
2012-02-01,97.61000061035156,99.48999786376953,97.11000061035156,98.37999725341797,293554.0
2012-02-02,96.36000061035156,97.98999786376953,95.44000244140625,97.11000061035156,331240.0
2012-02-03,97.83999633789062,98.02999877929688,96.01000213623047,96.61000061035156,318638.0
2012-02-04,97.83999633789062,98.02999877929688,96.01000213623047,96.61000061035156,318638.0
2012-02-05,97.83999633789062,98.02999877929688,96.01000213623047,96.61000061035156,318638.0
2012-02-06,96.91000366210938,97.75,96.37999725341797,97.73999786376953,257715.0
2012-02-07,98.41000366210938,99.12999725341797,95.83999633789062,97.12999725341797,415728.0
2012-02-08,98.70999908447266,100.08999633789062,98.0999984741211,98.7699966430664,364737.0
2012-02-09,99.83999633789062,100.18000030517578,98.66000366210938,99.0999984741211,295425.0
2012-02-10,98.66999816894531,99.88999938964844,97.31999969482422,99.88999938964844,307564.0
2012-02-11,98.66999816894531,99.88999938964844,97.31999969482422,99.88999938964844,307564.0
2012-02-12,98.66999816894531,99.88999938964844,97.31999969482422,99.88999938964844,307564.0
2012-02-13,100.91000366210938,101.0,99.08999633789062,99.33000183105469,268062.0
2012-02-14,100.73999786376953,101.83999633789062,100.27999877929688,100.7300033569336,314286.0
2012-02-15,101.80000305175781,102.54000091552734,100.61000061035156,100.9000015258789,278272.0
2012-02-16,102.30999755859375,102.69000244140625,100.83999633789062,101.9000015258789,197307.0
2012-02-17,103.23999786376953,104.13999938964844,102.25,102.3499984741211,134499.0
2012-02-18,103.23999786376953,104.13999938964844,102.25,102.3499984741211,134499.0
2012-02-19,103.23999786376953,104.13999938964844,102.25,102.3499984741211,134499.0
2012-02-20,103.23999786376953,104.13999938964844,102.25,102.3499984741211,134499.0
2012-02-21,105.83999633789062,106.06999969482422,104.26000213623047,104.6500015258789,316239.0
2012-02-22,106.27999877929688,106.72000122070312,105.61000061035156,106.01000213623047,241329.0
2012-02-23,107.83000183105469,108.73999786376953,105.44999694824219,105.94999694824219,325662.0
2012-02-24,109.7699966430664,109.94999694824219,107.94999694824219,108.66000366210938,267713.0
2012-02-25,109.7699966430664,109.94999694824219,107.94999694824219,108.66000366210938,267713.0
2012-02-26,109.7699966430664,109.94999694824219,107.94999694824219,108.66000366210938,267713.0
2012-02-27,108.55999755859375,109.7699966430664,107.2699966430664,109.66999816894531,277597.0
2012-02-28,106.55000305175781,108.79000091552734,106.30000305175781,107.94999694824219,278723.0
2012-02-29,107.06999969482422,107.43000030517578,104.83999633789062,106.45999908447266,353125.0
2012-03-01,108.83999633789062,110.55000305175781,106.55000305175781,106.81999969482422,389838.0
2012-03-02,106.69999694824219,109.02999877929688,105.80000305175781,108.75,299664.0
2012-03-03,106.69999694824219,109.02999877929688,105.80000305175781,108.75,299664.0
2012-03-04,106.69999694824219,109.02999877929688,105.80000305175781,108.75,299664.0
2012-03-05,106.72000122070312,107.41999816894531,105.5,106.75,237450.0
2012-03-06,104.69999694824219,107.33999633789062,104.51000213623047,107.11000061035156,332561.0
2012-03-07,106.16000366210938,106.55000305175781,104.3499984741211,104.93000030517578,333242.0
2012-03-08,106.58000183105469,107.19999694824219,105.83999633789062,106.23999786376953,279597.0
2012-03-09,107.4000015258789,108.19999694824219,106.12999725341797,106.91000366210938,292694.0
2012-03-10,107.4000015258789,108.19999694824219,106.12999725341797,106.91000366210938,292694.0
2012-03-11,107.4000015258789,108.19999694824219,106.12999725341797,106.91000366210938,292694.0
2012-03-12,106.33999633789062,107.55999755859375,105.37999725341797,107.5,234727.0
2012-03-13,106.70999908447266,107.3499984741211,105.66999816894531,106.55000305175781,282350.0
2012-03-14,105.43000030517578,107.0199966430664,105.12000274658203,106.69000244140625,283510.0
2012-03-15,105.11000061035156,106.18000030517578,103.77999877929688,105.5,371039.0
2012-03-16,107.05999755859375,107.33999633789062,105.12999725341797,105.44000244140625,192992.0
2012-03-17,107.05999755859375,107.33999633789062,105.12999725341797,105.44000244140625,192992.0
2012-03-18,107.05999755859375,107.33999633789062,105.12999725341797,105.44000244140625,192992.0
2012-03-19,108.08999633789062,108.23999786376953,106.55000305175781,107.18000030517578,110353.0
2012-03-20,105.61000061035156,107.91000366210938,105.3499984741211,107.81999969482422,329535.0
2012-03-21,107.2699966430664,107.63999938964844,106.05999755859375,106.33000183105469,252603.0
2012-03-22,105.3499984741211,107.12000274658203,104.5,106.80999755859375,295474.0
2012-03-23,106.87000274658203,108.25,105.16000366210938,105.5199966430664,260269.0
2012-03-24,106.87000274658203,108.25,105.16000366210938,105.5199966430664,260269.0
2012-03-25,106.87000274658203,108.25,105.16000366210938,105.5199966430664,260269.0
2012-03-26,107.02999877929688,107.31999969482422,106.19000244140625,106.79000091552734,162276.0
2012-03-27,107.33000183105469,107.7300033569336,106.5199966430664,107.08999633789062,209036.0
2012-03-28,105.41000366210938,106.94000244140625,104.66999816894531,106.80999755859375,309064.0
2012-03-29,102.77999877929688,105.69999694824219,102.12999725341797,105.58000183105469,319988.0
2012-03-30,103.0199966430664,104.1500015258789,102.77999877929688,103.29000091552734,244155.0
2012-03-31,103.0199966430664,104.1500015258789,102.77999877929688,103.29000091552734,244155.0
2012-04-01,103.0199966430664,104.1500015258789,102.77999877929688,103.29000091552734,244155.0
2012-04-02,105.2300033569336,105.48999786376953,102.05999755859375,103.2699966430664,278097.0
2012-04-03,104.01000213623047,105.18000030517578,103.58999633789062,105.04000091552734,245541.0
2012-04-04,101.47000122070312,104.12000274658203,101.08000183105469,104.08999633789062,300729.0
2012-04-05,103.30999755859375,103.4000015258789,101.37000274658203,101.95999908447266,242903.0
2012-04-06,103.30999755859375,103.4000015258789,101.37000274658203,101.95999908447266,242903.0
2012-04-07,103.30999755859375,103.4000015258789,101.37000274658203,101.95999908447266,242903.0
2012-04-08,103.30999755859375,103.4000015258789,101.37000274658203,101.95999908447266,242903.0
2012-04-09,102.45999908447266,102.5999984741211,100.80999755859375,102.52999877929688,205924.0
2012-04-10,101.0199966430664,102.95999908447266,100.68000030517578,102.33000183105469,312927.0
2012-04-11,102.69999694824219,103.12999725341797,100.83999633789062,100.94000244140625,283008.0
2012-04-12,103.63999938964844,104.23999786376953,102.38999938964844,102.55000305175781,271285.0
2012-04-13,102.83000183105469,103.9000015258789,102.61000061035156,103.66000366210938,227259.0
2012-04-14,102.83000183105469,103.9000015258789,102.61000061035156,103.66000366210938,227259.0
2012-04-15,102.83000183105469,103.9000015258789,102.61000061035156,103.66000366210938,227259.0
2012-04-16,102.93000030517578,103.37000274658203,101.80000305175781,102.80000305175781,284959.0
2012-04-17,104.19999694824219,105.06999969482422,102.66000366210938,103.1500015258789,244523.0
2012-04-18,102.66999816894531,104.51000213623047,102.19000244140625,104.22000122070312,195812.0
2012-04-19,102.2699966430664,103.20999908447266,101.66999816894531,102.7300033569336,91398.0
2012-04-20,103.05000305175781,104.2699966430664,102.44999694824219,102.56999969482422,225790.0
2012-04-21,103.05000305175781,104.2699966430664,102.44999694824219,102.56999969482422,225790.0
2012-04-22,103.05000305175781,104.2699966430664,102.44999694824219,102.56999969482422,225790.0
2012-04-23,103.11000061035156,103.9000015258789,101.81999969482422,103.81999969482422,213202.0
2012-04-24,103.55000305175781,104.0999984741211,102.79000091552734,103.11000061035156,196136.0
2012-04-25,104.12000274658203,104.56999969482422,103.11000061035156,103.76000213623047,276652.0
2012-04-26,104.55000305175781,104.91999816894531,103.83999633789062,103.95999908447266,192832.0
2012-04-27,104.93000030517578,105.0,103.73999786376953,104.0999984741211,182104.0
2012-04-28,104.93000030517578,105.0,103.73999786376953,104.0999984741211,182104.0
2012-04-29,104.93000030517578,105.0,103.73999786376953,104.0999984741211,182104.0
2012-04-30,104.87000274658203,105.16000366210938,103.87999725341797,104.93000030517578,211453.0
2012-05-01,106.16000366210938,106.43000030517578,104.38999938964844,104.88999938964844,245921.0
2012-05-02,105.22000122070312,106.05000305175781,104.91000366210938,105.9800033569336,256649.0
2012-05-03,102.54000091552734,105.41999816894531,102.36000061035156,105.38999938964844,316883.0
2012-05-04,98.48999786376953,102.72000122070312,97.51000213623047,102.58999633789062,443060.0
2012-05-05,98.48999786376953,102.72000122070312,97.51000213623047,102.58999633789062,443060.0
2012-05-06,98.48999786376953,102.72000122070312,97.51000213623047,102.58999633789062,443060.0
2012-05-07,97.94000244140625,98.23999786376953,95.33999633789062,98.05000305175781,300474.0
2012-05-08,97.01000213623047,98.12000274658203,95.5199966430664,97.95999908447266,333767.0
2012-05-09,96.80999755859375,97.38999938964844,95.16999816894531,97.37999725341797,332865.0
2012-05-10,97.08000183105469,97.69000244140625,96.08000183105469,96.44999694824219,282314.0
2012-05-11,96.12999725341797,97.19999694824219,95.55999755859375,96.52999877929688,260539.0
2012-05-12,96.12999725341797,97.19999694824219,95.55999755859375,96.52999877929688,260539.0
2012-05-13,96.12999725341797,97.19999694824219,95.55999755859375,96.52999877929688,260539.0
2012-05-14,94.77999877929688,95.83000183105469,93.6500015258789,95.79000091552734,251994.0
2012-05-15,93.9800033569336,95.4800033569336,93.0199966430664,93.91000366210938,284712.0
2012-05-16,92.80999755859375,94.16000366210938,91.80999755859375,93.16000366210938,308371.0
2012-05-17,92.55999755859375,93.87999725341797,92.08999633789062,92.7699966430664,280073.0
2012-05-18,91.4800033569336,92.87999725341797,90.93000030517578,92.86000061035156,211749.0
2012-05-19,91.4800033569336,92.87999725341797,90.93000030517578,92.86000061035156,211749.0
2012-05-20,91.4800033569336,92.87999725341797,90.93000030517578,92.86000061035156,211749.0
2012-05-21,92.56999969482422,93.05999755859375,90.83999633789062,91.2699966430664,107239.0
2012-05-22,91.66000366210938,93.01000213623047,91.4000015258789,92.63999938964844,226226.0
2012-05-23,89.9000015258789,91.72000122070312,89.27999877929688,91.54000091552734,275522.0
2012-05-24,90.66000366210938,91.5199966430664,89.80999755859375,90.52999877929688,231521.0
2012-05-25,90.86000061035156,91.31999969482422,90.19999694824219,90.79000091552734,153921.0
2012-05-26,90.86000061035156,91.31999969482422,90.19999694824219,90.79000091552734,153921.0
2012-05-27,90.86000061035156,91.31999969482422,90.19999694824219,90.79000091552734,153921.0
2012-05-28,90.86000061035156,91.31999969482422,90.19999694824219,90.79000091552734,153921.0
2012-05-29,90.76000213623047,92.20999908447266,90.25,91.0,262562.0
2012-05-30,87.81999969482422,90.91999816894531,87.2699966430664,90.86000061035156,297197.0
2012-05-31,86.52999877929688,88.27999877929688,85.86000061035156,87.55000305175781,345433.0
2012-06-01,83.2300033569336,86.58999633789062,82.29000091552734,86.44000244140625,407579.0
2012-06-02,83.2300033569336,86.58999633789062,82.29000091552734,86.44000244140625,407579.0
2012-06-03,83.2300033569336,86.58999633789062,82.29000091552734,86.44000244140625,407579.0
2012-06-04,83.9800033569336,84.37999725341797,81.20999908447266,82.95999908447266,309777.0
2012-06-05,84.29000091552734,84.91999816894531,83.30999755859375,84.13999938964844,246358.0
2012-06-06,85.0199966430664,86.2699966430664,84.02999877929688,84.12000274658203,313102.0
2012-06-07,84.81999969482422,87.02999877929688,83.43000030517578,85.5,339002.0
2012-06-08,84.0999984741211,84.66999816894531,82.0,83.62999725341797,304641.0
2012-06-09,84.0999984741211,84.66999816894531,82.0,83.62999725341797,304641.0
2012-06-10,84.0999984741211,84.66999816894531,82.0,83.62999725341797,304641.0
2012-06-11,82.69999694824219,86.63999938964844,81.11000061035156,85.72000122070312,343211.0
2012-06-12,83.31999969482422,83.72000122070312,81.06999969482422,81.18000030517578,320803.0
2012-06-13,82.62000274658203,84.01000213623047,82.1500015258789,83.51000213623047,327544.0
2012-06-14,83.91000366210938,84.41999816894531,82.2699966430664,82.44000244140625,278944.0
2012-06-15,84.02999877929688,84.80000305175781,83.41999816894531,84.33000183105469,216554.0
2012-06-16,84.02999877929688,84.80000305175781,83.41999816894531,84.33000183105469,216554.0
2012-06-17,84.02999877929688,84.80000305175781,83.41999816894531,84.33000183105469,216554.0
2012-06-18,83.2699966430664,85.5999984741211,82.04000091552734,85.08999633789062,216955.0
2012-06-19,84.02999877929688,84.41000366210938,82.27999877929688,83.05999755859375,109008.0
2012-06-20,81.80000305175781,84.33999633789062,80.91000366210938,84.04000091552734,413790.0
2012-06-21,78.19999694824219,81.19999694824219,77.93000030517578,81.08000183105469,376969.0
2012-06-22,79.76000213623047,80.37000274658203,77.55999755859375,78.11000061035156,293224.0
2012-06-23,79.76000213623047,80.37000274658203,77.55999755859375,78.11000061035156,293224.0
2012-06-24,79.76000213623047,80.37000274658203,77.55999755859375,78.11000061035156,293224.0
2012-06-25,79.20999908447266,80.68000030517578,78.02999877929688,80.19999694824219,249004.0
2012-06-26,79.36000061035156,79.68000030517578,78.36000061035156,79.2300033569336,253304.0
2012-06-27,80.20999908447266,80.91999816894531,78.68000030517578,79.47000122070312,253006.0
2012-06-28,77.69000244140625,80.83999633789062,77.27999877929688,80.4800033569336,310148.0
2012-06-29,84.95999908447266,85.33999633789062,78.27999877929688,78.45999908447266,439010.0
2012-06-30,84.95999908447266,85.33999633789062,78.27999877929688,78.45999908447266,439010.0
2012-07-01,84.95999908447266,85.33999633789062,78.27999877929688,78.45999908447266,439010.0
2012-07-02,83.75,85.05000305175781,82.0999984741211,84.6500015258789,299104.0
2012-07-03,87.66000366210938,88.04000091552734,83.33000183105469,83.66999816894531,336186.0
2012-07-04,87.66000366210938,88.04000091552734,83.33000183105469,83.66999816894531,336186.0
2012-07-05,87.22000122070312,88.9800033569336,86.5,87.75,368616.0
2012-07-06,84.44999694824219,87.12999725341797,84.0199966430664,86.7300033569336,296204.0
2012-07-07,84.44999694824219,87.12999725341797,84.0199966430664,86.7300033569336,296204.0
2012-07-08,84.44999694824219,87.12999725341797,84.0199966430664,86.7300033569336,296204.0
2012-07-09,85.98999786376953,86.4800033569336,84.0,84.19999694824219,256901.0
2012-07-10,83.91000366210938,85.94999694824219,83.6500015258789,85.83999633789062,291409.0
2012-07-11,85.80999755859375,86.48999786376953,84.01000213623047,84.01000213623047,307821.0
2012-07-12,86.08000183105469,86.37000274658203,84.20999908447266,86.19999694824219,240725.0
2012-07-13,87.0999984741211,87.61000061035156,85.58000183105469,85.86000061035156,260828.0
2012-07-14,87.0999984741211,87.61000061035156,85.58000183105469,85.86000061035156,260828.0
2012-07-15,87.0999984741211,87.61000061035156,85.58000183105469,85.86000061035156,260828.0
2012-07-16,88.43000030517578,88.4800033569336,86.41000366210938,87.12999725341797,223124.0
2012-07-17,89.22000122070312,89.45999908447266,87.41000366210938,88.26000213623047,262785.0
2012-07-18,89.87000274658203,90.04000091552734,88.58999633789062,89.12999725341797,192847.0
2012-07-19,92.66000366210938,92.94000244140625,89.86000061035156,90.08000183105469,102928.0
2012-07-20,91.44000244140625,92.30000305175781,90.66000366210938,92.22000122070312,249172.0
2012-07-21,91.44000244140625,92.30000305175781,90.66000366210938,92.22000122070312,249172.0
2012-07-22,91.44000244140625,92.30000305175781,90.66000366210938,92.22000122070312,249172.0
2012-07-23,88.13999938964844,91.63999938964844,87.91000366210938,91.61000061035156,290355.0
2012-07-24,88.5,89.08999633789062,87.43000030517578,88.05000305175781,309865.0
2012-07-25,88.97000122070312,89.36000061035156,86.83999633789062,88.19999694824219,289552.0
2012-07-26,89.38999938964844,90.47000122070312,88.06999969482422,89.0999984741211,233400.0
2012-07-27,90.12999725341797,90.44999694824219,89.12999725341797,89.43000030517578,210412.0
2012-07-28,90.12999725341797,90.44999694824219,89.12999725341797,89.43000030517578,210412.0
2012-07-29,90.12999725341797,90.44999694824219,89.12999725341797,89.43000030517578,210412.0
2012-07-30,89.77999877929688,90.94999694824219,89.33000183105469,90.13999938964844,191095.0
2012-07-31,88.05999755859375,90.30000305175781,87.30999755859375,89.66999816894531,282851.0
2012-08-01,88.91000366210938,89.47000122070312,87.51000213623047,88.02999877929688,281204.0
2012-08-02,87.12999725341797,89.62999725341797,86.91999816894531,88.87000274658203,302698.0
2012-08-03,91.4000015258789,91.73999786376953,87.2300033569336,87.26000213623047,301783.0
2012-08-04,91.4000015258789,91.73999786376953,87.2300033569336,87.26000213623047,301783.0
2012-08-05,91.4000015258789,91.73999786376953,87.2300033569336,87.26000213623047,301783.0
2012-08-06,92.19999694824219,92.33000183105469,90.62999725341797,91.33999633789062,194374.0
2012-08-07,93.66999816894531,94.41999816894531,91.77999877929688,92.05000305175781,260012.0
2012-08-08,93.3499984741211,94.72000122070312,92.81999969482422,93.41000366210938,269931.0
2012-08-09,93.36000061035156,94.20999908447266,93.06999969482422,93.43000030517578,258637.0
2012-08-10,92.87000274658203,93.87000274658203,91.70999908447266,93.45999908447266,224512.0
2012-08-11,92.87000274658203,93.87000274658203,91.70999908447266,93.45999908447266,224512.0
2012-08-12,92.87000274658203,93.87000274658203,91.70999908447266,93.45999908447266,224512.0
2012-08-13,92.7300033569336,94.13999938964844,92.05000305175781,93.25,280268.0
2012-08-14,93.43000030517578,93.91999816894531,92.55999755859375,92.70999908447266,200411.0
2012-08-15,94.33000183105469,94.9000015258789,92.68000030517578,93.25,281643.0
2012-08-16,95.5999984741211,95.75,93.93000030517578,94.20999908447266,212628.0
2012-08-17,96.01000213623047,96.27999877929688,94.9800033569336,95.2300033569336,162591.0
2012-08-18,96.01000213623047,96.27999877929688,94.9800033569336,95.2300033569336,162591.0
2012-08-19,96.01000213623047,96.27999877929688,94.9800033569336,95.2300033569336,162591.0
2012-08-20,95.97000122070312,96.52999877929688,95.0199966430664,96.36000061035156,113309.0
2012-08-21,96.68000030517578,97.5999984741211,95.80999755859375,95.97000122070312,220192.0
2012-08-22,97.26000213623047,97.54000091552734,96.26000213623047,96.94000244140625,217435.0
2012-08-23,96.2699966430664,98.29000091552734,95.75,97.30000305175781,225156.0
2012-08-24,96.1500015258789,97.16999816894531,95.41000366210938,96.05999755859375,204231.0
2012-08-25,96.1500015258789,97.16999816894531,95.41000366210938,96.05999755859375,204231.0
2012-08-26,96.1500015258789,97.16999816894531,95.41000366210938,96.05999755859375,204231.0
2012-08-27,95.47000122070312,97.72000122070312,94.41000366210938,96.66999816894531,230844.0
2012-08-28,96.33000183105469,96.54000091552734,95.13999938964844,95.66000366210938,198458.0
2012-08-29,95.48999786376953,96.37000274658203,94.76000213623047,96.08000183105469,185887.0
2012-08-30,94.62000274658203,95.5999984741211,93.94999694824219,95.30000305175781,192455.0
2012-08-31,96.47000122070312,96.91999816894531,94.51000213623047,94.75,249063.0
2012-09-01,96.47000122070312,96.91999816894531,94.51000213623047,94.75,249063.0
2012-09-02,96.47000122070312,96.91999816894531,94.51000213623047,94.75,249063.0
2012-09-03,96.47000122070312,96.91999816894531,94.51000213623047,94.75,249063.0
2012-09-04,95.30000305175781,97.37000274658203,94.97000122070312,96.37999725341797,256147.0
2012-09-05,95.36000061035156,96.02999877929688,94.26000213623047,95.61000061035156,233044.0
2012-09-06,95.52999877929688,97.70999908447266,94.58999633789062,96.0,327082.0
2012-09-07,96.41999816894531,96.73999786376953,94.08000183105469,94.69999694824219,293026.0
2012-09-08,96.41999816894531,96.73999786376953,94.08000183105469,94.69999694824219,293026.0
2012-09-09,96.41999816894531,96.73999786376953,94.08000183105469,94.69999694824219,293026.0
2012-09-10,96.54000091552734,96.62999725341797,95.33999633789062,96.23999786376953,221996.0
2012-09-11,97.16999816894531,97.30999755859375,96.08000183105469,96.29000091552734,222006.0
2012-09-12,97.01000213623047,98.05999755859375,96.30999755859375,96.8499984741211,223528.0
2012-09-13,98.30999755859375,98.58000183105469,96.51000213623047,96.93000030517578,291055.0
2012-09-14,99.0,100.41999816894531,97.98999786376953,98.04000091552734,271794.0
2012-09-15,99.0,100.41999816894531,97.98999786376953,98.04000091552734,271794.0
2012-09-16,99.0,100.41999816894531,97.98999786376953,98.04000091552734,271794.0
2012-09-17,96.62000274658203,99.5199966430664,94.6500015258789,99.1500015258789,308274.0
2012-09-18,95.29000091552734,97.2300033569336,95.11000061035156,96.70999908447266,196211.0
2012-09-19,91.9800033569336,96.16999816894531,91.25,95.48999786376953,133035.0
2012-09-20,91.87000274658203,92.37000274658203,90.66000366210938,91.7699966430664,244553.0
2012-09-21,92.88999938964844,93.83999633789062,92.58999633789062,92.93000030517578,181036.0
2012-09-22,92.88999938964844,93.83999633789062,92.58999633789062,92.93000030517578,181036.0
2012-09-23,92.88999938964844,93.83999633789062,92.58999633789062,92.93000030517578,181036.0
2012-09-24,91.93000030517578,93.18000030517578,91.05999755859375,93.18000030517578,188315.0
2012-09-25,91.37000274658203,93.19999694824219,90.56999969482422,92.11000061035156,239024.0
2012-09-26,89.9800033569336,91.33999633789062,88.94999694824219,90.81999969482422,272057.0
2012-09-27,91.8499984741211,92.38999938964844,89.87999725341797,90.08000183105469,237289.0
2012-09-28,92.19000244140625,92.70999908447266,91.4000015258789,92.3499984741211,210195.0
2012-09-29,92.19000244140625,92.70999908447266,91.4000015258789,92.3499984741211,210195.0
2012-09-30,92.19000244140625,92.70999908447266,91.4000015258789,92.3499984741211,210195.0
2012-10-01,92.4800033569336,93.33000183105469,91.26000213623047,92.1500015258789,216005.0
2012-10-02,91.88999938964844,92.94000244140625,91.62000274658203,92.41000366210938,177728.0
2012-10-03,88.13999938964844,91.81999969482422,87.69999694824219,91.63999938964844,339506.0
2012-10-04,91.70999908447266,91.83999633789062,87.91000366210938,88.01000213623047,291389.0
2012-10-05,89.87999725341797,91.70999908447266,89.01000213623047,91.51000213623047,279131.0
2012-10-06,89.87999725341797,91.70999908447266,89.01000213623047,91.51000213623047,279131.0
2012-10-07,89.87999725341797,91.70999908447266,89.01000213623047,91.51000213623047,279131.0
2012-10-08,89.33000183105469,89.88999938964844,88.20999908447266,89.8499984741211,202688.0
2012-10-09,92.38999938964844,92.91000366210938,89.29000091552734,89.62000274658203,378040.0
2012-10-10,91.25,93.66000366210938,91.0199966430664,92.26000213623047,303502.0
2012-10-11,92.06999969482422,92.94000244140625,91.08999633789062,91.2699966430664,300087.0
2012-10-12,91.86000061035156,92.63999938964844,91.16000366210938,92.41000366210938,198462.0
2012-10-13,91.86000061035156,92.63999938964844,91.16000366210938,92.41000366210938,198462.0
2012-10-14,91.86000061035156,92.63999938964844,91.16000366210938,92.41000366210938,198462.0
2012-10-15,91.8499984741211,92.19999694824219,89.79000091552734,91.62999725341797,269016.0
2012-10-16,92.08999633789062,92.31999969482422,91.30000305175781,91.76000213623047,232217.0
2012-10-17,92.12000274658203,92.8499984741211,91.55000305175781,92.08000183105469,226343.0
2012-10-18,92.0999984741211,92.58999633789062,90.66000366210938,92.05999755859375,184654.0
2012-10-19,90.05000305175781,93.05000305175781,89.83000183105469,92.04000091552734,123648.0
2012-10-20,90.05000305175781,93.05000305175781,89.83000183105469,92.04000091552734,123648.0
2012-10-21,90.05000305175781,93.05000305175781,89.83000183105469,92.04000091552734,123648.0
2012-10-22,88.7300033569336,90.80000305175781,88.19999694824219,89.5199966430664,275720.0
2012-10-23,86.66999816894531,89.29000091552734,85.69000244140625,89.13999938964844,309492.0
2012-10-24,85.7300033569336,87.47000122070312,84.94000244140625,86.5999984741211,298160.0
2012-10-25,86.05000305175781,86.75,85.2300033569336,85.6500015258789,208678.0
2012-10-26,86.27999877929688,86.37000274658203,85.0,86.0,212378.0
2012-10-27,86.27999877929688,86.37000274658203,85.0,86.0,212378.0
2012-10-28,86.27999877929688,86.37000274658203,85.0,86.0,212378.0
2012-10-29,86.27999877929688,86.37000274658203,85.0,86.0,212378.0
2012-10-30,86.27999877929688,86.37000274658203,85.0,86.0,212378.0
2012-10-31,86.23999786376953,87.19000244140625,85.61000061035156,85.7300033569336,212577.0
2012-11-01,87.08999633789062,87.41999816894531,85.91999816894531,86.0999984741211,197179.0
2012-11-02,84.86000061035156,87.23999786376953,84.66000366210938,86.91000366210938,297311.0
2012-11-03,84.86000061035156,87.23999786376953,84.66000366210938,86.91000366210938,297311.0
2012-11-04,84.86000061035156,87.23999786376953,84.66000366210938,86.91000366210938,297311.0
2012-11-05,85.6500015258789,85.9000015258789,84.33999633789062,84.6500015258789,221397.0
2012-11-06,88.70999908447266,89.22000122070312,85.41999816894531,85.66999816894531,303429.0
2012-11-07,84.44000244140625,88.80000305175781,84.05000305175781,88.41999816894531,422211.0
2012-11-08,85.08999633789062,85.69999694824219,84.22000122070312,84.5199966430664,296599.0
2012-11-09,86.06999969482422,86.7699966430664,84.12999725341797,85.0,322403.0
2012-11-10,86.06999969482422,86.7699966430664,84.12999725341797,85.0,322403.0
2012-11-11,86.06999969482422,86.7699966430664,84.12999725341797,85.0,322403.0
2012-11-12,85.56999969482422,86.54000091552734,85.2699966430664,86.19000244140625,280690.0
2012-11-13,85.37999725341797,85.94999694824219,84.56999969482422,85.58999633789062,352247.0
2012-11-14,86.31999969482422,86.6500015258789,84.93000030517578,85.37000274658203,265306.0
2012-11-15,85.44999694824219,86.83000183105469,84.68000030517578,86.36000061035156,168098.0
2012-11-16,86.66999816894531,87.01000213623047,85.0199966430664,85.27999877929688,271209.0
2012-11-17,86.66999816894531,87.01000213623047,85.0199966430664,85.27999877929688,271209.0
2012-11-18,86.66999816894531,87.01000213623047,85.0199966430664,85.27999877929688,271209.0
2012-11-19,89.27999877929688,89.80000305175781,87.11000061035156,87.30000305175781,247078.0
2012-11-20,86.75,89.19000244140625,86.16999816894531,89.1500015258789,322630.0
2012-11-21,87.37999725341797,87.88999938964844,86.37000274658203,87.27999877929688,220980.0
2012-11-22,87.37999725341797,87.88999938964844,86.37000274658203,87.27999877929688,220980.0
2012-11-23,88.27999877929688,88.52999877929688,86.70999908447266,87.68000030517578,104944.0
2012-11-24,88.27999877929688,88.52999877929688,86.70999908447266,87.68000030517578,104944.0
2012-11-25,88.27999877929688,88.52999877929688,86.70999908447266,87.68000030517578,104944.0
2012-11-26,87.73999786376953,88.29000091552734,87.2699966430664,88.20999908447266,156593.0
2012-11-27,87.18000030517578,88.25,86.83000183105469,87.81999969482422,210470.0
2012-11-28,86.48999786376953,87.33999633789062,85.36000061035156,87.33000183105469,249744.0
2012-11-29,88.06999969482422,88.69000244140625,86.55000305175781,86.56999969482422,270030.0
2012-11-30,88.91000366210938,88.98999786376953,87.47000122070312,87.66000366210938,216206.0
2012-12-01,88.91000366210938,88.98999786376953,87.47000122070312,87.66000366210938,216206.0
2012-12-02,88.91000366210938,88.98999786376953,87.47000122070312,87.66000366210938,216206.0
2012-12-03,89.08999633789062,90.33000183105469,88.66000366210938,88.8499984741211,235987.0
2012-12-04,88.5,89.18000030517578,87.56999969482422,88.93000030517578,206265.0
2012-12-05,87.87999725341797,89.05000305175781,87.45999908447266,88.5,220850.0
2012-12-06,86.26000213623047,88.2300033569336,85.68000030517578,87.87000274658203,269293.0
2012-12-07,85.93000030517578,86.91999816894531,85.7699966430664,86.38999938964844,244993.0
2012-12-08,85.93000030517578,86.91999816894531,85.7699966430664,86.38999938964844,244993.0
2012-12-09,85.93000030517578,86.91999816894531,85.7699966430664,86.38999938964844,244993.0
2012-12-10,85.55999755859375,86.77999877929688,85.33000183105469,85.9800033569336,211603.0
2012-12-11,85.79000091552734,86.37000274658203,85.20999908447266,85.69999694824219,217859.0
2012-12-12,86.7699966430664,87.68000030517578,85.68000030517578,85.69000244140625,300353.0
2012-12-13,85.88999938964844,86.97000122070312,85.80999755859375,86.7699966430664,228417.0
2012-12-14,86.7300033569336,86.91999816894531,86.05000305175781,86.12999725341797,218265.0
2012-12-15,86.7300033569336,86.91999816894531,86.05000305175781,86.12999725341797,218265.0
2012-12-16,86.7300033569336,86.91999816894531,86.05000305175781,86.12999725341797,218265.0
2012-12-17,87.19999694824219,87.70999908447266,86.4800033569336,86.87999725341797,157226.0
2012-12-18,87.93000030517578,88.16000366210938,87.20999908447266,87.44999694824219,93130.0
2012-12-19,89.51000213623047,89.9000015258789,87.80999755859375,87.94000244140625,233083.0
2012-12-20,90.12999725341797,90.54000091552734,89.26000213623047,89.69000244140625,178144.0
2012-12-21,88.66000366210938,90.06999969482422,87.95999908447266,90.0199966430664,180375.0
2012-12-22,88.66000366210938,90.06999969482422,87.95999908447266,90.0199966430664,180375.0
2012-12-23,88.66000366210938,90.06999969482422,87.95999908447266,90.0199966430664,180375.0
2012-12-24,88.61000061035156,88.86000061035156,88.19999694824219,88.5999984741211,48516.0
2012-12-25,88.61000061035156,88.86000061035156,88.19999694824219,88.5999984741211,48516.0
2012-12-26,90.9800033569336,91.30000305175781,88.58999633789062,88.62000274658203,141598.0
2012-12-27,90.87000274658203,91.44000244140625,90.05000305175781,91.0,152771.0
2012-12-28,90.80000305175781,91.48999786376953,90.31999969482422,91.1500015258789,131374.0
2012-12-29,90.80000305175781,91.48999786376953,90.31999969482422,91.1500015258789,131374.0
2012-12-30,90.80000305175781,91.48999786376953,90.31999969482422,91.1500015258789,131374.0
2012-12-31,91.81999969482422,91.98999786376953,90.0,90.41000366210938,119525.0
2013-01-01,91.81999969482422,91.98999786376953,90.0,90.41000366210938,119525.0
2013-01-02,93.12000274658203,93.87000274658203,91.55999755859375,91.77999877929688,203865.0
2013-01-03,92.91999816894531,93.30000305175781,92.48999786376953,92.91000366210938,189812.0
2013-01-04,93.08999633789062,93.20999908447266,91.5199966430664,92.86000061035156,210747.0
2013-01-05,93.08999633789062,93.20999908447266,91.5199966430664,92.86000061035156,210747.0
2013-01-06,93.08999633789062,93.20999908447266,91.5199966430664,92.86000061035156,210747.0
2013-01-07,93.19000244140625,93.3499984741211,92.41999816894531,93.20999908447266,166292.0
2013-01-08,93.1500015258789,93.80000305175781,92.66999816894531,93.31999969482422,195867.0
2013-01-09,93.0999984741211,93.6500015258789,92.68000030517578,93.1500015258789,201385.0
2013-01-10,93.81999969482422,94.69999694824219,93.08000183105469,93.19000244140625,279295.0
2013-01-11,93.55999755859375,94.12999725341797,92.6500015258789,93.87000274658203,257821.0
2013-01-12,93.55999755859375,94.12999725341797,92.6500015258789,93.87000274658203,257821.0
2013-01-13,93.55999755859375,94.12999725341797,92.6500015258789,93.87000274658203,257821.0
2013-01-14,94.13999938964844,94.29000091552734,92.94999694824219,93.73999786376953,248600.0
2013-01-15,93.27999877929688,94.44000244140625,93.22000122070312,94.19999694824219,248136.0
2013-01-16,94.23999786376953,94.36000061035156,93.0999984741211,93.4000015258789,241531.0
2013-01-17,95.48999786376953,96.04000091552734,93.80000305175781,94.19000244140625,178285.0
2013-01-18,95.55999755859375,95.66999816894531,94.91000366210938,95.19000244140625,118549.0
2013-01-19,95.55999755859375,95.66999816894531,94.91000366210938,95.19000244140625,118549.0
2013-01-20,95.55999755859375,95.66999816894531,94.91000366210938,95.19000244140625,118549.0
2013-01-21,95.55999755859375,95.66999816894531,94.91000366210938,95.19000244140625,118549.0
2013-01-22,96.23999786376953,96.4000015258789,94.9800033569336,95.25,236391.0
2013-01-23,95.2300033569336,96.91999816894531,94.94999694824219,96.76000213623047,318008.0
2013-01-24,95.94999694824219,96.68000030517578,95.12000274658203,95.5,232035.0
2013-01-25,95.87999725341797,96.55999755859375,95.43000030517578,95.94999694824219,184873.0
2013-01-26,95.87999725341797,96.55999755859375,95.43000030517578,95.94999694824219,184873.0
2013-01-27,95.87999725341797,96.55999755859375,95.43000030517578,95.94999694824219,184873.0
2013-01-28,96.44000244140625,96.80999755859375,95.47000122070312,96.04000091552734,167186.0
2013-01-29,97.56999969482422,97.81999969482422,96.29000091552734,96.45999908447266,252931.0
2013-01-30,97.94000244140625,98.23999786376953,97.31999969482422,97.31999969482422,211277.0
2013-01-31,97.48999786376953,98.04000091552734,96.83999633789062,97.95999908447266,230630.0
2013-02-01,97.7699966430664,98.1500015258789,96.51000213623047,97.41999816894531,270275.0
2013-02-02,97.7699966430664,98.1500015258789,96.51000213623047,97.41999816894531,270275.0
2013-02-03,97.7699966430664,98.1500015258789,96.51000213623047,97.41999816894531,270275.0
2013-02-04,96.16999816894531,97.76000213623047,95.88999938964844,97.72000122070312,196975.0
2013-02-05,96.63999938964844,97.06999969482422,95.91000366210938,96.12999725341797,188841.0
2013-02-06,96.62000274658203,96.98999786376953,95.04000091552734,96.63999938964844,282803.0
2013-02-07,95.83000183105469,97.20999908447266,95.54000091552734,96.86000061035156,275474.0
2013-02-08,95.72000122070312,96.56999969482422,95.2699966430664,95.91999816894531,229242.0
2013-02-09,95.72000122070312,96.56999969482422,95.2699966430664,95.91999816894531,229242.0
2013-02-10,95.72000122070312,96.56999969482422,95.2699966430664,95.91999816894531,229242.0
2013-02-11,97.02999877929688,97.08999633789062,94.97000122070312,95.79000091552734,283956.0
2013-02-12,97.51000213623047,97.79000091552734,96.68000030517578,96.95999908447266,239796.0
2013-02-13,97.01000213623047,98.11000061035156,96.62999725341797,97.58999633789062,246437.0
2013-02-14,97.30999755859375,97.70999908447266,96.7699966430664,97.16999816894531,174599.0
2013-02-15,95.86000061035156,97.47000122070312,95.20999908447266,97.33999633789062,223592.0
2013-02-16,95.86000061035156,97.47000122070312,95.20999908447266,97.33999633789062,223592.0
2013-02-17,95.86000061035156,97.47000122070312,95.20999908447266,97.33999633789062,223592.0
2013-02-18,95.86000061035156,97.47000122070312,95.20999908447266,97.33999633789062,223592.0
2013-02-19,96.66000366210938,96.7300033569336,95.25,95.97000122070312,118307.0
2013-02-20,94.45999908447266,97.06999969482422,93.91999816894531,96.66000366210938,338967.0
2013-02-21,92.83999633789062,94.91999816894531,92.62999725341797,94.72000122070312,286434.0
2013-02-22,93.12999725341797,93.4800033569336,92.44000244140625,92.95999908447266,204258.0
2013-02-23,93.12999725341797,93.4800033569336,92.44000244140625,92.95999908447266,204258.0
2013-02-24,93.12999725341797,93.4800033569336,92.44000244140625,92.95999908447266,204258.0
2013-02-25,93.11000061035156,94.45999908447266,92.06999969482422,93.2300033569336,217519.0
2013-02-26,92.62999725341797,93.44000244140625,91.91999816894531,91.91999816894531,230836.0
2013-02-27,92.76000213623047,93.37000274658203,92.18000030517578,92.72000122070312,201512.0
2013-02-28,92.05000305175781,93.18000030517578,91.56999969482422,92.88999938964844,218119.0
2013-03-01,90.68000030517578,91.97000122070312,90.04000091552734,91.76000213623047,248466.0
2013-03-02,90.68000030517578,91.97000122070312,90.04000091552734,91.76000213623047,248466.0
2013-03-03,90.68000030517578,91.97000122070312,90.04000091552734,91.76000213623047,248466.0
2013-03-04,90.12000274658203,90.91000366210938,89.33000183105469,90.70999908447266,231108.0
2013-03-05,90.81999969482422,90.98999786376953,90.0199966430664,90.2300033569336,209874.0
2013-03-06,90.43000030517578,91.16999816894531,89.55000305175781,90.83000183105469,244168.0
2013-03-07,91.55999755859375,91.7300033569336,90.22000122070312,90.41999816894531,234921.0
2013-03-08,91.94999694824219,92.02999877929688,90.83000183105469,91.41999816894531,219961.0
2013-03-09,91.94999694824219,92.02999877929688,90.83000183105469,91.41999816894531,219961.0
2013-03-10,91.94999694824219,92.02999877929688,90.83000183105469,91.41999816894531,219961.0
2013-03-11,92.05999755859375,92.1500015258789,90.88999938964844,91.83000183105469,194607.0
2013-03-12,92.54000091552734,93.47000122070312,91.5999984741211,91.94000244140625,283114.0
2013-03-13,92.5199966430664,93.4000015258789,91.91000366210938,92.62000274658203,251336.0
2013-03-14,93.02999877929688,93.25,92.01000213623047,92.51000213623047,174701.0
2013-03-15,93.44999694824219,93.83999633789062,93.0,93.1500015258789,175611.0
2013-03-16,93.44999694824219,93.83999633789062,93.0,93.1500015258789,175611.0
2013-03-17,93.44999694824219,93.83999633789062,93.0,93.1500015258789,175611.0
2013-03-18,93.73999786376953,93.94000244140625,91.76000213623047,93.26000213623047,151208.0
2013-03-19,92.16000366210938,94.08999633789062,92.02999877929688,93.80000305175781,96796.0
2013-03-20,92.95999908447266,93.30000305175781,92.08999633789062,92.08999633789062,226790.0
2013-03-21,92.44999694824219,93.52999877929688,91.83999633789062,93.4000015258789,214131.0
2013-03-22,93.70999908447266,93.94000244140625,92.33000183105469,92.33000183105469,202666.0
2013-03-23,93.70999908447266,93.94000244140625,92.33000183105469,92.33000183105469,202666.0
2013-03-24,93.70999908447266,93.94000244140625,92.33000183105469,92.33000183105469,202666.0
2013-03-25,94.80999755859375,95.6500015258789,93.69999694824219,93.72000122070312,270651.0
2013-03-26,96.33999633789062,96.44999694824219,94.66999816894531,94.75,214345.0
2013-03-27,96.58000183105469,96.83999633789062,95.58000183105469,96.18000030517578,207777.0
2013-03-28,97.2300033569336,97.3499984741211,96.26000213623047,96.68000030517578,174390.0
2013-03-29,97.2300033569336,97.3499984741211,96.26000213623047,96.68000030517578,174390.0
2013-03-30,97.2300033569336,97.3499984741211,96.26000213623047,96.68000030517578,174390.0
2013-03-31,97.2300033569336,97.3499984741211,96.26000213623047,96.68000030517578,174390.0
2013-04-01,97.06999969482422,97.80000305175781,95.91999816894531,97.36000061035156,192396.0
2013-04-02,97.19000244140625,97.44000244140625,95.91000366210938,97.0,209877.0
2013-04-03,94.44999694824219,96.95999908447266,94.18000030517578,96.93000030517578,302235.0
2013-04-04,93.26000213623047,94.83999633789062,92.12000274658203,94.5,355321.0
2013-04-05,92.69999694824219,93.56999969482422,91.91000366210938,93.36000061035156,267276.0
2013-04-06,92.69999694824219,93.56999969482422,91.91000366210938,93.36000061035156,267276.0
2013-04-07,92.69999694824219,93.56999969482422,91.91000366210938,93.36000061035156,267276.0
2013-04-08,93.36000061035156,93.75,92.45999908447266,93.0199966430664,212117.0
2013-04-09,94.19999694824219,94.4800033569336,92.86000061035156,93.48999786376953,234720.0
2013-04-10,94.63999938964844,94.81999969482422,93.4000015258789,93.95999908447266,248557.0
2013-04-11,93.51000213623047,94.63999938964844,93.05999755859375,94.55999755859375,222439.0
2013-04-12,91.29000091552734,93.5199966430664,90.2699966430664,93.48999786376953,325580.0
2013-04-13,91.29000091552734,93.5199966430664,90.2699966430664,93.48999786376953,325580.0
2013-04-14,91.29000091552734,93.5199966430664,90.2699966430664,93.48999786376953,325580.0
2013-04-15,88.70999908447266,90.9800033569336,87.19999694824219,90.94999694824219,362524.0
2013-04-16,88.72000122070312,88.95999908447266,86.05999755859375,87.41999816894531,287410.0
2013-04-17,86.68000030517578,89.08999633789062,86.05999755859375,88.80000305175781,294274.0
2013-04-18,87.7300033569336,88.51000213623047,85.61000061035156,86.38999938964844,228200.0
2013-04-19,88.01000213623047,88.79000091552734,87.55999755859375,88.37000274658203,100652.0
2013-04-20,88.01000213623047,88.79000091552734,87.55999755859375,88.37000274658203,100652.0
2013-04-21,88.01000213623047,88.79000091552734,87.55999755859375,88.37000274658203,100652.0
2013-04-22,88.76000213623047,89.12999725341797,87.55000305175781,87.95999908447266,238730.0
2013-04-23,89.18000030517578,89.5999984741211,87.80000305175781,89.27999877929688,288801.0
2013-04-24,91.43000030517578,91.72000122070312,89.20999908447266,89.5999984741211,257736.0
2013-04-25,93.63999938964844,93.87000274658203,91.11000061035156,91.58000183105469,270121.0
2013-04-26,93.0,93.58000183105469,92.05999755859375,93.23999786376953,240966.0
2013-04-27,93.0,93.58000183105469,92.05999755859375,93.23999786376953,240966.0
2013-04-28,93.0,93.58000183105469,92.05999755859375,93.23999786376953,240966.0
2013-04-29,94.5,94.69000244140625,92.43000030517578,92.69999694824219,214608.0
2013-04-30,93.45999908447266,94.62000274658203,92.86000061035156,94.41999816894531,277499.0
2013-05-01,91.02999877929688,93.26000213623047,90.11000061035156,93.08000183105469,332382.0
2013-05-02,93.98999786376953,94.25,90.6500015258789,91.0,310808.0
2013-05-03,95.61000061035156,96.04000091552734,93.55999755859375,93.98999786376953,297522.0
2013-05-04,95.61000061035156,96.04000091552734,93.55999755859375,93.98999786376953,297522.0
2013-05-05,95.61000061035156,96.04000091552734,93.55999755859375,93.98999786376953,297522.0
2013-05-06,96.16000366210938,97.16999816894531,94.8499984741211,95.58000183105469,271004.0
2013-05-07,95.62000274658203,96.26000213623047,94.91999816894531,95.79000091552734,260141.0
2013-05-08,96.62000274658203,96.7699966430664,95.23999786376953,95.55999755859375,276315.0
2013-05-09,96.38999938964844,96.7699966430664,95.3499984741211,96.5999984741211,272196.0
2013-05-10,96.04000091552734,96.23999786376953,93.37000274658203,96.16000366210938,354119.0
2013-05-11,96.04000091552734,96.23999786376953,93.37000274658203,96.16000366210938,354119.0
2013-05-12,96.04000091552734,96.23999786376953,93.37000274658203,96.16000366210938,354119.0
2013-05-13,95.16999816894531,95.80999755859375,94.47000122070312,95.76000213623047,297036.0
2013-05-14,94.20999908447266,95.66000366210938,93.8499984741211,94.93000030517578,269403.0
2013-05-15,94.30000305175781,94.44000244140625,92.12999725341797,94.12999725341797,360684.0
2013-05-16,95.16000366210938,95.56999969482422,93.2300033569336,94.33999633789062,297863.0
2013-05-17,96.0199966430664,96.44999694824219,94.79000091552734,95.1500015258789,187754.0
2013-05-18,96.0199966430664,96.44999694824219,94.79000091552734,95.1500015258789,187754.0
2013-05-19,96.0199966430664,96.44999694824219,94.79000091552734,95.1500015258789,187754.0
2013-05-20,96.70999908447266,97.11000061035156,95.2300033569336,95.93000030517578,118621.0
2013-05-21,96.16000366210938,96.97000122070312,95.5,96.69999694824219,259159.0
2013-05-22,94.27999877929688,96.19000244140625,94.01000213623047,95.9000015258789,336497.0
2013-05-23,94.25,94.45999908447266,92.20999908447266,94.18000030517578,323633.0
2013-05-24,94.1500015258789,94.38999938964844,93.04000091552734,94.37000274658203,203991.0
2013-05-25,94.1500015258789,94.38999938964844,93.04000091552734,94.37000274658203,203991.0
2013-05-26,94.1500015258789,94.38999938964844,93.04000091552734,94.37000274658203,203991.0
2013-05-27,94.1500015258789,94.38999938964844,93.04000091552734,94.37000274658203,203991.0
2013-05-28,95.01000213623047,95.91999816894531,93.2300033569336,93.88999938964844,240990.0
2013-05-29,93.12999725341797,95.22000122070312,92.83000183105469,95.05000305175781,293461.0
2013-05-30,93.61000061035156,93.98999786376953,91.6500015258789,92.88999938964844,294855.0
2013-05-31,91.97000122070312,93.8499984741211,91.55999755859375,93.63999938964844,267978.0
2013-06-01,91.97000122070312,93.8499984741211,91.55999755859375,93.63999938964844,267978.0
2013-06-02,91.97000122070312,93.8499984741211,91.55999755859375,93.63999938964844,267978.0
2013-06-03,93.44999694824219,93.69999694824219,91.26000213623047,91.7300033569336,287474.0
2013-06-04,93.30999755859375,94.41000366210938,92.37999725341797,93.3499984741211,301136.0
2013-06-05,93.73999786376953,94.4800033569336,93.41000366210938,93.86000061035156,268909.0
2013-06-06,94.76000213623047,95.31999969482422,93.69000244140625,93.69999694824219,267164.0
2013-06-07,96.02999877929688,96.38999938964844,93.72000122070312,94.72000122070312,330833.0
2013-06-08,96.02999877929688,96.38999938964844,93.72000122070312,94.72000122070312,330833.0
2013-06-09,96.02999877929688,96.38999938964844,93.72000122070312,94.72000122070312,330833.0
2013-06-10,95.7699966430664,96.25,95.19000244140625,96.08999633789062,234601.0
2013-06-11,95.37999725341797,95.91000366210938,94.04000091552734,95.76000213623047,257474.0
2013-06-12,95.87999725341797,96.44999694824219,94.45999908447266,94.88999938964844,244870.0
2013-06-13,96.69000244140625,96.91999816894531,95.0199966430664,95.7699966430664,224449.0
2013-06-14,97.8499984741211,98.25,96.41999816894531,96.63999938964844,240906.0
2013-06-15,97.8499984741211,98.25,96.41999816894531,96.63999938964844,240906.0
2013-06-16,97.8499984741211,98.25,96.41999816894531,96.63999938964844,240906.0
2013-06-17,97.7699966430664,98.73999786376953,97.37999725341797,97.8499984741211,242794.0
2013-06-18,98.44000244140625,98.66999816894531,97.41000366210938,97.93000030517578,145618.0
2013-06-19,98.23999786376953,99.01000213623047,97.56999969482422,98.58999633789062,111300.0
2013-06-20,95.4000015258789,98.02999877929688,94.88999938964844,98.0199966430664,376229.0
2013-06-21,93.69000244140625,95.83999633789062,93.12000274658203,94.95999908447266,340903.0
2013-06-22,93.69000244140625,95.83999633789062,93.12000274658203,94.95999908447266,340903.0
2013-06-23,93.69000244140625,95.83999633789062,93.12000274658203,94.95999908447266,340903.0
2013-06-24,95.18000030517578,95.58999633789062,92.66999816894531,93.8499984741211,315821.0
2013-06-25,95.31999969482422,96.16999816894531,94.58999633789062,95.0199966430664,267541.0
2013-06-26,95.5,95.69999694824219,93.68000030517578,95.16999816894531,291417.0
2013-06-27,97.05000305175781,97.41000366210938,95.3499984741211,95.5199966430664,269312.0
2013-06-28,96.55999755859375,97.81999969482422,96.33000183105469,96.80999755859375,247607.0
2013-06-29,96.55999755859375,97.81999969482422,96.33000183105469,96.80999755859375,247607.0
2013-06-30,96.55999755859375,97.81999969482422,96.33000183105469,96.80999755859375,247607.0
2013-07-01,97.98999786376953,98.27999877929688,96.06999969482422,96.58000183105469,229193.0
2013-07-02,99.5999984741211,99.87000274658203,97.77999877929688,98.05999755859375,285781.0
2013-07-03,101.23999786376953,102.18000030517578,99.58999633789062,99.61000061035156,353250.0
2013-07-04,101.23999786376953,102.18000030517578,99.58999633789062,99.61000061035156,353250.0
2013-07-05,103.22000122070312,103.68000030517578,100.70999908447266,101.08999633789062,256027.0
2013-07-06,103.22000122070312,103.68000030517578,100.70999908447266,101.08999633789062,256027.0
2013-07-07,103.22000122070312,103.68000030517578,100.70999908447266,101.08999633789062,256027.0
2013-07-08,103.13999938964844,104.12000274658203,102.12999725341797,103.94999694824219,253202.0
2013-07-09,103.52999877929688,104.76000213623047,102.30999755859375,103.0,285670.0
2013-07-10,106.5199966430664,106.66000366210938,104.20999908447266,104.56999969482422,404821.0
2013-07-11,104.91000366210938,107.44999694824219,104.30999755859375,106.1500015258789,316730.0
2013-07-12,105.94999694824219,106.33000183105469,104.36000061035156,104.58000183105469,234756.0
2013-07-13,105.94999694824219,106.33000183105469,104.36000061035156,104.58000183105469,234756.0
2013-07-14,105.94999694824219,106.33000183105469,104.36000061035156,104.58000183105469,234756.0
2013-07-15,106.31999969482422,106.62999725341797,104.6500015258789,106.05000305175781,210806.0
2013-07-16,106.0,107.18000030517578,105.66000366210938,106.44000244140625,250921.0
2013-07-17,106.4800033569336,106.5999984741211,105.11000061035156,105.77999877929688,262789.0
2013-07-18,108.04000091552734,108.43000030517578,106.1500015258789,106.55999755859375,155963.0
2013-07-19,108.05000305175781,109.31999969482422,107.4800033569336,108.12000274658203,112373.0
2013-07-20,108.05000305175781,109.31999969482422,107.4800033569336,108.12000274658203,112373.0
2013-07-21,108.05000305175781,109.31999969482422,107.4800033569336,108.12000274658203,112373.0
2013-07-22,106.91000366210938,108.79000091552734,106.43000030517578,108.33999633789062,283866.0
2013-07-23,107.2300033569336,107.55000305175781,105.45999908447266,107.0,241640.0
2013-07-24,105.38999938964844,107.5199966430664,104.79000091552734,107.36000061035156,278262.0
2013-07-25,105.48999786376953,105.87000274658203,104.08000183105469,105.37000274658203,270580.0
2013-07-26,104.69999694824219,105.62999725341797,103.9000015258789,105.55999755859375,208855.0
2013-07-27,104.69999694824219,105.62999725341797,103.9000015258789,105.55999755859375,208855.0
2013-07-28,104.69999694824219,105.62999725341797,103.9000015258789,105.55999755859375,208855.0
2013-07-29,104.55000305175781,105.37000274658203,103.87000274658203,104.61000061035156,206326.0
2013-07-30,103.08000183105469,104.54000091552734,102.66999816894531,104.5199966430664,235605.0
2013-07-31,105.02999877929688,105.43000030517578,102.93000030517578,103.1500015258789,299127.0
2013-08-01,107.88999938964844,108.05999755859375,105.0999984741211,105.26000213623047,267594.0
2013-08-02,106.94000244140625,108.81999969482422,106.44999694824219,107.80000305175781,249314.0
2013-08-03,106.94000244140625,108.81999969482422,106.44999694824219,107.80000305175781,249314.0
2013-08-04,106.94000244140625,108.81999969482422,106.44999694824219,107.80000305175781,249314.0
2013-08-05,106.55999755859375,107.69000244140625,105.69999694824219,106.83999633789062,204860.0
2013-08-06,105.30000305175781,107.2699966430664,104.86000061035156,106.4800033569336,272996.0
2013-08-07,104.37000274658203,105.7699966430664,104.0999984741211,105.68000030517578,294242.0
2013-08-08,103.4000015258789,104.95999908447266,102.22000122070312,104.18000030517578,320070.0
2013-08-09,105.97000122070312,106.23999786376953,103.62000274658203,103.87000274658203,303796.0
2013-08-10,105.97000122070312,106.23999786376953,103.62000274658203,103.87000274658203,303796.0
2013-08-11,105.97000122070312,106.23999786376953,103.62000274658203,103.87000274658203,303796.0
2013-08-12,106.11000061035156,106.45999908447266,105.02999877929688,105.83999633789062,257139.0
2013-08-13,106.83000183105469,107.19999694824219,105.55999755859375,106.1500015258789,276773.0
2013-08-14,106.8499984741211,107.05999755859375,105.5999984741211,106.54000091552734,270921.0
2013-08-15,107.33000183105469,107.87000274658203,106.5999984741211,106.9800033569336,251868.0
2013-08-16,107.45999908447266,108.16999816894531,106.55999755859375,107.18000030517578,179859.0
2013-08-17,107.45999908447266,108.16999816894531,106.55999755859375,107.18000030517578,179859.0
2013-08-18,107.45999908447266,108.16999816894531,106.55999755859375,107.18000030517578,179859.0
2013-08-19,107.0999984741211,107.80000305175781,106.55999755859375,107.77999877929688,102781.0
2013-08-20,104.97000122070312,107.0999984741211,104.5,106.93000030517578,361065.0
2013-08-21,103.8499984741211,105.3499984741211,103.5,105.18000030517578,259243.0
2013-08-22,105.02999877929688,105.25,103.52999877929688,103.87999725341797,204692.0
2013-08-23,106.41999816894531,106.94000244140625,104.30000305175781,105.22000122070312,259545.0
2013-08-24,106.41999816894531,106.94000244140625,104.30000305175781,105.22000122070312,259545.0
2013-08-25,106.41999816894531,106.94000244140625,104.30000305175781,105.22000122070312,259545.0
2013-08-26,105.91999816894531,107.37000274658203,105.55999755859375,106.91000366210938,165995.0
2013-08-27,109.01000213623047,109.31999969482422,105.87999725341797,106.13999938964844,295934.0
2013-08-28,110.0999984741211,112.23999786376953,109.11000061035156,109.22000122070312,336171.0
2013-08-29,108.80000305175781,110.06999969482422,107.72000122070312,109.52999877929688,250038.0
2013-08-30,107.6500015258789,108.75,106.75,108.16999816894531,250038.0
2013-08-31,107.6500015258789,108.75,106.75,108.16999816894531,250038.0
2013-09-01,107.6500015258789,108.75,106.75,108.16999816894531,250038.0
2013-09-02,107.6500015258789,108.75,106.75,108.16999816894531,250038.0
2013-09-03,108.54000091552734,108.83000183105469,104.20999908447266,107.06999969482422,288018.0
2013-09-04,107.2300033569336,108.61000061035156,106.7699966430664,108.44000244140625,224377.0
2013-09-05,108.37000274658203,108.54000091552734,107.12999725341797,107.58999633789062,184889.0
2013-09-06,110.52999877929688,110.69999694824219,108.12000274658203,108.5199966430664,269866.0
2013-09-07,110.52999877929688,110.69999694824219,108.12000274658203,108.5199966430664,269866.0
2013-09-08,110.52999877929688,110.69999694824219,108.12000274658203,108.5199966430664,269866.0
2013-09-09,109.5199966430664,110.45999908447266,108.76000213623047,110.27999877929688,266915.0
2013-09-10,107.38999938964844,108.94999694824219,106.38999938964844,108.91999816894531,325314.0
2013-09-11,107.55999755859375,108.08999633789062,106.52999877929688,107.36000061035156,238235.0
2013-09-12,108.5999984741211,109.16000366210938,107.30000305175781,107.7699966430664,249780.0
2013-09-13,108.20999908447266,108.73999786376953,107.2300033569336,108.63999938964844,207037.0
2013-09-14,108.20999908447266,108.73999786376953,107.2300033569336,108.63999938964844,207037.0
2013-09-15,108.20999908447266,108.73999786376953,107.2300033569336,108.63999938964844,207037.0
2013-09-16,106.58999633789062,108.0,106.05999755859375,107.5,282888.0
2013-09-17,105.41999816894531,106.43000030517578,104.94000244140625,106.22000122070312,304851.0
2013-09-18,108.06999969482422,108.48999786376953,105.31999969482422,105.52999877929688,199888.0
2013-09-19,106.38999938964844,108.98999786376953,106.08000183105469,108.22000122070312,139835.0
2013-09-20,104.68000030517578,106.45999908447266,104.31999969482422,106.37000274658203,250360.0
2013-09-21,104.68000030517578,106.45999908447266,104.31999969482422,106.37000274658203,250360.0
2013-09-22,104.68000030517578,106.45999908447266,104.31999969482422,106.37000274658203,250360.0
2013-09-23,103.58999633789062,105.12000274658203,103.12000274658203,104.88999938964844,223392.0
2013-09-24,103.12999725341797,103.63999938964844,102.30000305175781,103.44000244140625,259543.0
2013-09-25,102.66000366210938,103.95999908447266,102.19999694824219,103.41000366210938,236195.0
2013-09-26,103.02999877929688,103.29000091552734,102.19999694824219,102.30000305175781,183778.0
2013-09-27,102.87000274658203,103.7699966430664,102.36000061035156,102.91000366210938,232299.0
2013-09-28,102.87000274658203,103.7699966430664,102.36000061035156,102.91000366210938,232299.0
2013-09-29,102.87000274658203,103.7699966430664,102.36000061035156,102.91000366210938,232299.0
2013-09-30,102.33000183105469,102.76000213623047,101.05000305175781,102.45999908447266,226707.0
2013-10-01,102.04000091552734,102.58000183105469,101.05999755859375,102.30999755859375,223028.0
2013-10-02,104.0999984741211,104.2300033569336,101.43000030517578,101.62000274658203,300526.0
2013-10-03,103.30999755859375,104.37999725341797,102.87000274658203,103.81999969482422,226225.0
2013-10-04,103.83999633789062,104.19000244140625,102.9000015258789,102.91999816894531,165197.0
2013-10-05,103.83999633789062,104.19000244140625,102.9000015258789,102.91999816894531,165197.0
2013-10-06,103.83999633789062,104.19000244140625,102.9000015258789,102.91999816894531,165197.0
2013-10-07,103.02999877929688,103.73999786376953,101.86000061035156,103.44999694824219,269025.0
2013-10-08,103.48999786376953,104.08000183105469,102.8499984741211,103.16000366210938,194195.0
2013-10-09,101.61000061035156,103.75,101.18000030517578,103.48999786376953,283131.0
2013-10-10,103.01000213623047,103.56999969482422,101.16000366210938,101.45999908447266,296858.0
2013-10-11,102.0199966430664,102.94999694824219,100.5999984741211,102.94000244140625,298216.0
2013-10-12,102.0199966430664,102.94999694824219,100.5999984741211,102.94000244140625,298216.0
2013-10-13,102.0199966430664,102.94999694824219,100.5999984741211,102.94000244140625,298216.0
2013-10-14,102.41000366210938,102.62000274658203,101.05999755859375,101.37000274658203,170674.0
2013-10-15,101.20999908447266,102.45999908447266,100.87000274658203,102.19000244140625,240218.0
2013-10-16,102.29000091552734,102.97000122070312,100.75,100.87999725341797,235236.0
2013-10-17,100.66999816894531,102.31999969482422,100.02999877929688,102.12999725341797,266625.0
2013-10-18,100.80999755859375,101.70999908447266,100.51000213623047,100.72000122070312,116680.0
2013-10-19,100.80999755859375,101.70999908447266,100.51000213623047,100.72000122070312,116680.0
2013-10-20,100.80999755859375,101.70999908447266,100.51000213623047,100.72000122070312,116680.0
2013-10-21,99.22000122070312,100.94999694824219,98.9800033569336,100.62999725341797,90824.0
2013-10-22,97.80000305175781,99.7699966430664,97.5,99.05999755859375,347314.0
2013-10-23,96.86000061035156,98.29000091552734,96.16000366210938,98.12000274658203,356194.0
2013-10-24,97.11000061035156,97.69000244140625,95.94999694824219,97.0999984741211,248742.0
2013-10-25,97.8499984741211,98.05999755859375,96.98999786376953,97.19000244140625,192632.0
2013-10-26,97.8499984741211,98.05999755859375,96.98999786376953,97.19000244140625,192632.0
2013-10-27,97.8499984741211,98.05999755859375,96.98999786376953,97.19000244140625,192632.0
2013-10-28,98.68000030517578,98.81999969482422,97.37000274658203,97.87999725341797,230155.0
2013-10-29,98.19999694824219,98.56999969482422,97.69000244140625,98.54000091552734,183243.0
2013-10-30,96.7699966430664,97.81999969482422,96.55000305175781,97.7699966430664,268138.0
2013-10-31,96.37999725341797,97.02999877929688,96.02999877929688,96.62000274658203,255401.0
2013-11-01,94.61000061035156,96.6500015258789,94.36000061035156,96.31999969482422,282138.0
2013-11-02,94.61000061035156,96.6500015258789,94.36000061035156,96.31999969482422,282138.0
2013-11-03,94.61000061035156,96.6500015258789,94.36000061035156,96.31999969482422,282138.0
2013-11-04,94.62000274658203,95.11000061035156,94.05999755859375,94.5199966430664,219109.0
2013-11-05,93.37000274658203,94.9000015258789,93.06999969482422,94.47000122070312,226454.0
2013-11-06,94.80000305175781,95.4000015258789,93.6500015258789,93.73999786376953,282722.0
2013-11-07,94.19999694824219,95.30999755859375,93.80000305175781,94.91000366210938,260597.0
2013-11-08,94.5999984741211,94.91999816894531,93.9000015258789,94.36000061035156,241690.0
2013-11-09,94.5999984741211,94.91999816894531,93.9000015258789,94.36000061035156,241690.0
2013-11-10,94.5999984741211,94.91999816894531,93.9000015258789,94.36000061035156,241690.0
2013-11-11,95.13999938964844,95.37999725341797,94.11000061035156,94.44999694824219,206721.0
2013-11-12,93.04000091552734,95.22000122070312,92.86000061035156,95.0,353689.0
2013-11-13,93.87999725341797,94.54000091552734,92.93000030517578,93.06999969482422,305009.0
2013-11-14,93.76000213623047,94.43000030517578,92.51000213623047,93.5,315066.0
2013-11-15,93.83999633789062,94.55000305175781,93.58000183105469,93.88999938964844,204366.0
2013-11-16,93.83999633789062,94.55000305175781,93.58000183105469,93.88999938964844,204366.0
2013-11-17,93.83999633789062,94.55000305175781,93.58000183105469,93.88999938964844,204366.0
2013-11-18,93.02999877929688,94.30000305175781,92.72000122070312,93.77999877929688,169443.0
2013-11-19,93.33999633789062,93.45999908447266,92.43000030517578,93.0,131463.0
2013-11-20,93.33000183105469,93.93000030517578,92.7300033569336,93.33000183105469,225891.0
2013-11-21,95.44000244140625,95.62999725341797,93.47000122070312,93.7300033569336,222138.0
2013-11-22,94.83999633789062,95.56999969482422,94.05000305175781,95.29000091552734,257843.0
2013-11-23,94.83999633789062,95.56999969482422,94.05000305175781,95.29000091552734,257843.0
2013-11-24,94.83999633789062,95.56999969482422,94.05000305175781,95.29000091552734,257843.0
2013-11-25,94.08999633789062,94.5,93.08000183105469,94.1500015258789,270860.0
2013-11-26,93.68000030517578,94.69000244140625,93.43000030517578,94.20999908447266,160178.0
2013-11-27,92.30000305175781,93.5999984741211,91.7699966430664,93.5,230878.0
2013-11-28,92.30000305175781,93.5999984741211,91.7699966430664,93.5,230878.0
2013-11-29,92.72000122070312,93.9000015258789,92.05999755859375,92.33000183105469,143205.0
2013-11-30,92.72000122070312,93.9000015258789,92.05999755859375,92.33000183105469,143205.0
2013-12-01,92.72000122070312,93.9000015258789,92.05999755859375,92.33000183105469,143205.0
2013-12-02,93.81999969482422,94.08000183105469,92.55999755859375,92.70999908447266,234800.0
2013-12-03,96.04000091552734,96.95999908447266,93.66999816894531,93.86000061035156,319271.0
2013-12-04,97.19999694824219,97.58000183105469,96.30000305175781,96.9000015258789,325857.0
2013-12-05,97.37999725341797,97.98999786376953,97.01000213623047,97.33000183105469,216392.0
2013-12-06,97.6500015258789,98.06999969482422,97.08000183105469,97.37999725341797,223944.0
2013-12-07,97.6500015258789,98.06999969482422,97.08000183105469,97.37999725341797,223944.0
2013-12-08,97.6500015258789,98.06999969482422,97.08000183105469,97.37999725341797,223944.0
2013-12-09,97.33999633789062,97.97000122070312,97.0999984741211,97.66000366210938,210090.0
2013-12-10,98.51000213623047,98.73999786376953,97.23999786376953,97.25,264838.0
2013-12-11,97.44000244140625,98.75,97.19999694824219,98.6500015258789,274194.0
2013-12-12,97.5,98.18000030517578,97.30999755859375,97.55000305175781,205749.0
2013-12-13,96.5999984741211,97.62000274658203,96.26000213623047,97.58000183105469,233161.0
2013-12-14,96.5999984741211,97.62000274658203,96.26000213623047,97.58000183105469,233161.0
2013-12-15,96.5999984741211,97.62000274658203,96.26000213623047,97.58000183105469,233161.0
2013-12-16,97.4800033569336,97.69000244140625,96.20999908447266,96.55000305175781,187591.0
2013-12-17,97.22000122070312,97.9000015258789,97.0,97.30000305175781,120127.0
2013-12-18,97.80000305175781,98.01000213623047,97.0199966430664,97.30000305175781,84627.0
2013-12-19,98.7699966430664,99.16999816894531,97.5,97.69000244140625,192782.0
2013-12-20,99.31999969482422,99.4000015258789,98.54000091552734,98.69999694824219,151281.0
2013-12-21,99.31999969482422,99.4000015258789,98.54000091552734,98.69999694824219,151281.0
2013-12-22,99.31999969482422,99.4000015258789,98.54000091552734,98.69999694824219,151281.0
2013-12-23,98.91000366210938,99.30999755859375,98.63999938964844,99.19999694824219,107273.0
2013-12-24,99.22000122070312,99.30000305175781,98.52999877929688,98.62000274658203,51877.0
2013-12-25,99.22000122070312,99.30000305175781,98.52999877929688,98.62000274658203,51877.0
2013-12-26,99.55000305175781,99.69999694824219,99.05000305175781,99.19999694824219,65666.0
2013-12-27,100.31999969482422,100.75,99.37000274658203,99.62999725341797,127198.0
2013-12-28,100.31999969482422,100.75,99.37000274658203,99.62999725341797,127198.0
2013-12-29,100.31999969482422,100.75,99.37000274658203,99.62999725341797,127198.0
2013-12-30,99.29000091552734,100.41999816894531,99.12999725341797,100.1500015258789,118356.0
2013-12-31,98.41999816894531,99.38999938964844,98.1500015258789,99.25,113907.0
2014-01-01,98.41999816894531,99.38999938964844,98.1500015258789,99.25,113907.0
2014-01-02,95.44000244140625,98.97000122070312,95.33999633789062,98.5,251248.0
2014-01-03,93.95999908447266,95.73999786376953,93.86000061035156,95.47000122070312,215522.0
2014-01-04,93.95999908447266,95.73999786376953,93.86000061035156,95.47000122070312,215522.0
2014-01-05,93.95999908447266,95.73999786376953,93.86000061035156,95.47000122070312,215522.0
2014-01-06,93.43000030517578,94.58999633789062,93.19999694824219,94.18000030517578,189379.0
2014-01-07,93.66999816894531,94.22000122070312,93.3499984741211,93.5999984741211,177182.0
2014-01-08,92.33000183105469,94.18000030517578,92.26000213623047,93.95999908447266,244855.0
2014-01-09,91.66000366210938,92.93000030517578,91.23999786376953,92.58000183105469,255784.0
2014-01-10,92.72000122070312,93.37999725341797,91.98999786376953,92.30000305175781,255988.0
2014-01-11,92.72000122070312,93.37999725341797,91.98999786376953,92.30000305175781,255988.0
2014-01-12,92.72000122070312,93.37999725341797,91.98999786376953,92.30000305175781,255988.0
2014-01-13,91.80000305175781,92.87999725341797,91.43000030517578,92.83000183105469,212208.0
2014-01-14,92.58999633789062,92.87999725341797,91.5,91.51000213623047,243474.0
2014-01-15,94.16999816894531,94.63999938964844,92.43000030517578,92.6500015258789,263295.0
2014-01-16,93.95999908447266,94.63999938964844,93.5999984741211,94.29000091552734,165135.0
2014-01-17,94.37000274658203,94.94000244140625,93.94000244140625,94.16999816894531,119887.0
2014-01-18,94.37000274658203,94.94000244140625,93.94000244140625,94.16999816894531,119887.0
2014-01-19,94.37000274658203,94.94000244140625,93.94000244140625,94.16999816894531,119887.0
2014-01-20,94.37000274658203,94.94000244140625,93.94000244140625,94.16999816894531,119887.0
2014-01-21,94.98999786376953,95.2300033569336,93.43000030517578,94.0,244861.0
2014-01-22,96.7300033569336,96.88999938964844,95.12000274658203,95.19999694824219,252349.0
2014-01-23,97.31999969482422,97.83999633789062,96.41000366210938,96.69000244140625,274078.0
2014-01-24,96.63999938964844,97.80000305175781,96.25,97.37000274658203,239673.0
2014-01-25,96.63999938964844,97.80000305175781,96.25,97.37000274658203,239673.0
2014-01-26,96.63999938964844,97.80000305175781,96.25,97.37000274658203,239673.0
2014-01-27,95.72000122070312,97.18000030517578,95.20999908447266,96.9000015258789,235110.0
2014-01-28,97.41000366210938,97.66000366210938,95.62999725341797,95.66000366210938,206490.0
2014-01-29,97.36000061035156,97.75,96.31999969482422,97.16999816894531,200486.0
2014-01-30,98.2300033569336,98.58999633789062,97.33000183105469,97.41999816894531,199420.0
2014-01-31,97.48999786376953,98.38999938964844,97.0999984741211,97.97000122070312,253457.0
2014-02-01,97.48999786376953,98.38999938964844,97.0999984741211,97.97000122070312,253457.0
2014-02-02,97.48999786376953,98.38999938964844,97.0999984741211,97.97000122070312,253457.0
2014-02-03,96.43000030517578,97.94000244140625,96.26000213623047,97.4000015258789,293312.0
2014-02-04,97.19000244140625,97.81999969482422,96.37000274658203,96.52999877929688,204282.0
2014-02-05,97.37999725341797,98.26000213623047,96.80000305175781,97.66999816894531,237671.0
2014-02-06,97.83999633789062,98.83000183105469,97.25,97.25,234281.0
2014-02-07,99.87999725341797,100.23999786376953,97.11000061035156,97.97000122070312,270407.0
2014-02-08,99.87999725341797,100.23999786376953,97.11000061035156,97.97000122070312,270407.0
2014-02-09,99.87999725341797,100.23999786376953,97.11000061035156,97.97000122070312,270407.0
2014-02-10,100.05999755859375,100.55000305175781,99.11000061035156,100.05000305175781,251127.0
2014-02-11,99.94000244140625,100.5999984741211,99.5999984741211,99.97000122070312,233933.0
2014-02-12,100.37000274658203,101.37999725341797,100.04000091552734,100.45999908447266,318686.0
2014-02-13,100.3499984741211,100.66000366210938,99.4000015258789,100.2699966430664,221722.0
2014-02-14,100.30000305175781,100.47000122070312,99.43000030517578,100.33999633789062,229784.0
2014-02-15,100.30000305175781,100.47000122070312,99.43000030517578,100.33999633789062,229784.0
2014-02-16,100.30000305175781,100.47000122070312,99.43000030517578,100.33999633789062,229784.0
2014-02-17,100.30000305175781,100.47000122070312,99.43000030517578,100.33999633789062,229784.0
2014-02-18,102.43000030517578,103.25,100.2300033569336,100.31999969482422,177371.0
2014-02-19,103.30999755859375,103.80000305175781,102.4000015258789,103.13999938964844,116164.0
2014-02-20,102.91999816894531,103.5,102.75,103.41000366210938,194397.0
2014-02-21,102.19999694824219,102.91999816894531,101.69000244140625,102.87000274658203,173260.0
2014-02-22,102.19999694824219,102.91999816894531,101.69000244140625,102.87000274658203,173260.0
2014-02-23,102.19999694824219,102.91999816894531,101.69000244140625,102.87000274658203,173260.0
2014-02-24,102.81999969482422,103.44999694824219,101.97000122070312,102.29000091552734,177861.0
2014-02-25,101.83000183105469,102.83999633789062,101.0199966430664,102.80000305175781,187216.0
2014-02-26,102.58999633789062,102.9000015258789,101.58000183105469,102.04000091552734,196517.0
2014-02-27,102.4000015258789,103.08000183105469,101.75,102.56999969482422,196494.0
2014-02-28,102.58999633789062,102.95999908447266,101.80000305175781,102.1500015258789,178276.0
2014-03-01,102.58999633789062,102.95999908447266,101.80000305175781,102.1500015258789,178276.0
2014-03-02,102.58999633789062,102.95999908447266,101.80000305175781,102.1500015258789,178276.0
2014-03-03,104.91999816894531,105.22000122070312,102.94999694824219,103.0,295819.0
2014-03-04,103.33000183105469,104.95999908447266,102.8499984741211,104.88999938964844,210005.0
2014-03-05,101.44999694824219,103.52999877929688,100.8499984741211,103.3499984741211,267837.0
2014-03-06,101.55999755859375,102.08000183105469,100.12999725341797,101.04000091552734,291849.0
2014-03-07,102.58000183105469,102.91000366210938,101.56999969482422,101.97000122070312,226145.0
2014-03-08,102.58000183105469,102.91000366210938,101.56999969482422,101.97000122070312,226145.0
2014-03-09,102.58000183105469,102.91000366210938,101.56999969482422,101.97000122070312,226145.0
2014-03-10,101.12000274658203,102.81999969482422,100.8499984741211,102.75,225290.0
2014-03-11,100.02999877929688,101.5199966430664,99.31999969482422,100.94000244140625,294201.0
2014-03-12,97.98999786376953,99.5999984741211,97.55000305175781,99.4800033569336,416927.0
2014-03-13,98.19999694824219,98.5999984741211,97.66999816894531,98.0999984741211,268074.0
2014-03-14,98.88999938964844,99.27999877929688,98.05999755859375,98.25,226300.0
2014-03-15,98.88999938964844,99.27999877929688,98.05999755859375,98.25,226300.0
2014-03-16,98.88999938964844,99.27999877929688,98.05999755859375,98.25,226300.0
2014-03-17,98.08000183105469,99.38999938964844,97.37000274658203,99.38999938964844,227387.0
2014-03-18,99.69999694824219,99.77999877929688,97.75,97.97000122070312,192508.0
2014-03-19,100.37000274658203,100.47000122070312,99.33999633789062,99.52999877929688,110319.0
2014-03-20,99.43000030517578,100.81999969482422,99.08000183105469,100.38999938964844,244866.0
2014-03-21,99.45999908447266,100.25,98.25,98.58999633789062,191289.0
2014-03-22,99.45999908447266,100.25,98.25,98.58999633789062,191289.0
2014-03-23,99.45999908447266,100.25,98.25,98.58999633789062,191289.0
2014-03-24,99.5999984741211,100.29000091552734,99.05000305175781,99.48999786376953,151710.0
2014-03-25,99.19000244140625,100.25,98.80000305175781,99.43000030517578,217013.0
2014-03-26,100.26000213623047,100.45999908447266,99.0999984741211,99.18000030517578,211367.0
2014-03-27,101.27999877929688,101.69999694824219,100.02999877929688,100.30000305175781,202200.0
2014-03-28,101.66999816894531,102.23999786376953,101.18000030517578,101.33999633789062,166326.0
2014-03-29,101.66999816894531,102.23999786376953,101.18000030517578,101.33999633789062,166326.0
2014-03-30,101.66999816894531,102.23999786376953,101.18000030517578,101.33999633789062,166326.0
2014-03-31,101.58000183105469,101.97000122070312,100.87999725341797,101.69000244140625,167570.0
2014-04-01,99.73999786376953,101.56999969482422,99.27999877929688,101.52999877929688,237564.0
2014-04-02,99.62000274658203,99.83000183105469,98.86000061035156,99.63999938964844,231596.0
2014-04-03,100.29000091552734,100.48999786376953,99.06999969482422,99.29000091552734,195430.0
2014-04-04,101.13999938964844,101.62999725341797,100.27999877929688,100.37999725341797,193532.0
2014-04-05,101.13999938964844,101.62999725341797,100.27999877929688,100.37999725341797,193532.0
2014-04-06,101.13999938964844,101.62999725341797,100.27999877929688,100.37999725341797,193532.0
2014-04-07,100.44000244140625,101.31999969482422,99.91999816894531,100.91000366210938,254884.0
2014-04-08,102.55999755859375,102.70999908447266,100.68000030517578,100.69000244140625,299549.0
2014-04-09,103.5999984741211,103.7699966430664,102.02999877929688,102.3499984741211,324660.0
2014-04-10,103.4000015258789,103.80999755859375,103.0999984741211,103.44000244140625,222169.0
2014-04-11,103.73999786376953,104.44000244140625,103.01000213623047,103.33999633789062,261915.0
2014-04-12,103.73999786376953,104.44000244140625,103.01000213623047,103.33999633789062,261915.0
2014-04-13,103.73999786376953,104.44000244140625,103.01000213623047,103.33999633789062,261915.0
2014-04-14,104.05000305175781,104.55000305175781,103.33999633789062,103.55999755859375,237213.0
2014-04-15,103.75,104.05000305175781,102.91000366210938,103.5999984741211,215848.0
2014-04-16,103.76000213623047,104.98999786376953,103.12000274658203,103.76000213623047,279392.0
2014-04-17,104.30000305175781,104.77999877929688,103.54000091552734,103.83999633789062,191342.0
2014-04-18,104.30000305175781,104.77999877929688,103.54000091552734,103.83999633789062,191342.0
2014-04-19,104.30000305175781,104.77999877929688,103.54000091552734,103.83999633789062,191342.0
2014-04-20,104.30000305175781,104.77999877929688,103.54000091552734,103.83999633789062,191342.0
2014-04-21,104.37000274658203,104.7699966430664,103.8499984741211,104.54000091552734,115095.0
2014-04-22,102.12999725341797,104.36000061035156,101.69000244140625,104.36000061035156,323723.0
2014-04-23,101.44000244140625,102.08000183105469,101.19999694824219,101.86000061035156,250645.0
2014-04-24,101.94000244140625,102.3499984741211,101.4000015258789,101.54000091552734,202278.0
2014-04-25,100.5999984741211,102.05000305175781,100.4800033569336,101.93000030517578,221601.0
2014-04-26,100.5999984741211,102.05000305175781,100.4800033569336,101.93000030517578,221601.0
2014-04-27,100.5999984741211,102.05000305175781,100.4800033569336,101.93000030517578,221601.0
2014-04-28,100.83999633789062,101.5199966430664,100.33000183105469,100.48999786376953,231590.0
2014-04-29,101.27999877929688,102.19999694824219,100.70999908447266,100.88999938964844,218691.0
2014-04-30,99.73999786376953,100.76000213623047,99.3499984741211,100.76000213623047,282979.0
2014-05-01,99.41999816894531,99.88999938964844,98.73999786376953,99.72000122070312,235455.0
2014-05-02,99.76000213623047,100.13999938964844,99.16999816894531,99.16999816894531,213631.0
2014-05-03,99.76000213623047,100.13999938964844,99.16999816894531,99.16999816894531,213631.0
2014-05-04,99.76000213623047,100.13999938964844,99.16999816894531,99.16999816894531,213631.0
2014-05-05,99.4800033569336,100.44000244140625,98.91000366210938,99.95999908447266,190002.0
2014-05-06,99.5,100.41999816894531,99.31999969482422,99.37999725341797,251208.0
2014-05-07,100.7699966430664,100.98999786376953,99.77999877929688,99.83000183105469,291271.0
2014-05-08,100.26000213623047,100.93000030517578,99.87000274658203,100.81999969482422,252605.0
2014-05-09,99.98999786376953,101.18000030517578,99.70999908447266,100.2699966430664,271341.0
2014-05-10,99.98999786376953,101.18000030517578,99.70999908447266,100.2699966430664,271341.0
2014-05-11,99.98999786376953,101.18000030517578,99.70999908447266,100.2699966430664,271341.0
2014-05-12,100.58999633789062,100.93000030517578,99.93000030517578,100.12000274658203,211648.0
2014-05-13,101.69999694824219,102.05000305175781,100.36000061035156,100.62999725341797,253588.0
2014-05-14,102.37000274658203,102.6500015258789,101.83000183105469,101.91000366210938,234477.0
2014-05-15,101.5,102.26000213623047,101.2699966430664,102.02999877929688,276060.0
2014-05-16,102.0199966430664,102.2300033569336,101.38999938964844,101.55999755859375,147896.0
2014-05-17,102.0199966430664,102.2300033569336,101.38999938964844,101.55999755859375,147896.0
2014-05-18,102.0199966430664,102.2300033569336,101.38999938964844,101.55999755859375,147896.0
2014-05-19,102.61000061035156,103.08999633789062,101.97000122070312,102.12999725341797,121114.0
2014-05-20,102.44000244140625,102.86000061035156,102.0999984741211,102.5999984741211,249769.0
2014-05-21,104.06999969482422,104.29000091552734,102.77999877929688,102.95999908447266,272127.0
2014-05-22,103.73999786376953,104.22000122070312,103.55000305175781,103.8499984741211,159181.0
2014-05-23,104.3499984741211,104.5,103.63999938964844,103.70999908447266,160563.0
2014-05-24,104.3499984741211,104.5,103.63999938964844,103.70999908447266,160563.0
2014-05-25,104.3499984741211,104.5,103.63999938964844,103.70999908447266,160563.0
2014-05-26,104.3499984741211,104.5,103.63999938964844,103.70999908447266,160563.0
2014-05-27,104.11000061035156,104.5,103.56999969482422,104.33999633789062,174387.0
2014-05-28,102.72000122070312,104.38999938964844,102.63999938964844,104.13999938964844,239134.0
2014-05-29,103.58000183105469,103.94000244140625,102.61000061035156,103.05999755859375,205506.0
2014-05-30,102.70999908447266,103.55999755859375,102.4000015258789,103.51000213623047,169734.0
2014-05-31,102.70999908447266,103.55999755859375,102.4000015258789,103.51000213623047,169734.0
2014-06-01,102.70999908447266,103.55999755859375,102.4000015258789,103.51000213623047,169734.0
2014-06-02,102.47000122070312,103.3499984741211,102.0999984741211,102.91999816894531,159042.0
2014-06-03,102.66000366210938,102.86000061035156,102.2300033569336,102.44000244140625,160208.0
2014-06-04,102.63999938964844,103.69000244140625,102.33999633789062,102.79000091552734,208540.0
2014-06-05,102.4800033569336,102.69000244140625,101.5999984741211,102.37000274658203,200402.0
2014-06-06,102.66000366210938,103.06999969482422,102.30000305175781,102.44000244140625,197758.0
2014-06-07,102.66000366210938,103.06999969482422,102.30000305175781,102.44000244140625,197758.0
2014-06-08,102.66000366210938,103.06999969482422,102.30000305175781,102.44000244140625,197758.0
2014-06-09,104.41000366210938,104.56999969482422,102.62000274658203,102.77999877929688,246719.0
2014-06-10,104.3499984741211,105.05999755859375,103.9800033569336,104.45999908447266,255599.0
2014-06-11,104.4000015258789,104.80999755859375,104.16999816894531,104.30000305175781,187728.0
2014-06-12,106.52999877929688,106.94999694824219,104.3499984741211,104.47000122070312,321499.0
2014-06-13,106.91000366210938,107.68000030517578,106.37000274658203,106.83999633789062,255394.0
2014-06-14,106.91000366210938,107.68000030517578,106.37000274658203,106.83999633789062,255394.0
2014-06-15,106.91000366210938,107.68000030517578,106.37000274658203,106.83999633789062,255394.0
2014-06-16,106.9000015258789,107.54000091552734,106.56999969482422,106.87999725341797,204792.0
2014-06-17,106.36000061035156,107.18000030517578,106.01000213623047,106.58999633789062,252969.0
2014-06-18,105.97000122070312,106.97000122070312,105.80000305175781,106.5999984741211,176257.0
2014-06-19,106.43000030517578,106.69999694824219,105.31999969482422,106.11000061035156,123121.0
2014-06-20,107.26000213623047,107.7300033569336,106.33000183105469,106.5999984741211,213130.0
2014-06-21,107.26000213623047,107.7300033569336,106.33000183105469,106.5999984741211,213130.0
2014-06-22,107.26000213623047,107.7300033569336,106.33000183105469,106.5999984741211,213130.0
2014-06-23,106.16999816894531,107.44999694824219,105.91000366210938,107.41999816894531,175473.0
2014-06-24,106.02999877929688,106.45999908447266,105.25,106.0199966430664,175206.0
2014-06-25,106.5,107.5,105.47000122070312,106.13999938964844,249064.0
2014-06-26,105.83999633789062,106.80999755859375,105.02999877929688,106.70999908447266,195723.0
2014-06-27,105.73999786376953,106.19000244140625,105.33000183105469,105.63999938964844,128975.0
2014-06-28,105.73999786376953,106.19000244140625,105.33000183105469,105.63999938964844,128975.0
2014-06-29,105.73999786376953,106.19000244140625,105.33000183105469,105.63999938964844,128975.0
2014-06-30,105.37000274658203,105.76000213623047,104.66000366210938,105.69000244140625,215334.0
2014-07-01,105.33999633789062,106.08999633789062,104.5999984741211,105.44000244140625,221685.0
2014-07-02,104.4800033569336,105.52999877929688,104.0999984741211,105.20999908447266,240067.0
2014-07-03,104.05999755859375,104.29000091552734,103.66999816894531,104.2699966430664,169938.0
2014-07-04,104.05999755859375,104.29000091552734,103.66999816894531,104.2699966430664,169938.0
2014-07-05,104.05999755859375,104.29000091552734,103.66999816894531,104.2699966430664,169938.0
2014-07-06,104.05999755859375,104.29000091552734,103.66999816894531,104.2699966430664,169938.0
2014-07-07,103.52999877929688,104.12999725341797,103.19000244140625,104.05999755859375,189250.0
2014-07-08,103.4000015258789,104.19999694824219,103.01000213623047,103.38999938964844,249378.0
2014-07-09,102.29000091552734,103.5999984741211,101.8499984741211,103.44999694824219,250987.0
2014-07-10,102.93000030517578,103.0,101.55000305175781,101.94999694824219,238076.0
2014-07-11,100.83000183105469,102.91999816894531,100.44000244140625,102.86000061035156,272550.0
2014-07-12,100.83000183105469,102.91999816894531,100.44000244140625,102.86000061035156,272550.0
2014-07-13,100.83000183105469,102.91999816894531,100.44000244140625,102.86000061035156,272550.0
2014-07-14,100.91000366210938,101.19999694824219,100.22000122070312,100.45999908447266,252675.0
2014-07-15,99.95999908447266,101.05999755859375,99.01000213623047,100.93000030517578,331196.0
2014-07-16,101.19999694824219,101.5999984741211,100.06999969482422,100.20999908447266,240202.0
2014-07-17,103.19000244140625,103.9000015258789,101.2699966430664,101.48999786376953,342872.0
2014-07-18,103.12999725341797,103.94000244140625,102.58000183105469,103.72000122070312,172529.0
2014-07-19,103.12999725341797,103.94000244140625,102.58000183105469,103.72000122070312,172529.0
2014-07-20,103.12999725341797,103.94000244140625,102.58000183105469,103.72000122070312,172529.0
2014-07-21,104.58999633789062,104.98999786376953,102.6500015258789,102.97000122070312,126986.0
2014-07-22,104.41999816894531,105.25,103.88999938964844,104.58000183105469,252395.0
2014-07-23,103.12000274658203,103.33999633789062,101.79000091552734,101.95999908447266,260652.0
2014-07-24,102.06999969482422,103.30999755859375,101.87999725341797,103.19999694824219,194404.0
2014-07-25,102.08999633789062,102.52999877929688,101.0,102.04000091552734,284919.0
2014-07-26,102.08999633789062,102.52999877929688,101.0,102.04000091552734,284919.0
2014-07-27,102.08999633789062,102.52999877929688,101.0,102.04000091552734,284919.0
2014-07-28,101.66999816894531,102.0999984741211,100.9000015258789,101.87000274658203,197815.0
2014-07-29,100.97000122070312,101.83000183105469,100.37000274658203,101.5999984741211,258060.0
2014-07-30,100.2699966430664,101.66999816894531,99.41999816894531,101.02999877929688,263974.0
2014-07-31,98.16999816894531,99.8499984741211,97.5999984741211,99.47000122070312,335785.0
2014-08-01,97.87999725341797,98.0999984741211,97.08999633789062,97.69999694824219,274992.0
2014-08-02,97.87999725341797,98.0999984741211,97.08999633789062,97.69999694824219,274992.0
2014-08-03,97.87999725341797,98.0999984741211,97.08999633789062,97.69999694824219,274992.0
2014-08-04,98.29000091552734,98.66999816894531,97.43000030517578,97.66999816894531,204262.0
2014-08-05,97.37999725341797,98.66999816894531,97.0,98.41000366210938,242237.0
2014-08-06,96.91999816894531,98.12999725341797,96.69000244140625,97.62000274658203,263598.0
2014-08-07,97.33999633789062,97.72000122070312,96.55000305175781,96.88999938964844,286531.0
2014-08-08,97.6500015258789,98.44999694824219,97.1500015258789,97.63999938964844,266006.0
2014-08-09,97.6500015258789,98.44999694824219,97.1500015258789,97.63999938964844,266006.0
2014-08-10,97.6500015258789,98.44999694824219,97.1500015258789,97.63999938964844,266006.0
2014-08-11,98.08000183105469,98.58000183105469,97.37000274658203,97.54000091552734,241493.0
2014-08-12,97.37000274658203,97.94000244140625,96.80999755859375,97.83999633789062,242592.0
2014-08-13,97.58999633789062,97.77999877929688,96.75,97.19999694824219,253703.0
2014-08-14,95.58000183105469,97.58999633789062,95.26000213623047,97.30000305175781,350619.0
2014-08-15,97.3499984741211,97.41000366210938,95.31999969482422,95.5,269750.0
2014-08-16,97.3499984741211,97.41000366210938,95.31999969482422,95.5,269750.0
2014-08-17,97.3499984741211,97.41000366210938,95.31999969482422,95.5,269750.0
2014-08-18,96.41000366210938,97.16000366210938,95.80999755859375,97.0999984741211,157537.0
2014-08-19,94.4800033569336,97.05000305175781,94.26000213623047,96.55999755859375,109041.0
2014-08-20,96.06999969482422,96.47000122070312,94.69999694824219,94.69999694824219,207152.0
2014-08-21,93.95999908447266,94.44999694824219,92.5,93.48999786376953,226343.0
2014-08-22,93.6500015258789,94.04000091552734,92.91999816894531,93.88999938964844,191457.0
2014-08-23,93.6500015258789,94.04000091552734,92.91999816894531,93.88999938964844,191457.0
2014-08-24,93.6500015258789,94.04000091552734,92.91999816894531,93.88999938964844,191457.0
2014-08-25,93.3499984741211,93.94999694824219,93.05000305175781,93.33999633789062,137420.0
2014-08-26,93.86000061035156,94.3499984741211,93.3499984741211,93.36000061035156,176280.0
2014-08-27,93.87999725341797,94.23999786376953,93.36000061035156,93.87999725341797,174908.0
2014-08-28,94.55000305175781,94.70999908447266,93.44999694824219,93.75,262292.0
2014-08-29,95.95999908447266,96.0,94.4800033569336,94.55999755859375,234972.0
2014-08-30,95.95999908447266,96.0,94.4800033569336,94.55999755859375,234972.0
2014-08-31,95.95999908447266,96.0,94.4800033569336,94.55999755859375,234972.0
2014-09-01,95.95999908447266,96.0,94.4800033569336,94.55999755859375,234972.0
2014-09-02,92.87999725341797,95.91000366210938,92.68000030517578,95.80999755859375,320356.0
2014-09-03,95.54000091552734,95.83000183105469,93.05999755859375,93.27999877929688,294395.0
2014-09-04,94.44999694824219,95.38999938964844,94.16000366210938,95.06999969482422,254140.0
2014-09-05,93.29000091552734,94.98999786376953,92.86000061035156,94.56999969482422,261386.0
2014-09-06,93.29000091552734,94.98999786376953,92.86000061035156,94.56999969482422,261386.0
2014-09-07,93.29000091552734,94.98999786376953,92.86000061035156,94.56999969482422,261386.0
2014-09-08,92.66000366210938,93.62000274658203,91.80000305175781,93.48999786376953,277990.0
2014-09-09,92.75,93.94000244140625,92.5199966430664,93.11000061035156,275876.0
2014-09-10,91.66999816894531,93.02999877929688,91.22000122070312,92.79000091552734,295306.0
2014-09-11,92.83000183105469,93.44000244140625,90.43000030517578,91.70999908447266,403175.0
2014-09-12,92.2699966430664,93.66999816894531,91.95999908447266,93.05000305175781,297768.0
2014-09-13,92.2699966430664,93.66999816894531,91.95999908447266,93.05000305175781,297768.0
2014-09-14,92.2699966430664,93.66999816894531,91.95999908447266,93.05000305175781,297768.0
2014-09-15,92.91999816894531,93.02999877929688,90.62999725341797,92.12999725341797,260506.0
2014-09-16,94.87999725341797,95.19000244140625,92.45999908447266,92.80999755859375,294723.0
2014-09-17,94.41999816894531,95.05999755859375,93.73999786376953,94.70999908447266,305832.0
2014-09-18,93.06999969482422,94.81999969482422,92.8499984741211,93.97000122070312,170772.0
2014-09-19,92.41000366210938,93.22000122070312,91.8499984741211,92.97000122070312,92780.0
2014-09-20,92.41000366210938,93.22000122070312,91.8499984741211,92.97000122070312,92780.0
2014-09-21,92.41000366210938,93.22000122070312,91.8499984741211,92.97000122070312,92780.0
2014-09-22,91.5199966430664,92.63999938964844,91.19999694824219,92.22000122070312,229232.0
2014-09-23,91.55999755859375,92.08999633789062,90.58000183105469,90.69999694824219,247770.0
2014-09-24,92.80000305175781,93.29000091552734,91.12000274658203,91.72000122070312,282634.0
2014-09-25,92.52999877929688,93.54000091552734,92.05000305175781,92.88999938964844,248852.0
2014-09-26,93.54000091552734,93.86000061035156,92.2300033569336,92.47000122070312,258890.0
2014-09-27,93.54000091552734,93.86000061035156,92.2300033569336,92.47000122070312,258890.0
2014-09-28,93.54000091552734,93.86000061035156,92.2300033569336,92.47000122070312,258890.0
2014-09-29,94.56999969482422,94.63999938964844,92.73999786376953,93.3499984741211,261246.0
2014-09-30,91.16000366210938,94.9000015258789,90.86000061035156,94.33999633789062,429251.0
2014-10-01,90.7300033569336,92.95999908447266,90.47000122070312,91.36000061035156,389246.0
2014-10-02,91.01000213623047,91.54000091552734,88.18000030517578,90.73999786376953,449554.0
2014-10-03,89.73999786376953,91.79000091552734,89.36000061035156,91.37999725341797,342795.0
2014-10-04,89.73999786376953,91.79000091552734,89.36000061035156,91.37999725341797,342795.0
2014-10-05,89.73999786376953,91.79000091552734,89.36000061035156,91.37999725341797,342795.0
2014-10-06,90.33999633789062,90.73999786376953,88.76000213623047,89.7699966430664,276614.0
2014-10-07,88.8499984741211,90.56999969482422,88.37999725341797,90.44999694824219,300113.0
2014-10-08,87.30999755859375,88.62999725341797,86.83000183105469,88.43000030517578,373752.0
2014-10-09,85.7699966430664,87.94999694824219,84.05999755859375,87.7300033569336,345020.0
2014-10-10,85.81999969482422,86.29000091552734,83.58999633789062,84.38999938964844,396528.0
2014-10-11,85.81999969482422,86.29000091552734,83.58999633789062,84.38999938964844,396528.0
2014-10-12,85.81999969482422,86.29000091552734,83.58999633789062,84.38999938964844,396528.0
2014-10-13,85.73999786376953,85.87000274658203,84.06999969482422,85.19999694824219,292345.0
2014-10-14,81.83999633789062,85.5999984741211,81.31999969482422,84.9800033569336,475832.0
2014-10-15,81.77999877929688,82.44999694824219,80.01000213623047,82.31999969482422,487721.0
2014-10-16,82.69999694824219,84.83000183105469,79.77999877929688,81.05999755859375,424524.0
2014-10-17,82.75,84.44999694824219,82.44000244140625,83.18000030517578,174142.0
2014-10-18,82.75,84.44999694824219,82.44000244140625,83.18000030517578,174142.0
2014-10-19,82.75,84.44999694824219,82.44000244140625,83.18000030517578,174142.0
2014-10-20,82.70999908447266,83.4800033569336,81.55000305175781,83.12999725341797,83702.0
2014-10-21,82.80999755859375,84.05000305175781,82.29000091552734,82.76000213623047,297522.0
2014-10-22,80.5199966430664,83.1500015258789,80.22000122070312,82.55000305175781,352217.0
2014-10-23,82.08999633789062,82.37000274658203,80.05000305175781,80.41999816894531,354839.0
2014-10-24,81.01000213623047,81.94999694824219,80.36000061035156,81.94999694824219,272509.0
2014-10-25,81.01000213623047,81.94999694824219,80.36000061035156,81.94999694824219,272509.0
2014-10-26,81.01000213623047,81.94999694824219,80.36000061035156,81.94999694824219,272509.0
2014-10-27,81.0,81.29000091552734,79.44000244140625,81.2699966430664,285327.0
2014-10-28,81.41999816894531,81.66000366210938,80.36000061035156,80.63999938964844,226066.0
2014-10-29,82.19999694824219,82.87999725341797,81.44000244140625,81.55000305175781,283762.0
2014-10-30,81.12000274658203,82.08999633789062,80.72000122070312,81.93000030517578,270072.0
2014-10-31,80.54000091552734,81.2699966430664,79.55000305175781,81.04000091552734,294183.0
2014-11-01,80.54000091552734,81.2699966430664,79.55000305175781,81.04000091552734,294183.0
2014-11-02,80.54000091552734,81.2699966430664,79.55000305175781,81.04000091552734,294183.0
2014-11-03,78.77999877929688,80.9800033569336,78.08000183105469,80.58999633789062,386045.0
2014-11-04,77.19000244140625,78.41000366210938,75.83999633789062,78.22000122070312,432757.0
2014-11-05,78.68000030517578,79.3499984741211,76.45999908447266,77.36000061035156,447691.0
2014-11-06,77.91000366210938,78.9800033569336,77.12000274658203,78.87000274658203,292897.0
2014-11-07,78.6500015258789,79.41000366210938,77.47000122070312,77.86000061035156,306077.0
2014-11-08,78.6500015258789,79.41000366210938,77.47000122070312,77.86000061035156,306077.0
2014-11-09,78.6500015258789,79.41000366210938,77.47000122070312,77.86000061035156,306077.0
2014-11-10,77.4000015258789,79.8499984741211,77.12999725341797,78.5,319492.0
2014-11-11,77.94000244140625,78.04000091552734,76.41999816894531,77.18000030517578,314309.0
2014-11-12,77.18000030517578,78.08000183105469,76.62999725341797,77.5,359951.0
2014-11-13,74.20999908447266,77.16000366210938,74.06999969482422,76.94999694824219,447012.0
2014-11-14,75.81999969482422,76.30000305175781,73.25,74.36000061035156,355245.0
2014-11-15,75.81999969482422,76.30000305175781,73.25,74.36000061035156,355245.0
2014-11-16,75.81999969482422,76.30000305175781,73.25,74.36000061035156,355245.0
2014-11-17,75.63999938964844,76.18000030517578,74.70999908447266,75.93000030517578,279462.0
2014-11-18,74.61000061035156,76.44000244140625,74.12000274658203,75.48999786376953,186214.0
2014-11-19,74.58000183105469,75.4000015258789,73.87999725341797,74.2300033569336,116278.0
2014-11-20,75.58000183105469,75.76000213623047,74.16999816894531,74.25,236720.0
2014-11-21,76.51000213623047,77.83000183105469,75.62000274658203,76.29000091552734,275317.0
2014-11-22,76.51000213623047,77.83000183105469,75.62000274658203,76.29000091552734,275317.0
2014-11-23,76.51000213623047,77.83000183105469,75.62000274658203,76.29000091552734,275317.0
2014-11-24,75.77999877929688,77.0199966430664,75.44999694824219,76.62000274658203,194751.0
2014-11-25,74.08999633789062,76.58000183105469,73.70999908447266,75.51000213623047,294447.0
2014-11-26,73.69000244140625,74.4800033569336,73.30000305175781,73.87000274658203,258382.0
2014-11-27,73.69000244140625,74.4800033569336,73.30000305175781,73.87000274658203,258382.0
2014-11-28,66.1500015258789,73.55999755859375,65.69000244140625,73.5,552882.0
2014-11-29,66.1500015258789,73.55999755859375,65.69000244140625,73.5,552882.0
2014-11-30,66.1500015258789,73.55999755859375,65.69000244140625,73.5,552882.0
2014-12-01,69.0,69.54000091552734,63.720001220703125,66.0,504122.0
2014-12-02,66.87999725341797,69.31999969482422,66.66999816894531,69.23999786376953,360300.0
2014-12-03,67.37999725341797,68.2300033569336,66.80000305175781,67.5999984741211,293483.0
2014-12-04,66.80999755859375,68.22000122070312,66.08999633789062,67.4000015258789,237011.0
2014-12-05,65.83999633789062,66.88999938964844,65.16999816894531,66.80000305175781,276529.0
2014-12-06,65.83999633789062,66.88999938964844,65.16999816894531,66.80000305175781,276529.0
2014-12-07,65.83999633789062,66.88999938964844,65.16999816894531,66.80000305175781,276529.0
2014-12-08,63.04999923706055,65.55000305175781,62.779998779296875,65.45999908447266,330077.0
2014-12-09,63.81999969482422,64.19999694824219,62.25,63.0099983215332,322804.0
2014-12-10,60.939998626708984,63.43000030517578,60.43000030517578,63.33000183105469,456172.0
2014-12-11,59.95000076293945,61.68000030517578,58.959999084472656,61.119998931884766,392493.0
2014-12-12,57.810001373291016,59.56999969482422,57.34000015258789,59.16999816894531,414224.0
2014-12-13,57.810001373291016,59.56999969482422,57.34000015258789,59.16999816894531,414224.0
2014-12-14,57.810001373291016,59.56999969482422,57.34000015258789,59.16999816894531,414224.0
2014-12-15,55.90999984741211,58.72999954223633,55.02000045776367,57.06999969482422,424946.0
2014-12-16,55.93000030517578,57.150001525878906,53.599998474121094,55.400001525878906,518784.0
2014-12-17,56.470001220703125,58.97999954223633,54.209999084472656,55.5,351977.0
2014-12-18,54.11000061035156,58.72999954223633,54.04999923706055,55.83000183105469,106315.0
2014-12-19,56.52000045776367,56.90999984741211,54.20000076293945,55.5,383536.0
2014-12-20,56.52000045776367,56.90999984741211,54.20000076293945,55.5,383536.0
2014-12-21,56.52000045776367,56.90999984741211,54.20000076293945,55.5,383536.0
2014-12-22,55.2599983215332,58.529998779296875,55.130001068115234,57.75,277319.0
2014-12-23,57.119998931884766,57.560001373291016,55.060001373291016,55.38999938964844,274003.0
2014-12-24,55.84000015258789,57.150001525878906,55.06999969482422,56.79999923706055,174969.0
2014-12-25,55.84000015258789,57.150001525878906,55.06999969482422,56.79999923706055,174969.0
2014-12-26,54.72999954223633,56.59000015258789,54.5099983215332,55.86000061035156,127202.0
2014-12-27,54.72999954223633,56.59000015258789,54.5099983215332,55.86000061035156,127202.0
2014-12-28,54.72999954223633,56.59000015258789,54.5099983215332,55.86000061035156,127202.0
2014-12-29,53.61000061035156,55.7400016784668,52.900001525878906,55.04999923706055,241378.0
2014-12-30,54.119998931884766,54.31999969482422,52.70000076293945,53.720001220703125,218557.0
2014-12-31,53.27000045776367,54.02000045776367,52.439998626708984,53.869998931884766,233516.0
2015-01-01,53.27000045776367,54.02000045776367,52.439998626708984,53.869998931884766,233516.0
2015-01-02,52.689998626708984,55.11000061035156,52.029998779296875,53.7599983215332,268708.0
2015-01-03,52.689998626708984,55.11000061035156,52.029998779296875,53.7599983215332,268708.0
2015-01-04,52.689998626708984,55.11000061035156,52.029998779296875,53.7599983215332,268708.0
2015-01-05,50.040000915527344,52.72999954223633,49.68000030517578,52.61000061035156,375782.0
2015-01-06,47.93000030517578,50.369998931884766,47.54999923706055,50.0,451642.0
2015-01-07,48.650001525878906,49.310001373291016,46.83000183105469,48.0,460083.0
2015-01-08,48.790000915527344,49.650001525878906,47.72999954223633,48.779998779296875,362081.0
2015-01-09,48.36000061035156,49.61000061035156,47.15999984741211,48.91999816894531,421007.0
2015-01-10,48.36000061035156,49.61000061035156,47.15999984741211,48.91999816894531,421007.0
2015-01-11,48.36000061035156,49.61000061035156,47.15999984741211,48.91999816894531,421007.0
2015-01-12,46.06999969482422,48.189998626708984,45.619998931884766,48.189998626708984,394946.0
2015-01-13,45.88999938964844,46.790000915527344,44.20000076293945,45.689998626708984,476541.0
2015-01-14,48.47999954223633,48.90999984741211,45.0099983215332,46.15999984741211,510252.0
2015-01-15,46.25,51.27000045776367,46.06999969482422,48.599998474121094,478340.0
2015-01-16,48.689998626708984,48.869998931884766,45.95000076293945,46.349998474121094,175626.0
2015-01-17,48.689998626708984,48.869998931884766,45.95000076293945,46.349998474121094,175626.0
2015-01-18,48.689998626708984,48.869998931884766,45.95000076293945,46.349998474121094,175626.0
2015-01-19,48.689998626708984,48.869998931884766,45.95000076293945,46.349998474121094,175626.0
2015-01-20,46.38999938964844,48.77000045776367,45.88999938964844,48.689998626708984,438892.0
2015-01-21,47.779998779296875,48.20000076293945,46.54999923706055,46.689998626708984,340252.0
2015-01-22,46.310001373291016,49.09000015258789,45.869998931884766,47.349998474121094,426829.0
2015-01-23,45.59000015258789,47.7599983215332,45.209999084472656,46.630001068115234,374289.0
2015-01-24,45.59000015258789,47.7599983215332,45.209999084472656,46.630001068115234,374289.0
2015-01-25,45.59000015258789,47.7599983215332,45.209999084472656,46.630001068115234,374289.0
2015-01-26,45.150001525878906,46.40999984741211,44.349998474121094,45.20000076293945,310638.0
2015-01-27,46.22999954223633,46.54999923706055,44.810001373291016,45.130001068115234,313141.0
2015-01-28,44.45000076293945,45.83000183105469,44.08000183105469,45.83000183105469,365440.0
2015-01-29,44.529998779296875,44.959999084472656,43.58000183105469,44.43000030517578,300732.0
2015-01-30,48.2400016784668,48.349998474121094,44.310001373291016,44.630001068115234,454142.0
2015-01-31,48.2400016784668,48.349998474121094,44.310001373291016,44.630001068115234,454142.0
2015-02-01,48.2400016784668,48.349998474121094,44.310001373291016,44.630001068115234,454142.0
2015-02-02,49.56999969482422,50.560001373291016,46.66999816894531,47.59000015258789,511409.0
2015-02-03,53.04999923706055,54.2400016784668,49.689998626708984,49.790000915527344,644919.0
2015-02-04,48.45000076293945,52.560001373291016,47.95000076293945,51.66999816894531,577515.0
2015-02-05,50.47999954223633,52.099998474121094,47.36000061035156,48.66999816894531,596851.0
2015-02-06,51.689998626708984,53.15999984741211,50.720001220703125,50.86000061035156,584976.0
2015-02-07,51.689998626708984,53.15999984741211,50.720001220703125,50.86000061035156,584976.0
2015-02-08,51.689998626708984,53.15999984741211,50.720001220703125,50.86000061035156,584976.0
2015-02-09,52.86000061035156,53.9900016784668,51.650001525878906,52.0099983215332,536364.0
2015-02-10,50.02000045776367,52.650001525878906,49.86000061035156,52.43000030517578,501701.0
2015-02-11,48.84000015258789,51.13999938964844,48.04999923706055,50.97999954223633,519272.0
2015-02-12,51.209999084472656,51.599998474121094,49.13999938964844,49.41999816894531,563662.0
2015-02-13,52.779998779296875,53.43000030517578,51.029998779296875,51.349998474121094,437072.0
2015-02-14,52.779998779296875,53.43000030517578,51.029998779296875,51.349998474121094,437072.0
2015-02-15,52.779998779296875,53.43000030517578,51.029998779296875,51.349998474121094,437072.0
2015-02-16,52.779998779296875,53.43000030517578,51.029998779296875,51.349998474121094,437072.0
2015-02-17,53.529998779296875,54.150001525878906,50.810001373291016,52.75,518799.0
2015-02-18,52.13999938964844,53.40999984741211,50.31999969482422,53.2400016784668,257476.0
2015-02-19,51.15999984741211,52.13999938964844,49.150001525878906,50.54999923706055,125210.0
2015-02-20,50.34000015258789,51.849998474121094,49.90999984741211,51.2400016784668,366125.0
2015-02-21,50.34000015258789,51.849998474121094,49.90999984741211,51.2400016784668,366125.0
2015-02-22,50.34000015258789,51.849998474121094,49.90999984741211,51.2400016784668,366125.0
2015-02-23,49.45000076293945,50.9900016784668,48.66999816894531,50.75,475383.0
2015-02-24,49.279998779296875,50.33000183105469,48.68000030517578,49.41999816894531,293101.0
2015-02-25,50.9900016784668,51.279998779296875,48.43000030517578,49.15999984741211,429524.0
2015-02-26,48.16999816894531,51.220001220703125,47.79999923706055,51.0,459584.0
2015-02-27,49.7599983215332,49.939998626708984,48.459999084472656,48.970001220703125,399494.0
2015-02-28,49.7599983215332,49.939998626708984,48.459999084472656,48.970001220703125,399494.0
2015-03-01,49.7599983215332,49.939998626708984,48.459999084472656,48.970001220703125,399494.0
2015-03-02,49.59000015258789,51.040000915527344,48.709999084472656,49.45000076293945,427177.0
2015-03-03,50.52000045776367,50.83000183105469,49.45000076293945,49.79999923706055,370597.0
2015-03-04,51.529998779296875,51.9900016784668,49.599998474121094,50.61000061035156,463989.0
2015-03-05,50.7599983215332,52.400001525878906,50.61000061035156,51.619998931884766,370953.0
2015-03-06,49.61000061035156,51.220001220703125,48.880001068115234,50.88999938964844,406840.0
2015-03-07,49.61000061035156,51.220001220703125,48.880001068115234,50.88999938964844,406840.0
2015-03-08,49.61000061035156,51.220001220703125,48.880001068115234,50.88999938964844,406840.0
2015-03-09,50.0,50.790000915527344,49.25,49.599998474121094,409877.0
2015-03-10,48.290000915527344,50.36000061035156,48.20000076293945,50.08000183105469,395761.0
2015-03-11,48.16999816894531,49.04999923706055,47.33000183105469,48.77000045776367,404590.0
2015-03-12,47.04999923706055,48.7599983215332,46.86000061035156,48.439998626708984,358381.0
2015-03-13,44.84000015258789,47.279998779296875,44.75,46.93000030517578,395722.0
2015-03-14,44.84000015258789,47.279998779296875,44.75,46.93000030517578,395722.0
2015-03-15,44.84000015258789,47.279998779296875,44.75,46.93000030517578,395722.0
2015-03-16,43.880001068115234,45.0,42.849998474121094,44.810001373291016,367600.0
2015-03-17,43.459999084472656,44.20000076293945,42.40999984741211,43.84000015258789,346310.0
2015-03-18,44.65999984741211,45.34000015258789,42.029998779296875,42.5099983215332,220638.0
2015-03-19,43.959999084472656,44.709999084472656,42.75,44.599998474121094,106907.0
2015-03-20,45.720001220703125,46.529998779296875,43.310001373291016,43.9900016784668,379180.0
2015-03-21,45.720001220703125,46.529998779296875,43.310001373291016,43.9900016784668,379180.0
2015-03-22,45.720001220703125,46.529998779296875,43.310001373291016,43.9900016784668,379180.0
2015-03-23,47.45000076293945,47.61000061035156,45.33000183105469,46.40999984741211,292417.0
2015-03-24,47.5099983215332,48.560001373291016,46.66999816894531,47.459999084472656,309553.0
2015-03-25,49.209999084472656,49.459999084472656,47.0,47.720001220703125,398795.0
2015-03-26,51.43000030517578,52.47999954223633,48.72999954223633,49.02000045776367,515277.0
2015-03-27,48.869998931884766,51.380001068115234,48.209999084472656,51.0099983215332,384092.0
2015-03-28,48.869998931884766,51.380001068115234,48.209999084472656,51.0099983215332,384092.0
2015-03-29,48.869998931884766,51.380001068115234,48.209999084472656,51.0099983215332,384092.0
2015-03-30,48.68000030517578,49.15999984741211,47.61000061035156,48.56999969482422,355866.0
2015-03-31,47.599998474121094,48.72999954223633,47.279998779296875,48.72999954223633,365748.0
2015-04-01,50.09000015258789,50.45000076293945,47.04999923706055,47.54999923706055,451104.0
2015-04-02,49.13999938964844,50.27000045776367,48.11000061035156,49.59000015258789,453394.0
2015-04-03,49.13999938964844,50.27000045776367,48.11000061035156,49.59000015258789,453394.0
2015-04-04,49.13999938964844,50.27000045776367,48.11000061035156,49.59000015258789,453394.0
2015-04-05,49.13999938964844,50.27000045776367,48.11000061035156,49.59000015258789,453394.0
2015-04-06,52.13999938964844,52.2400016784668,49.470001220703125,49.470001220703125,325282.0
2015-04-07,53.97999954223633,54.130001068115234,51.16999816894531,51.95000076293945,548870.0
2015-04-08,50.41999816894531,53.22999954223633,50.369998931884766,53.18000030517578,552627.0
2015-04-09,50.790000915527344,52.06999969482422,50.5099983215332,51.0,449531.0
2015-04-10,51.63999938964844,51.93000030517578,50.08000183105469,50.72999954223633,395135.0
2015-04-11,51.63999938964844,51.93000030517578,50.08000183105469,50.72999954223633,395135.0
2015-04-12,51.63999938964844,51.93000030517578,50.08000183105469,50.72999954223633,395135.0
2015-04-13,51.90999984741211,53.099998474121094,51.470001220703125,51.810001373291016,375534.0
2015-04-14,53.290000915527344,53.790000915527344,51.83000183105469,52.04999923706055,431026.0
2015-04-15,56.38999938964844,56.689998626708984,53.38999938964844,53.54999923706055,508904.0
2015-04-16,56.709999084472656,57.41999816894531,55.06999969482422,55.91999816894531,413134.0
2015-04-17,55.7400016784668,56.880001068115234,55.310001373291016,56.560001373291016,230623.0
2015-04-18,55.7400016784668,56.880001068115234,55.310001373291016,56.560001373291016,230623.0
2015-04-19,55.7400016784668,56.880001068115234,55.310001373291016,56.560001373291016,230623.0
2015-04-20,56.380001068115234,57.16999816894531,54.849998474121094,56.15999984741211,112382.0
2015-04-21,55.2599983215332,56.90999984741211,55.0099983215332,56.40999984741211,354244.0
2015-04-22,56.15999984741211,57.189998626708984,55.72999954223633,56.34000015258789,329631.0
2015-04-23,57.7400016784668,58.40999984741211,55.7599983215332,56.279998779296875,415569.0
2015-04-24,57.150001525878906,57.95000076293945,56.5,57.529998779296875,328322.0
2015-04-25,57.150001525878906,57.95000076293945,56.5,57.529998779296875,328322.0
2015-04-26,57.150001525878906,57.95000076293945,56.5,57.529998779296875,328322.0
2015-04-27,56.9900016784668,57.88999938964844,56.52000045776367,57.29999923706055,250558.0
2015-04-28,57.060001373291016,57.83000183105469,56.06999969482422,56.650001525878906,281864.0
2015-04-29,58.58000183105469,59.33000183105469,56.540000915527344,56.93000030517578,411097.0
2015-04-30,59.630001068115234,59.849998474121094,58.380001068115234,58.54999923706055,340322.0
2015-05-01,59.150001525878906,59.900001525878906,58.31999969482422,59.790000915527344,244753.0
2015-05-02,59.150001525878906,59.900001525878906,58.31999969482422,59.790000915527344,244753.0
2015-05-03,59.150001525878906,59.900001525878906,58.31999969482422,59.790000915527344,244753.0
2015-05-04,58.93000030517578,59.72999954223633,58.45000076293945,59.29999923706055,215046.0
2015-05-05,60.400001525878906,61.099998474121094,58.630001068115234,58.95000076293945,389743.0
2015-05-06,60.93000030517578,62.58000183105469,60.540000915527344,60.720001220703125,423583.0
2015-05-07,58.939998626708984,61.310001373291016,58.4900016784668,60.689998626708984,437022.0
2015-05-08,59.38999938964844,59.900001525878906,58.13999938964844,59.02000045776367,434575.0
2015-05-09,59.38999938964844,59.900001525878906,58.13999938964844,59.02000045776367,434575.0
2015-05-10,59.38999938964844,59.900001525878906,58.13999938964844,59.02000045776367,434575.0
2015-05-11,59.25,59.849998474121094,58.75,59.43000030517578,332694.0
2015-05-12,60.75,61.36000061035156,59.119998931884766,59.27000045776367,397345.0
2015-05-13,60.5,61.849998474121094,60.02000045776367,61.22999954223633,426835.0
2015-05-14,59.880001068115234,60.84000015258789,59.36000061035156,60.099998474121094,361432.0
2015-05-15,59.689998626708984,59.970001220703125,58.41999816894531,59.66999816894531,222089.0
2015-05-16,59.689998626708984,59.970001220703125,58.41999816894531,59.66999816894531,222089.0
2015-05-17,59.689998626708984,59.970001220703125,58.41999816894531,59.66999816894531,222089.0
2015-05-18,59.43000030517578,60.880001068115234,59.060001373291016,59.849998474121094,144389.0
2015-05-19,57.2599983215332,59.630001068115234,57.09000015258789,59.540000915527344,336779.0
2015-05-20,58.97999954223633,59.040000915527344,58.099998474121094,58.31999969482422,287129.0
2015-05-21,60.720001220703125,60.939998626708984,58.689998626708984,58.810001373291016,329765.0
2015-05-22,59.720001220703125,60.79999923706055,59.349998474121094,60.65999984741211,230307.0
2015-05-23,59.720001220703125,60.79999923706055,59.349998474121094,60.65999984741211,230307.0
2015-05-24,59.720001220703125,60.79999923706055,59.349998474121094,60.65999984741211,230307.0
2015-05-25,59.720001220703125,60.79999923706055,59.349998474121094,60.65999984741211,230307.0
2015-05-26,58.029998779296875,60.25,57.709999084472656,60.04999923706055,330128.0
2015-05-27,57.5099983215332,58.95000076293945,57.36000061035156,58.31999969482422,314917.0
2015-05-28,57.68000030517578,58.06999969482422,56.5099983215332,57.630001068115234,340682.0
2015-05-29,60.29999923706055,60.70000076293945,57.720001220703125,57.970001220703125,452222.0
2015-05-30,60.29999923706055,60.70000076293945,57.720001220703125,57.970001220703125,452222.0
2015-05-31,60.29999923706055,60.70000076293945,57.720001220703125,57.970001220703125,452222.0
2015-06-01,60.20000076293945,60.63999938964844,59.33000183105469,60.290000915527344,292189.0
2015-06-02,61.2599983215332,61.58000183105469,60.09000015258789,60.18000030517578,344508.0
2015-06-03,59.63999938964844,61.43000030517578,59.34000015258789,61.02000045776367,371298.0
2015-06-04,58.0,59.939998626708984,57.83000183105469,59.56999969482422,363345.0
2015-06-05,59.130001068115234,59.22999954223633,56.83000183105469,57.9900016784668,461016.0
2015-06-06,59.130001068115234,59.22999954223633,56.83000183105469,57.9900016784668,461016.0
2015-06-07,59.130001068115234,59.22999954223633,56.83000183105469,57.9900016784668,461016.0
2015-06-08,58.13999938964844,59.130001068115234,57.86000061035156,58.959999084472656,339845.0
2015-06-09,60.13999938964844,60.68000030517578,58.22999954223633,58.310001373291016,405486.0
2015-06-10,61.43000030517578,61.81999969482422,60.45000076293945,60.58000183105469,459765.0
2015-06-11,60.77000045776367,61.529998779296875,60.209999084472656,61.13999938964844,352421.0
2015-06-12,59.959999084472656,60.630001068115234,59.72999954223633,60.54999923706055,246898.0
2015-06-13,59.959999084472656,60.630001068115234,59.72999954223633,60.54999923706055,246898.0
2015-06-14,59.959999084472656,60.630001068115234,59.72999954223633,60.54999923706055,246898.0
2015-06-15,59.52000045776367,59.97999954223633,58.72999954223633,59.900001525878906,275187.0
2015-06-16,59.970001220703125,60.369998931884766,59.41999816894531,59.599998474121094,233935.0
2015-06-17,59.91999816894531,61.380001068115234,58.849998474121094,60.029998779296875,396155.0
2015-06-18,60.45000076293945,60.88999938964844,59.25,59.779998779296875,181875.0
2015-06-19,59.61000061035156,60.560001373291016,58.880001068115234,60.5,116656.0
2015-06-20,59.61000061035156,60.560001373291016,58.880001068115234,60.5,116656.0
2015-06-21,59.61000061035156,60.560001373291016,58.880001068115234,60.5,116656.0
2015-06-22,59.68000030517578,60.29999923706055,58.93000030517578,59.439998626708984,255306.0
2015-06-23,61.0099983215332,61.4900016784668,59.54999923706055,60.209999084472656,336224.0
2015-06-24,60.27000045776367,61.56999969482422,59.79999923706055,61.13999938964844,312985.0
2015-06-25,59.70000076293945,60.459999084472656,59.43000030517578,60.220001220703125,222341.0
2015-06-26,59.630001068115234,59.959999084472656,58.7599983215332,59.65999984741211,231957.0
2015-06-27,59.630001068115234,59.959999084472656,58.7599983215332,59.65999984741211,231957.0
2015-06-28,59.630001068115234,59.959999084472656,58.7599983215332,59.65999984741211,231957.0
2015-06-29,58.33000183105469,59.27000045776367,58.040000915527344,58.84000015258789,286035.0
2015-06-30,59.470001220703125,59.689998626708984,57.939998626708984,58.27000045776367,282475.0
2015-07-01,56.959999084472656,58.97999954223633,56.68000030517578,58.97999954223633,373405.0
2015-07-02,56.93000030517578,57.95000076293945,56.5,56.869998931884766,297050.0
2015-07-03,56.93000030517578,57.95000076293945,56.5,56.869998931884766,297050.0
2015-07-04,56.93000030517578,57.95000076293945,56.5,56.869998931884766,297050.0
2015-07-05,56.93000030517578,57.95000076293945,56.5,56.869998931884766,297050.0
2015-07-06,52.529998779296875,55.34000015258789,52.40999984741211,54.900001525878906,540608.0
2015-07-07,52.33000183105469,53.43000030517578,50.58000183105469,52.75,527267.0
2015-07-08,51.650001525878906,52.959999084472656,50.90999984741211,52.90999984741211,434752.0
2015-07-09,52.779998779296875,53.540000915527344,51.47999954223633,51.83000183105469,382334.0
2015-07-10,52.7400016784668,53.88999938964844,51.959999084472656,52.47999954223633,349075.0
2015-07-11,52.7400016784668,53.88999938964844,51.959999084472656,52.47999954223633,349075.0
2015-07-12,52.7400016784668,53.88999938964844,51.959999084472656,52.47999954223633,349075.0
2015-07-13,52.20000076293945,53.16999816894531,51.2599983215332,52.150001525878906,359477.0
2015-07-14,53.040000915527344,53.43000030517578,50.880001068115234,52.0,422756.0
2015-07-15,51.40999984741211,53.5,51.209999084472656,53.400001525878906,334563.0
2015-07-16,50.90999984741211,52.16999816894531,50.84000015258789,51.619998931884766,319167.0
2015-07-17,50.88999938964844,51.22999954223633,50.13999938964844,50.90999984741211,203485.0
2015-07-18,50.88999938964844,51.22999954223633,50.13999938964844,50.90999984741211,203485.0
2015-07-19,50.88999938964844,51.22999954223633,50.13999938964844,50.90999984741211,203485.0
2015-07-20,50.150001525878906,51.2599983215332,49.849998474121094,50.7599983215332,102597.0
2015-07-21,50.36000061035156,51.02000045776367,49.77000045776367,49.95000076293945,254321.0
2015-07-22,49.189998626708984,50.709999084472656,49.040000915527344,50.709999084472656,347986.0
2015-07-23,48.45000076293945,49.630001068115234,48.209999084472656,49.22999954223633,316060.0
2015-07-24,48.13999938964844,49.029998779296875,47.720001220703125,48.790000915527344,278233.0
2015-07-25,48.13999938964844,49.029998779296875,47.720001220703125,48.790000915527344,278233.0
2015-07-26,48.13999938964844,49.029998779296875,47.720001220703125,48.790000915527344,278233.0
2015-07-27,47.38999938964844,48.20000076293945,46.90999984741211,48.0,273614.0
2015-07-28,47.97999954223633,48.439998626708984,46.68000030517578,47.02000045776367,338107.0
2015-07-29,48.790000915527344,49.52000045776367,47.38999938964844,47.810001373291016,366893.0
2015-07-30,48.52000045776367,49.36000061035156,48.34000015258789,48.83000183105469,247662.0
2015-07-31,47.119998931884766,48.619998931884766,46.70000076293945,48.470001220703125,334474.0
2015-08-01,47.119998931884766,48.619998931884766,46.70000076293945,48.470001220703125,334474.0
2015-08-02,47.119998931884766,48.619998931884766,46.70000076293945,48.470001220703125,334474.0
2015-08-03,45.16999816894531,46.939998626708984,45.08000183105469,46.86000061035156,371085.0
2015-08-04,45.7400016784668,46.22999954223633,45.290000915527344,45.349998474121094,285786.0
2015-08-05,45.150001525878906,46.70000076293945,44.83000183105469,45.959999084472656,367326.0
2015-08-06,44.65999984741211,45.27000045776367,44.20000076293945,45.15999984741211,360977.0
2015-08-07,43.869998931884766,45.15999984741211,43.70000076293945,44.81999969482422,400070.0
2015-08-08,43.869998931884766,45.15999984741211,43.70000076293945,44.81999969482422,400070.0
2015-08-09,43.869998931884766,45.15999984741211,43.70000076293945,44.81999969482422,400070.0
2015-08-10,44.959999084472656,45.0099983215332,43.349998474121094,43.58000183105469,491433.0
2015-08-11,43.08000183105469,45.34000015258789,42.689998626708984,44.810001373291016,538005.0
2015-08-12,43.29999923706055,43.869998931884766,42.79999923706055,43.27000045776367,492271.0
2015-08-13,42.22999954223633,43.720001220703125,41.90999984741211,43.34000015258789,420146.0
2015-08-14,42.5,42.959999084472656,41.349998474121094,42.22999954223633,317211.0
2015-08-15,42.5,42.959999084472656,41.349998474121094,42.22999954223633,317211.0
2015-08-16,42.5,42.959999084472656,41.349998474121094,42.22999954223633,317211.0
2015-08-17,41.869998931884766,42.689998626708984,41.63999938964844,42.18000030517578,314275.0
2015-08-18,42.619998931884766,42.900001525878906,41.43000030517578,41.880001068115234,200185.0
2015-08-19,40.79999923706055,42.68000030517578,40.400001525878906,42.40999984741211,107578.0
2015-08-20,41.13999938964844,41.47999954223633,40.209999084472656,40.58000183105469,380433.0
2015-08-21,40.45000076293945,41.400001525878906,39.86000061035156,41.029998779296875,377181.0
2015-08-22,40.45000076293945,41.400001525878906,39.86000061035156,41.029998779296875,377181.0
2015-08-23,40.45000076293945,41.400001525878906,39.86000061035156,41.029998779296875,377181.0
2015-08-24,38.2400016784668,40.470001220703125,37.75,40.29999923706055,468366.0
2015-08-25,39.310001373291016,39.88999938964844,38.15999984741211,38.18000030517578,375650.0
2015-08-26,38.599998474121094,39.86000061035156,38.52000045776367,39.689998626708984,368722.0
2015-08-27,42.560001373291016,42.86000061035156,38.95000076293945,38.959999084472656,533682.0
2015-08-28,45.220001220703125,45.900001525878906,41.779998779296875,42.68000030517578,666328.0
2015-08-29,45.220001220703125,45.900001525878906,41.779998779296875,42.68000030517578,666328.0
2015-08-30,45.220001220703125,45.900001525878906,41.779998779296875,42.68000030517578,666328.0
2015-08-31,49.20000076293945,49.33000183105469,43.599998474121094,45.0,757503.0
2015-09-01,45.40999984741211,48.869998931884766,44.150001525878906,48.099998474121094,713418.0
2015-09-02,46.25,46.77000045776367,43.209999084472656,44.2599983215332,689301.0
2015-09-03,46.75,48.41999816894531,45.650001525878906,46.11000061035156,539450.0
2015-09-04,46.04999923706055,47.22999954223633,45.61000061035156,46.68000030517578,385631.0
2015-09-05,46.04999923706055,47.22999954223633,45.61000061035156,46.68000030517578,385631.0
2015-09-06,46.04999923706055,47.22999954223633,45.61000061035156,46.68000030517578,385631.0
2015-09-07,46.04999923706055,47.22999954223633,45.61000061035156,46.68000030517578,385631.0
2015-09-08,45.939998626708984,46.40999984741211,44.13999938964844,45.81999969482422,508815.0
2015-09-09,44.150001525878906,46.2599983215332,44.04999923706055,45.790000915527344,422735.0
2015-09-10,45.91999816894531,46.040000915527344,43.36000061035156,44.15999984741211,498992.0
2015-09-11,44.630001068115234,45.880001068115234,44.15999984741211,45.709999084472656,395838.0
2015-09-12,44.630001068115234,45.880001068115234,44.15999984741211,45.709999084472656,395838.0
2015-09-13,44.630001068115234,45.880001068115234,44.15999984741211,45.709999084472656,395838.0
2015-09-14,44.0,44.970001220703125,43.59000015258789,44.779998779296875,326269.0
2015-09-15,44.59000015258789,45.25,43.91999816894531,44.11000061035156,335953.0
2015-09-16,47.150001525878906,47.349998474121094,44.81999969482422,45.15999984741211,421981.0
2015-09-17,46.900001525878906,47.709999084472656,46.33000183105469,47.130001068115234,366390.0
2015-09-18,44.68000030517578,47.029998779296875,44.2400016784668,46.88999938964844,211301.0
2015-09-19,44.68000030517578,47.029998779296875,44.2400016784668,46.88999938964844,211301.0
2015-09-20,44.68000030517578,47.029998779296875,44.2400016784668,46.88999938964844,211301.0
2015-09-21,46.68000030517578,46.7400016784668,44.689998626708984,44.970001220703125,104528.0
2015-09-22,45.83000183105469,46.47999954223633,45.13999938964844,46.45000076293945,345875.0
2015-09-23,44.47999954223633,47.150001525878906,44.40999984741211,46.540000915527344,411957.0
2015-09-24,44.90999984741211,45.18000030517578,43.709999084472656,44.619998931884766,371976.0
2015-09-25,45.70000076293945,46.380001068115234,44.86000061035156,45.04999923706055,338622.0
2015-09-26,45.70000076293945,46.380001068115234,44.86000061035156,45.04999923706055,338622.0
2015-09-27,45.70000076293945,46.380001068115234,44.86000061035156,45.04999923706055,338622.0
2015-09-28,44.43000030517578,45.5,44.29999923706055,45.380001068115234,273906.0
2015-09-29,45.22999954223633,45.70000076293945,44.29999923706055,44.5,265176.0
2015-09-30,45.09000015258789,45.849998474121094,44.68000030517578,44.91999816894531,355853.0
2015-10-01,44.7400016784668,47.099998474121094,44.630001068115234,45.380001068115234,478979.0
2015-10-02,45.540000915527344,45.810001373291016,43.970001220703125,45.06999969482422,420740.0
2015-10-03,45.540000915527344,45.810001373291016,43.970001220703125,45.06999969482422,420740.0
2015-10-04,45.540000915527344,45.810001373291016,43.970001220703125,45.06999969482422,420740.0
2015-10-05,46.2599983215332,46.939998626708984,45.209999084472656,45.650001525878906,323061.0
2015-10-06,48.529998779296875,49.08000183105469,45.72999954223633,46.20000076293945,453101.0
2015-10-07,47.810001373291016,49.709999084472656,47.70000076293945,49.0,547488.0
2015-10-08,49.43000030517578,50.06999969482422,47.7599983215332,48.11000061035156,509760.0
2015-10-09,49.630001068115234,50.91999816894531,49.16999816894531,49.689998626708984,508680.0
2015-10-10,49.630001068115234,50.91999816894531,49.16999816894531,49.689998626708984,508680.0
2015-10-11,49.630001068115234,50.91999816894531,49.16999816894531,49.689998626708984,508680.0
2015-10-12,47.099998474121094,50.130001068115234,47.040000915527344,49.5099983215332,408663.0
2015-10-13,46.65999984741211,48.43000030517578,46.439998626708984,47.459999084472656,465388.0
2015-10-14,46.63999938964844,46.959999084472656,45.939998626708984,46.689998626708984,348241.0
2015-10-15,46.380001068115234,47.02000045776367,45.22999954223633,46.279998779296875,370940.0
2015-10-16,47.2599983215332,47.5,46.15999984741211,46.869998931884766,198127.0
2015-10-17,47.2599983215332,47.5,46.15999984741211,46.869998931884766,198127.0
2015-10-18,47.2599983215332,47.5,46.15999984741211,46.869998931884766,198127.0
2015-10-19,45.88999938964844,47.4900016784668,45.849998474121094,47.27000045776367,125840.0
2015-10-20,45.54999923706055,46.52000045776367,45.22999954223633,46.25,361314.0
2015-10-21,45.20000076293945,46.08000183105469,44.86000061035156,45.880001068115234,384288.0
2015-10-22,45.380001068115234,46.099998474121094,44.900001525878906,45.27000045776367,322742.0
2015-10-23,44.599998474121094,45.75,44.20000076293945,45.439998626708984,406577.0
2015-10-24,44.599998474121094,45.75,44.20000076293945,45.439998626708984,406577.0
2015-10-25,44.599998474121094,45.75,44.20000076293945,45.439998626708984,406577.0
2015-10-26,43.97999954223633,44.939998626708984,43.63999938964844,44.7400016784668,302084.0
2015-10-27,43.20000076293945,43.90999984741211,42.58000183105469,43.779998779296875,370825.0
2015-10-28,45.939998626708984,46.220001220703125,43.060001373291016,43.439998626708984,521518.0
2015-10-29,46.060001373291016,46.790000915527344,45.15999984741211,46.060001373291016,436513.0
2015-10-30,46.59000015258789,47.029998779296875,45.47999954223633,45.7400016784668,363307.0
2015-10-31,46.59000015258789,47.029998779296875,45.47999954223633,45.7400016784668,363307.0
2015-11-01,46.59000015258789,47.029998779296875,45.47999954223633,45.7400016784668,363307.0
2015-11-02,46.13999938964844,46.72999954223633,45.560001373291016,46.43000030517578,305518.0
2015-11-03,47.900001525878906,48.36000061035156,45.959999084472656,46.11000061035156,434574.0
2015-11-04,46.31999969482422,48.279998779296875,46.16999816894531,47.7400016784668,459307.0
2015-11-05,45.20000076293945,46.650001525878906,45.119998931884766,46.56999969482422,437646.0
2015-11-06,44.290000915527344,45.63999938964844,44.11000061035156,45.40999984741211,448133.0
2015-11-07,44.290000915527344,45.63999938964844,44.11000061035156,45.40999984741211,448133.0
2015-11-08,44.290000915527344,45.63999938964844,44.11000061035156,45.40999984741211,448133.0
2015-11-09,43.869998931884766,45.119998931884766,43.63999938964844,44.52000045776367,487992.0
2015-11-10,44.209999084472656,44.7599983215332,43.56999969482422,44.099998474121094,445973.0
2015-11-11,42.93000030517578,44.11000061035156,42.619998931884766,43.630001068115234,502371.0
2015-11-12,41.75,43.33000183105469,41.540000915527344,43.04999923706055,545351.0
2015-11-13,40.7400016784668,42.84000015258789,40.220001220703125,41.61000061035156,480893.0
2015-11-14,40.7400016784668,42.84000015258789,40.220001220703125,41.61000061035156,480893.0
2015-11-15,40.7400016784668,42.84000015258789,40.220001220703125,41.61000061035156,480893.0
2015-11-16,41.7400016784668,42.25,40.060001373291016,40.91999816894531,535179.0
2015-11-17,40.66999816894531,42.029998779296875,40.58000183105469,41.959999084472656,363714.0
2015-11-18,40.75,41.54999923706055,39.90999984741211,41.11000061035156,251518.0
2015-11-19,40.540000915527344,41.04999923706055,39.88999938964844,40.720001220703125,131356.0
2015-11-20,40.38999938964844,40.9900016784668,38.9900016784668,40.540000915527344,432642.0
2015-11-21,40.38999938964844,40.9900016784668,38.9900016784668,40.540000915527344,432642.0
2015-11-22,40.38999938964844,40.9900016784668,38.9900016784668,40.540000915527344,432642.0
2015-11-23,41.75,42.75,40.40999984741211,41.4900016784668,516190.0
2015-11-24,42.869998931884766,43.459999084472656,41.86000061035156,42.040000915527344,430304.0
2015-11-25,43.040000915527344,43.25,41.720001220703125,42.689998626708984,383158.0
2015-11-26,43.040000915527344,43.25,41.720001220703125,42.689998626708984,383158.0
2015-11-27,41.709999084472656,43.29999923706055,41.66999816894531,43.25,316475.0
2015-11-28,41.709999084472656,43.29999923706055,41.66999816894531,43.25,316475.0
2015-11-29,41.709999084472656,43.29999923706055,41.66999816894531,43.25,316475.0
2015-11-30,41.650001525878906,42.61000061035156,41.5,41.77000045776367,369509.0
2015-12-01,41.849998474121094,42.22999954223633,41.16999816894531,41.72999954223633,415537.0
2015-12-02,39.939998626708984,41.970001220703125,39.84000015258789,41.689998626708984,545289.0
2015-12-03,41.08000183105469,41.779998779296875,40.06999969482422,40.150001525878906,496884.0
2015-12-04,39.970001220703125,42.0,39.599998474121094,41.310001373291016,510758.0
2015-12-05,39.970001220703125,42.0,39.599998474121094,41.310001373291016,510758.0
2015-12-06,39.970001220703125,42.0,39.599998474121094,41.310001373291016,510758.0
2015-12-07,37.650001525878906,40.150001525878906,37.5,40.099998474121094,635413.0
2015-12-08,37.5099983215332,38.58000183105469,36.63999938964844,37.68000030517578,767184.0
2015-12-09,37.15999984741211,38.9900016784668,36.869998931884766,37.86000061035156,646166.0
2015-12-10,36.7599983215332,37.540000915527344,36.380001068115234,37.27000045776367,513940.0
2015-12-11,35.619998931884766,36.84000015258789,35.15999984741211,36.630001068115234,505406.0
2015-12-12,35.619998931884766,36.84000015258789,35.15999984741211,36.630001068115234,505406.0
2015-12-13,35.619998931884766,36.84000015258789,35.15999984741211,36.630001068115234,505406.0
2015-12-14,36.310001373291016,36.70000076293945,34.529998779296875,35.400001525878906,550476.0
2015-12-15,37.349998474121094,37.880001068115234,36.029998779296875,36.31999969482422,474159.0
2015-12-16,35.52000045776367,37.349998474121094,35.290000915527344,36.790000915527344,402967.0
2015-12-17,34.95000076293945,35.84000015258789,34.630001068115234,35.79999923706055,196227.0
2015-12-18,34.72999954223633,35.56999969482422,34.290000915527344,34.869998931884766,116038.0
2015-12-19,34.72999954223633,35.56999969482422,34.290000915527344,34.869998931884766,116038.0
2015-12-20,34.72999954223633,35.56999969482422,34.290000915527344,34.869998931884766,116038.0
2015-12-21,34.7400016784668,34.86000061035156,33.97999954223633,34.58000183105469,298080.0
2015-12-22,36.13999938964844,36.540000915527344,35.65999984741211,35.79999923706055,302263.0
2015-12-23,37.5,37.95000076293945,36.279998779296875,36.470001220703125,374658.0
2015-12-24,38.099998474121094,38.279998779296875,37.380001068115234,37.86000061035156,205873.0
2015-12-25,38.099998474121094,38.279998779296875,37.380001068115234,37.86000061035156,205873.0
2015-12-26,38.099998474121094,38.279998779296875,37.380001068115234,37.86000061035156,205873.0
2015-12-27,38.099998474121094,38.279998779296875,37.380001068115234,37.86000061035156,205873.0
2015-12-28,36.810001373291016,38.09000015258789,36.599998474121094,38.0,220644.0
2015-12-29,37.869998931884766,37.939998626708984,36.65999984741211,36.70000076293945,241945.0
2015-12-30,36.599998474121094,37.400001525878906,36.400001525878906,37.36000061035156,267912.0
2015-12-31,37.040000915527344,37.790000915527344,36.220001220703125,36.810001373291016,283623.0
2016-01-01,37.040000915527344,37.790000915527344,36.220001220703125,36.810001373291016,283623.0
2016-01-02,37.040000915527344,37.790000915527344,36.220001220703125,36.810001373291016,283623.0
2016-01-03,37.040000915527344,37.790000915527344,36.220001220703125,36.810001373291016,283623.0
2016-01-04,36.7599983215332,38.38999938964844,36.33000183105469,37.599998474121094,431985.0
2016-01-05,35.970001220703125,37.099998474121094,35.7400016784668,36.900001525878906,410131.0
2016-01-06,33.970001220703125,36.38999938964844,33.77000045776367,36.18000030517578,563811.0
2016-01-07,33.27000045776367,34.2599983215332,32.099998474121094,34.09000015258789,617409.0
2016-01-08,33.15999984741211,34.34000015258789,32.63999938964844,33.29999923706055,596496.0
2016-01-09,33.15999984741211,34.34000015258789,32.63999938964844,33.29999923706055,596496.0
2016-01-10,33.15999984741211,34.34000015258789,32.63999938964844,33.29999923706055,596496.0
2016-01-11,31.40999984741211,33.20000076293945,30.8799991607666,32.939998626708984,648640.0
2016-01-12,30.440000534057617,32.209999084472656,29.93000030517578,31.110000610351562,627218.0
2016-01-13,30.479999542236328,31.709999084472656,30.100000381469727,30.540000915527344,637903.0
2016-01-14,31.200000762939453,31.770000457763672,30.280000686645508,30.600000381469727,537906.0
2016-01-15,29.420000076293945,31.18000030517578,29.1299991607666,31.18000030517578,329094.0
2016-01-16,29.420000076293945,31.18000030517578,29.1299991607666,31.18000030517578,329094.0
2016-01-17,29.420000076293945,31.18000030517578,29.1299991607666,31.18000030517578,329094.0
2016-01-18,29.420000076293945,31.18000030517578,29.1299991607666,31.18000030517578,329094.0
2016-01-19,28.459999084472656,30.209999084472656,28.209999084472656,29.200000762939453,188026.0
2016-01-20,26.549999237060547,28.579999923706055,26.190000534057617,28.329999923706055,690039.0
2016-01-21,29.530000686645508,30.25,27.8700008392334,28.350000381469727,694040.0
2016-01-22,32.189998626708984,32.349998474121094,29.530000686645508,29.84000015258789,636573.0
2016-01-23,32.189998626708984,32.349998474121094,29.530000686645508,29.84000015258789,636573.0
2016-01-24,32.189998626708984,32.349998474121094,29.530000686645508,29.84000015258789,636573.0
2016-01-25,30.34000015258789,32.7400016784668,29.68000030517578,32.04999923706055,606892.0
2016-01-26,31.450000762939453,32.40999984741211,29.25,29.809999465942383,642432.0
2016-01-27,32.29999923706055,32.84000015258789,30.139999389648438,30.549999237060547,738551.0
2016-01-28,33.220001220703125,34.81999969482422,31.739999771118164,32.189998626708984,833378.0
2016-01-29,33.619998931884766,34.400001525878906,32.650001525878906,33.70000076293945,618110.0
2016-01-30,33.619998931884766,34.400001525878906,32.650001525878906,33.70000076293945,618110.0
2016-01-31,33.619998931884766,34.400001525878906,32.650001525878906,33.70000076293945,618110.0
2016-02-01,31.6200008392334,34.18000030517578,31.290000915527344,33.83000183105469,595612.0
2016-02-02,29.8799991607666,31.530000686645508,29.56999969482422,31.3700008392334,602564.0
2016-02-03,32.279998779296875,32.75,29.399999618530273,29.75,811699.0
2016-02-04,31.719999313354492,33.599998474121094,31.530000686645508,32.709999084472656,696721.0
2016-02-05,30.889999389648438,32.45000076293945,30.6299991607666,31.639999389648438,616531.0
2016-02-06,30.889999389648438,32.45000076293945,30.6299991607666,31.639999389648438,616531.0
2016-02-07,30.889999389648438,32.45000076293945,30.6299991607666,31.639999389648438,616531.0
2016-02-08,29.690000534057617,31.3799991607666,29.56999969482422,30.969999313354492,603646.0
2016-02-09,27.940000534057617,30.610000610351562,27.739999771118164,30.170000076293945,738219.0
2016-02-10,27.450000762939453,29.219999313354492,27.239999771118164,28.360000610351562,781280.0
2016-02-11,26.209999084472656,27.479999542236328,26.049999237060547,27.34000015258789,795965.0
2016-02-12,29.440000534057617,29.65999984741211,26.950000762939453,27.299999237060547,675157.0
2016-02-13,29.440000534057617,29.65999984741211,26.950000762939453,27.299999237060547,675157.0
2016-02-14,29.440000534057617,29.65999984741211,26.950000762939453,27.299999237060547,675157.0
2016-02-15,29.440000534057617,29.65999984741211,26.950000762939453,27.299999237060547,675157.0
2016-02-16,29.040000915527344,31.530000686645508,28.700000762939453,29.079999923706055,651956.0
2016-02-17,30.65999984741211,31.489999771118164,28.729999542236328,29.139999389648438,578639.0
2016-02-18,30.770000457763672,31.979999542236328,30.270000457763672,31.350000381469727,225497.0
2016-02-19,29.639999389648438,30.729999542236328,29.049999237060547,30.600000381469727,103202.0
2016-02-20,29.639999389648438,30.729999542236328,29.049999237060547,30.600000381469727,103202.0
2016-02-21,29.639999389648438,30.729999542236328,29.049999237060547,30.600000381469727,103202.0
2016-02-22,31.479999542236328,32.04999923706055,29.479999542236328,29.719999313354492,521016.0
2016-02-23,31.8700008392334,33.529998779296875,31.219999313354492,33.34000015258789,539379.0
2016-02-24,32.150001525878906,32.400001525878906,30.559999465942383,31.280000686645508,652245.0
2016-02-25,33.06999969482422,33.4900016784668,31.06999969482422,32.189998626708984,611874.0
2016-02-26,32.779998779296875,34.689998626708984,32.63999938964844,33.040000915527344,646294.0
2016-02-27,32.779998779296875,34.689998626708984,32.63999938964844,33.040000915527344,646294.0
2016-02-28,32.779998779296875,34.689998626708984,32.63999938964844,33.040000915527344,646294.0
2016-02-29,33.75,33.97999954223633,32.31999969482422,32.720001220703125,512468.0
2016-03-01,34.400001525878906,34.7599983215332,33.369998931884766,33.900001525878906,566226.0
2016-03-02,34.65999984741211,35.16999816894531,33.54999923706055,33.88999938964844,597834.0
2016-03-03,34.56999969482422,35.31999969482422,34.189998626708984,34.72999954223633,512962.0
2016-03-04,35.91999816894531,36.34000015258789,34.400001525878906,34.65999984741211,578290.0
2016-03-05,35.91999816894531,36.34000015258789,34.400001525878906,34.65999984741211,578290.0
2016-03-06,35.91999816894531,36.34000015258789,34.400001525878906,34.65999984741211,578290.0
2016-03-07,37.900001525878906,38.11000061035156,36.09000015258789,36.20000076293945,709870.0
2016-03-08,36.5,38.38999938964844,36.119998931884766,37.939998626708984,706933.0
2016-03-09,38.290000915527344,38.5099983215332,36.2400016784668,36.36000061035156,740632.0
2016-03-10,37.84000015258789,38.47999954223633,37.209999084472656,38.16999816894531,701435.0
2016-03-11,38.5,39.02000045776367,37.91999816894531,37.9900016784668,564791.0
2016-03-12,38.5,39.02000045776367,37.91999816894531,37.9900016784668,564791.0
2016-03-13,38.5,39.02000045776367,37.91999816894531,37.9900016784668,564791.0
2016-03-14,37.18000030517578,38.77000045776367,36.68000030517578,38.16999816894531,489938.0
2016-03-15,36.34000015258789,37.400001525878906,35.959999084472656,37.369998931884766,446100.0
2016-03-16,38.459999084472656,38.630001068115234,36.61000061035156,36.7400016784668,494174.0
2016-03-17,40.20000076293945,40.36000061035156,38.470001220703125,38.59000015258789,298013.0
2016-03-18,39.439998626708984,41.20000076293945,39.150001525878906,40.25,130151.0
2016-03-19,39.439998626708984,41.20000076293945,39.150001525878906,40.25,130151.0
2016-03-20,39.439998626708984,41.20000076293945,39.150001525878906,40.25,130151.0
2016-03-21,39.90999984741211,40.29999923706055,38.61000061035156,39.060001373291016,479337.0
2016-03-22,41.45000076293945,41.900001525878906,40.77000045776367,41.59000015258789,463693.0
2016-03-23,39.790000915527344,41.34000015258789,39.66999816894531,41.189998626708984,492003.0
2016-03-24,39.459999084472656,39.77000045776367,38.33000183105469,39.72999954223633,495168.0
2016-03-25,39.459999084472656,39.77000045776367,38.33000183105469,39.72999954223633,495168.0
2016-03-26,39.459999084472656,39.77000045776367,38.33000183105469,39.72999954223633,495168.0
2016-03-27,39.459999084472656,39.77000045776367,38.33000183105469,39.72999954223633,495168.0
2016-03-28,39.38999938964844,40.13999938964844,38.86000061035156,39.54999923706055,299775.0
2016-03-29,38.279998779296875,39.47999954223633,37.90999984741211,39.31999969482422,488032.0
2016-03-30,38.31999969482422,39.849998474121094,38.13999938964844,38.52000045776367,542469.0
2016-03-31,38.34000015258789,39.040000915527344,37.56999969482422,38.29999923706055,532152.0
2016-04-01,36.790000915527344,38.560001373291016,36.630001068115234,38.13999938964844,547190.0
2016-04-02,36.790000915527344,38.560001373291016,36.630001068115234,38.13999938964844,547190.0
2016-04-03,36.790000915527344,38.560001373291016,36.630001068115234,38.13999938964844,547190.0
2016-04-04,35.70000076293945,37.209999084472656,35.459999084472656,36.61000061035156,549477.0
2016-04-05,35.88999938964844,36.58000183105469,35.2400016784668,35.5,485543.0
2016-04-06,37.75,37.900001525878906,36.43000030517578,36.52000045776367,751048.0
2016-04-07,37.2599983215332,38.29999923706055,36.689998626708984,37.7599983215332,626749.0
2016-04-08,39.720001220703125,39.84000015258789,37.45000076293945,37.52000045776367,817230.0
2016-04-09,39.720001220703125,39.84000015258789,37.45000076293945,37.52000045776367,817230.0
2016-04-10,39.720001220703125,39.84000015258789,37.45000076293945,37.52000045776367,817230.0
2016-04-11,40.36000061035156,40.75,39.25,39.720001220703125,679351.0
2016-04-12,42.16999816894531,42.25,40.09000015258789,40.349998474121094,796837.0
2016-04-13,41.7599983215332,42.41999816894531,41.2400016784668,41.630001068115234,730437.0
2016-04-14,41.5,42.15999984741211,40.84000015258789,41.540000915527344,488614.0
2016-04-15,40.36000061035156,41.72999954223633,39.97999954223633,41.43000030517578,520146.0
2016-04-16,40.36000061035156,41.72999954223633,39.97999954223633,41.43000030517578,520146.0
2016-04-17,40.36000061035156,41.72999954223633,39.97999954223633,41.43000030517578,520146.0
2016-04-18,39.779998779296875,40.2400016784668,37.61000061035156,38.75,342463.0
2016-04-19,41.08000183105469,41.529998779296875,39.58000183105469,40.040000915527344,101734.0
2016-04-20,42.630001068115234,42.90999984741211,39.849998474121094,40.79999923706055,796240.0
2016-04-21,43.18000030517578,44.4900016784668,43.04999923706055,43.970001220703125,671103.0
2016-04-22,43.72999954223633,44.45000076293945,43.11000061035156,43.41999816894531,575107.0
2016-04-23,43.72999954223633,44.45000076293945,43.11000061035156,43.41999816894531,575107.0
2016-04-24,43.72999954223633,44.45000076293945,43.11000061035156,43.41999816894531,575107.0
2016-04-25,42.63999938964844,44.040000915527344,42.58000183105469,43.75,606383.0
2016-04-26,44.040000915527344,44.83000183105469,42.5,42.959999084472656,564392.0
2016-04-27,45.33000183105469,45.619998931884766,43.77000045776367,44.63999938964844,648028.0
2016-04-28,46.029998779296875,46.13999938964844,44.939998626708984,45.29999923706055,487412.0
2016-04-29,45.91999816894531,46.779998779296875,45.2400016784668,45.900001525878906,598439.0
2016-04-30,45.91999816894531,46.779998779296875,45.2400016784668,45.900001525878906,598439.0
2016-05-01,45.91999816894531,46.779998779296875,45.2400016784668,45.900001525878906,598439.0
2016-05-02,44.779998779296875,46.150001525878906,44.540000915527344,45.900001525878906,464027.0
2016-05-03,43.650001525878906,45.349998474121094,43.31999969482422,44.91999816894531,625551.0
2016-05-04,43.779998779296875,44.880001068115234,43.220001220703125,43.849998474121094,711125.0
2016-05-05,44.31999969482422,46.06999969482422,43.959999084472656,44.040000915527344,746159.0
2016-05-06,44.65999984741211,45.34000015258789,43.540000915527344,44.52000045776367,695306.0
2016-05-07,44.65999984741211,45.34000015258789,43.540000915527344,44.52000045776367,695306.0
2016-05-08,44.65999984741211,45.34000015258789,43.540000915527344,44.52000045776367,695306.0
2016-05-09,43.439998626708984,45.939998626708984,43.2400016784668,45.0,767568.0
2016-05-10,44.65999984741211,44.790000915527344,43.029998779296875,43.25,709415.0
2016-05-11,46.22999954223633,46.36000061035156,43.959999084472656,44.599998474121094,869957.0
2016-05-12,46.70000076293945,47.02000045776367,45.61000061035156,46.0,715102.0
2016-05-13,46.209999084472656,46.4900016784668,45.75,46.40999984741211,519363.0
2016-05-14,46.209999084472656,46.4900016784668,45.75,46.40999984741211,519363.0
2016-05-15,46.209999084472656,46.4900016784668,45.75,46.40999984741211,519363.0
2016-05-16,47.720001220703125,47.97999954223633,46.150001525878906,46.279998779296875,550863.0
2016-05-17,48.310001373291016,48.7599983215332,47.529998779296875,47.900001525878906,470440.0
2016-05-18,48.189998626708984,48.95000076293945,47.75,48.529998779296875,343184.0
2016-05-19,48.15999984741211,48.279998779296875,46.72999954223633,47.869998931884766,108816.0
2016-05-20,47.75,48.790000915527344,47.439998626708984,48.20000076293945,538047.0
2016-05-21,47.75,48.790000915527344,47.439998626708984,48.20000076293945,538047.0
2016-05-22,47.75,48.790000915527344,47.439998626708984,48.20000076293945,538047.0
2016-05-23,48.08000183105469,48.5,47.400001525878906,48.459999084472656,475453.0
2016-05-24,48.619998931884766,49.27000045776367,47.63999938964844,48.08000183105469,475965.0
2016-05-25,49.560001373291016,49.75,48.650001525878906,49.09000015258789,550501.0
2016-05-26,49.47999954223633,50.209999084472656,49.220001220703125,49.70000076293945,488465.0
2016-05-27,49.33000183105469,49.599998474121094,48.689998626708984,49.310001373291016,406386.0
2016-05-28,49.33000183105469,49.599998474121094,48.689998626708984,49.310001373291016,406386.0
2016-05-29,49.33000183105469,49.599998474121094,48.689998626708984,49.310001373291016,406386.0
2016-05-30,49.33000183105469,49.599998474121094,48.689998626708984,49.310001373291016,406386.0
2016-05-31,49.099998474121094,50.099998474121094,48.810001373291016,49.540000915527344,476988.0
2016-06-01,49.0099983215332,49.25,47.75,48.81999969482422,568839.0
2016-06-02,49.16999816894531,49.470001220703125,47.970001220703125,48.900001525878906,564846.0
2016-06-03,48.619998931884766,49.40999984741211,48.33000183105469,49.040000915527344,481034.0
2016-06-04,48.619998931884766,49.40999984741211,48.33000183105469,49.040000915527344,481034.0
2016-06-05,48.619998931884766,49.40999984741211,48.33000183105469,49.040000915527344,481034.0
2016-06-06,49.689998626708984,49.900001525878906,48.709999084472656,48.880001068115234,450472.0
2016-06-07,50.36000061035156,50.529998779296875,49.439998626708984,49.709999084472656,542254.0
2016-06-08,51.22999954223633,51.619998931884766,50.31999969482422,50.40999984741211,656416.0
2016-06-09,50.560001373291016,51.66999816894531,50.22999954223633,51.45000076293945,560723.0
2016-06-10,49.06999969482422,50.72999954223633,48.79999923706055,50.470001220703125,596119.0
2016-06-11,49.06999969482422,50.72999954223633,48.79999923706055,50.470001220703125,596119.0
2016-06-12,49.06999969482422,50.72999954223633,48.79999923706055,50.470001220703125,596119.0
2016-06-13,48.880001068115234,49.279998779296875,48.15999984741211,48.849998474121094,506036.0
2016-06-14,48.4900016784668,48.689998626708984,47.84000015258789,48.52000045776367,456144.0
2016-06-15,48.0099983215332,48.720001220703125,47.279998779296875,47.900001525878906,527870.0
2016-06-16,46.209999084472656,47.75,45.90999984741211,47.45000076293945,507910.0
2016-06-17,47.97999954223633,48.290000915527344,45.83000183105469,45.9900016784668,226653.0
2016-06-18,47.97999954223633,48.290000915527344,45.83000183105469,45.9900016784668,226653.0
2016-06-19,47.97999954223633,48.290000915527344,45.83000183105469,45.9900016784668,226653.0
2016-06-20,49.369998931884766,49.41999816894531,48.13999938964844,48.290000915527344,98293.0
2016-06-21,48.849998474121094,49.31999969482422,48.15999984741211,49.13999938964844,475407.0
2016-06-22,49.130001068115234,50.540000915527344,48.400001525878906,50.220001220703125,569939.0
2016-06-23,50.11000061035156,50.22999954223633,49.08000183105469,49.08000183105469,401885.0
2016-06-24,47.63999938964844,50.45000076293945,46.70000076293945,50.29999923706055,649446.0
2016-06-25,47.63999938964844,50.45000076293945,46.70000076293945,50.29999923706055,649446.0
2016-06-26,47.63999938964844,50.45000076293945,46.70000076293945,50.29999923706055,649446.0
2016-06-27,46.33000183105469,47.959999084472656,45.83000183105469,47.810001373291016,504613.0
2016-06-28,47.849998474121094,48.18000030517578,46.540000915527344,46.59000015258789,498851.0
2016-06-29,49.880001068115234,50.0,47.97999954223633,48.060001373291016,511476.0
2016-06-30,48.33000183105469,49.619998931884766,48.16999816894531,49.54999923706055,508736.0
2016-07-01,48.9900016784668,49.29999923706055,47.900001525878906,48.380001068115234,405187.0
2016-07-02,48.9900016784668,49.29999923706055,47.900001525878906,48.380001068115234,405187.0
2016-07-03,48.9900016784668,49.29999923706055,47.900001525878906,48.380001068115234,405187.0
2016-07-04,48.9900016784668,49.29999923706055,47.900001525878906,48.380001068115234,405187.0
2016-07-05,46.599998474121094,49.349998474121094,46.33000183105469,49.11000061035156,609194.0
2016-07-06,47.43000030517578,47.95000076293945,45.91999816894531,46.83000183105469,607663.0
2016-07-07,45.13999938964844,48.25,44.869998931884766,47.880001068115234,710893.0
2016-07-08,45.40999984741211,45.970001220703125,44.77000045776367,45.189998626708984,583078.0
2016-07-09,45.40999984741211,45.970001220703125,44.77000045776367,45.189998626708984,583078.0
2016-07-10,45.40999984741211,45.970001220703125,44.77000045776367,45.189998626708984,583078.0
2016-07-11,44.7599983215332,45.77000045776367,44.41999816894531,45.06999969482422,533657.0
2016-07-12,46.79999923706055,46.93000030517578,44.5099983215332,44.58000183105469,658257.0
2016-07-13,44.75,46.709999084472656,44.560001373291016,46.58000183105469,686245.0
2016-07-14,45.68000030517578,45.79999923706055,44.95000076293945,45.13999938964844,573761.0
2016-07-15,45.95000076293945,46.33000183105469,45.04999923706055,45.52000045776367,430256.0
2016-07-16,45.95000076293945,46.33000183105469,45.04999923706055,45.52000045776367,430256.0
2016-07-17,45.95000076293945,46.33000183105469,45.04999923706055,45.52000045776367,430256.0
2016-07-18,45.2400016784668,46.13999938964844,44.86000061035156,46.119998931884766,211393.0
2016-07-19,44.650001525878906,45.66999816894531,44.529998779296875,45.22999954223633,128127.0
2016-07-20,44.939998626708984,45.25,43.689998626708984,44.59000015258789,541014.0
2016-07-21,44.75,46.09000015258789,44.52000045776367,45.650001525878906,432972.0
2016-07-22,44.189998626708984,44.970001220703125,43.7400016784668,44.599998474121094,428407.0
2016-07-23,44.189998626708984,44.970001220703125,43.7400016784668,44.599998474121094,428407.0
2016-07-24,44.189998626708984,44.970001220703125,43.7400016784668,44.599998474121094,428407.0
2016-07-25,43.130001068115234,44.369998931884766,42.970001220703125,44.20000076293945,389837.0
2016-07-26,42.91999816894531,43.38999938964844,42.36000061035156,43.06999969482422,461324.0
2016-07-27,41.91999816894531,43.20000076293945,41.68000030517578,42.65999984741211,537390.0
2016-07-28,41.13999938964844,42.220001220703125,41.040000915527344,41.93000030517578,447913.0
2016-07-29,41.599998474121094,41.66999816894531,40.56999969482422,41.119998931884766,478763.0
2016-07-30,41.599998474121094,41.66999816894531,40.56999969482422,41.119998931884766,478763.0
2016-07-31,41.599998474121094,41.66999816894531,40.56999969482422,41.119998931884766,478763.0
2016-08-01,40.060001373291016,41.880001068115234,39.81999969482422,41.349998474121094,533020.0
2016-08-02,39.5099983215332,40.90999984741211,39.2599983215332,40.08000183105469,534512.0
2016-08-03,40.83000183105469,41.20000076293945,39.189998626708984,39.70000076293945,655186.0
2016-08-04,41.93000030517578,42.08000183105469,40.43000030517578,41.15999984741211,598836.0
2016-08-05,41.79999923706055,42.099998474121094,41.060001373291016,41.84000015258789,550189.0
2016-08-06,41.79999923706055,42.099998474121094,41.060001373291016,41.84000015258789,550189.0
2016-08-07,41.79999923706055,42.099998474121094,41.060001373291016,41.84000015258789,550189.0
2016-08-08,43.02000045776367,43.38999938964844,41.810001373291016,41.9900016784668,562530.0
2016-08-09,42.77000045776367,43.52000045776367,42.470001220703125,42.83000183105469,624703.0
2016-08-10,41.709999084472656,43.38999938964844,41.41999816894531,42.7400016784668,676148.0
2016-08-11,43.4900016784668,43.86000061035156,41.099998474121094,41.47999954223633,682235.0
2016-08-12,44.4900016784668,44.779998779296875,43.310001373291016,43.459999084472656,536081.0
2016-08-13,44.4900016784668,44.779998779296875,43.310001373291016,43.459999084472656,536081.0
2016-08-14,44.4900016784668,44.779998779296875,43.310001373291016,43.459999084472656,536081.0
2016-08-15,45.7400016784668,45.93000030517578,44.380001068115234,44.7400016784668,522526.0
2016-08-16,46.58000183105469,46.72999954223633,45.34000015258789,45.59000015258789,550440.0
2016-08-17,46.790000915527344,46.95000076293945,45.84000015258789,46.369998931884766,563354.0
2016-08-18,48.220001220703125,48.380001068115234,46.630001068115234,46.900001525878906,229277.0
2016-08-19,48.52000045776367,48.75,47.93000030517578,48.33000183105469,162438.0
2016-08-20,48.52000045776367,48.75,47.93000030517578,48.33000183105469,162438.0
2016-08-21,48.52000045776367,48.75,47.93000030517578,48.33000183105469,162438.0
2016-08-22,47.04999923706055,48.400001525878906,46.75,48.400001525878906,515256.0
2016-08-23,48.099998474121094,48.31999969482422,46.59000015258789,47.38999938964844,623904.0
2016-08-24,46.77000045776367,47.7400016784668,46.45000076293945,47.59000015258789,603495.0
2016-08-25,47.33000183105469,47.459999084472656,46.41999816894531,46.79999923706055,458816.0
2016-08-26,47.63999938964844,48.459999084472656,46.939998626708984,47.369998931884766,558344.0
2016-08-27,47.63999938964844,48.459999084472656,46.939998626708984,47.369998931884766,558344.0
2016-08-28,47.63999938964844,48.459999084472656,46.939998626708984,47.369998931884766,558344.0
2016-08-29,46.97999954223633,47.279998779296875,46.619998931884766,47.220001220703125,309254.0
2016-08-30,46.349998474121094,47.4900016784668,46.209999084472656,46.97999954223633,464449.0
2016-08-31,44.70000076293945,46.40999984741211,44.5099983215332,46.2400016784668,549007.0
2016-09-01,43.15999984741211,45.08000183105469,43.0,44.849998474121094,605003.0
2016-09-02,44.439998626708984,44.66999816894531,43.15999984741211,43.54999923706055,576915.0
2016-09-03,44.439998626708984,44.66999816894531,43.15999984741211,43.54999923706055,576915.0
2016-09-04,44.439998626708984,44.66999816894531,43.15999984741211,43.54999923706055,576915.0
2016-09-05,44.439998626708984,44.66999816894531,43.15999984741211,43.54999923706055,576915.0
2016-09-06,44.83000183105469,46.529998779296875,43.84000015258789,44.150001525878906,932145.0
2016-09-07,45.5,46.16999816894531,44.54999923706055,44.849998474121094,572884.0
2016-09-08,47.619998931884766,47.75,45.77000045776367,46.119998931884766,761943.0
2016-09-09,45.880001068115234,47.36000061035156,45.560001373291016,47.36000061035156,688191.0
2016-09-10,45.880001068115234,47.36000061035156,45.560001373291016,47.36000061035156,688191.0
2016-09-11,45.880001068115234,47.36000061035156,45.560001373291016,47.36000061035156,688191.0
2016-09-12,46.290000915527344,46.5099983215332,44.720001220703125,45.56999969482422,745016.0
2016-09-13,44.900001525878906,46.130001068115234,44.77000045776367,46.060001373291016,657775.0
2016-09-14,43.58000183105469,45.33000183105469,43.41999816894531,45.0,705861.0
2016-09-15,43.90999984741211,44.34000015258789,43.2599983215332,43.70000076293945,537185.0
2016-09-16,43.029998779296875,43.75,42.7400016784668,43.709999084472656,231191.0
2016-09-17,43.029998779296875,43.75,42.7400016784668,43.709999084472656,231191.0
2016-09-18,43.029998779296875,43.75,42.7400016784668,43.709999084472656,231191.0
2016-09-19,43.29999923706055,44.150001525878906,43.119998931884766,43.18000030517578,129857.0
2016-09-20,43.439998626708984,44.04999923706055,42.54999923706055,43.130001068115234,694130.0
2016-09-21,45.34000015258789,45.650001525878906,44.5,44.5,585987.0
2016-09-22,46.31999969482422,46.52000045776367,45.52000045776367,45.619998931884766,521680.0
2016-09-23,44.47999954223633,46.54999923706055,44.220001220703125,46.06999969482422,718395.0
2016-09-24,44.47999954223633,46.54999923706055,44.220001220703125,46.06999969482422,718395.0
2016-09-25,44.47999954223633,46.54999923706055,44.220001220703125,46.06999969482422,718395.0
2016-09-26,45.93000030517578,46.20000076293945,44.43000030517578,44.619998931884766,527119.0
2016-09-27,44.66999816894531,45.959999084472656,44.189998626708984,45.619998931884766,630757.0
2016-09-28,47.04999923706055,47.45000076293945,44.349998474121094,44.959999084472656,1008434.0
2016-09-29,47.83000183105469,48.31999969482422,46.599998474121094,47.20000076293945,702649.0
2016-09-30,48.2400016784668,48.29999923706055,47.040000915527344,47.7599983215332,496515.0
2016-10-01,48.2400016784668,48.29999923706055,47.040000915527344,47.7599983215332,496515.0
2016-10-02,48.2400016784668,48.29999923706055,47.040000915527344,47.7599983215332,496515.0
2016-10-03,48.810001373291016,49.02000045776367,47.779998779296875,48.040000915527344,458021.0
2016-10-04,48.689998626708984,49.2599983215332,48.2599983215332,48.650001525878906,513710.0
2016-10-05,49.83000183105469,49.970001220703125,49.099998474121094,49.2599983215332,520070.0
2016-10-06,50.439998626708984,50.630001068115234,49.33000183105469,49.650001525878906,547915.0
2016-10-07,49.810001373291016,50.7400016784668,49.400001525878906,50.59000015258789,618809.0
2016-10-08,49.810001373291016,50.7400016784668,49.400001525878906,50.59000015258789,618809.0
2016-10-09,49.810001373291016,50.7400016784668,49.400001525878906,50.59000015258789,618809.0
2016-10-10,49.810001373291016,50.7400016784668,49.400001525878906,50.59000015258789,618809.0
2016-10-11,50.790000915527344,51.540000915527344,50.38999938964844,51.099998474121094,765608.0
2016-10-12,50.18000030517578,51.16999816894531,49.88999938964844,50.84000015258789,533884.0
2016-10-13,50.439998626708984,50.59000015258789,49.36000061035156,50.0,740676.0
2016-10-14,50.349998474121094,51.13999938964844,49.900001525878906,50.58000183105469,519431.0
2016-10-15,50.349998474121094,51.13999938964844,49.900001525878906,50.58000183105469,519431.0
2016-10-16,50.349998474121094,51.13999938964844,49.900001525878906,50.58000183105469,519431.0
2016-10-17,49.939998626708984,50.58000183105469,49.470001220703125,50.22999954223633,418723.0
2016-10-18,50.290000915527344,50.779998779296875,49.7599983215332,50.040000915527344,192803.0
2016-10-19,51.599998474121094,51.93000030517578,50.689998626708984,50.77000045776367,132427.0
2016-10-20,50.43000030517578,51.58000183105469,50.25,51.400001525878906,548947.0
2016-10-21,50.849998474121094,51.02000045776367,50.209999084472656,50.65999984741211,551300.0
2016-10-22,50.849998474121094,51.02000045776367,50.209999084472656,50.65999984741211,551300.0
2016-10-23,50.849998474121094,51.02000045776367,50.209999084472656,50.65999984741211,551300.0
2016-10-24,50.52000045776367,50.97999954223633,49.619998931884766,50.849998474121094,623398.0
2016-10-25,49.959999084472656,50.93000030517578,49.27000045776367,50.4900016784668,553778.0
2016-10-26,49.18000030517578,50.099998474121094,48.869998931884766,49.310001373291016,679320.0
2016-10-27,49.720001220703125,50.060001373291016,49.0,49.220001220703125,543173.0
2016-10-28,48.70000076293945,49.810001373291016,48.41999816894531,49.61000061035156,550081.0
2016-10-29,48.70000076293945,49.810001373291016,48.41999816894531,49.61000061035156,550081.0
2016-10-30,48.70000076293945,49.810001373291016,48.41999816894531,49.61000061035156,550081.0
2016-10-31,46.86000061035156,48.7400016784668,46.630001068115234,48.25,649237.0
2016-11-01,46.66999816894531,47.349998474121094,46.20000076293945,46.77000045776367,834989.0
2016-11-02,45.34000015258789,46.470001220703125,44.959999084472656,46.31999969482422,674322.0
2016-11-03,44.65999984741211,45.900001525878906,44.369998931884766,45.47999954223633,540439.0
2016-11-04,44.06999969482422,44.869998931884766,43.56999969482422,44.630001068115234,736685.0
2016-11-05,44.06999969482422,44.869998931884766,43.56999969482422,44.630001068115234,736685.0
2016-11-06,44.06999969482422,44.869998931884766,43.56999969482422,44.630001068115234,736685.0
2016-11-07,44.88999938964844,45.0099983215332,44.11000061035156,44.45000076293945,605733.0
2016-11-08,44.97999954223633,45.38999938964844,44.40999984741211,44.970001220703125,669639.0
2016-11-09,45.27000045776367,45.95000076293945,43.06999969482422,44.81999969482422,946512.0
2016-11-10,44.65999984741211,45.63999938964844,44.25,45.310001373291016,686338.0
2016-11-11,44.65999984741211,45.63999938964844,44.25,45.310001373291016,686338.0
2016-11-12,44.65999984741211,45.63999938964844,44.25,45.310001373291016,686338.0
2016-11-13,44.65999984741211,45.63999938964844,44.25,45.310001373291016,686338.0
2016-11-14,43.31999969482422,43.810001373291016,42.20000076293945,43.20000076293945,704766.0
2016-11-15,45.810001373291016,46.09000015258789,43.54999923706055,43.7599983215332,706177.0
2016-11-16,45.56999969482422,46.40999984741211,45.029998779296875,45.77000045776367,658169.0
2016-11-17,45.41999816894531,46.58000183105469,44.880001068115234,45.369998931884766,284874.0
2016-11-18,45.689998626708984,45.77000045776367,44.54999923706055,44.93000030517578,155651.0
2016-11-19,45.689998626708984,45.77000045776367,44.54999923706055,44.93000030517578,155651.0
2016-11-20,45.689998626708984,45.77000045776367,44.54999923706055,44.93000030517578,155651.0
2016-11-21,47.4900016784668,47.79999923706055,45.77000045776367,45.83000183105469,665326.0
2016-11-22,48.029998779296875,49.20000076293945,47.16999816894531,48.369998931884766,826208.0
2016-11-23,47.959999084472656,48.43000030517578,47.400001525878906,47.939998626708984,556861.0
2016-11-24,47.959999084472656,48.43000030517578,47.400001525878906,47.939998626708984,556861.0
2016-11-25,46.060001373291016,48.2599983215332,45.880001068115234,47.970001220703125,465977.0
2016-11-26,46.060001373291016,48.2599983215332,45.880001068115234,47.970001220703125,465977.0
2016-11-27,46.060001373291016,48.2599983215332,45.880001068115234,47.970001220703125,465977.0
2016-11-28,47.08000183105469,47.650001525878906,45.13999938964844,45.43000030517578,734381.0
2016-11-29,45.22999954223633,46.97999954223633,44.81999969482422,46.880001068115234,732818.0
2016-11-30,49.439998626708984,49.900001525878906,45.220001220703125,45.2400016784668,1311000.0
2016-12-01,51.060001373291016,51.79999923706055,48.97999954223633,49.06999969482422,974805.0
2016-12-02,51.68000030517578,51.72999954223633,50.18000030517578,51.0099983215332,667099.0
2016-12-03,51.68000030517578,51.72999954223633,50.18000030517578,51.0099983215332,667099.0
2016-12-04,51.68000030517578,51.72999954223633,50.18000030517578,51.0099983215332,667099.0
2016-12-05,51.790000915527344,52.41999816894531,50.93000030517578,51.459999084472656,600782.0
2016-12-06,50.93000030517578,51.599998474121094,50.279998779296875,50.970001220703125,642746.0
2016-12-07,49.77000045776367,51.20000076293945,49.720001220703125,50.93000030517578,816879.0
2016-12-08,50.84000015258789,50.97999954223633,49.61000061035156,49.880001068115234,780062.0
2016-12-09,51.5,51.65999984741211,50.86000061035156,50.91999816894531,652040.0
2016-12-10,51.5,51.65999984741211,50.86000061035156,50.91999816894531,652040.0
2016-12-11,51.5,51.65999984741211,50.86000061035156,50.91999816894531,652040.0
2016-12-12,52.83000183105469,54.5099983215332,52.18000030517578,52.58000183105469,847025.0
2016-12-13,52.97999954223633,53.40999984741211,52.349998474121094,52.5099983215332,638396.0
2016-12-14,51.040000915527344,52.779998779296875,50.66999816894531,52.45000076293945,677957.0
2016-12-15,50.900001525878906,51.47999954223633,49.95000076293945,50.790000915527344,551759.0
2016-12-16,51.900001525878906,52.08000183105469,50.5,51.099998474121094,252567.0
2016-12-17,51.900001525878906,52.08000183105469,50.5,51.099998474121094,252567.0
2016-12-18,51.900001525878906,52.08000183105469,50.5,51.099998474121094,252567.0
2016-12-19,52.119998931884766,52.52000045776367,51.5099983215332,52.150001525878906,129990.0
2016-12-20,52.22999954223633,52.70000076293945,51.849998474121094,52.11000061035156,416592.0
2016-12-21,52.4900016784668,53.790000915527344,52.31999969482422,53.560001373291016,471993.0
2016-12-22,52.95000076293945,53.189998626708984,52.08000183105469,52.52000045776367,393487.0
2016-12-23,53.02000045776367,53.279998779296875,52.2599983215332,52.68000030517578,285166.0
2016-12-24,53.02000045776367,53.279998779296875,52.2599983215332,52.68000030517578,285166.0
2016-12-25,53.02000045776367,53.279998779296875,52.2599983215332,52.68000030517578,285166.0
2016-12-26,53.02000045776367,53.279998779296875,52.2599983215332,52.68000030517578,285166.0
2016-12-27,53.900001525878906,54.099998474121094,53.029998779296875,53.290000915527344,277306.0
2016-12-28,54.060001373291016,54.369998931884766,53.560001373291016,53.93000030517578,322535.0
2016-12-29,53.77000045776367,54.209999084472656,53.459999084472656,53.65999984741211,360194.0
2016-12-30,53.720001220703125,54.09000015258789,53.40999984741211,53.869998931884766,271094.0
2016-12-31,53.720001220703125,54.09000015258789,53.40999984741211,53.869998931884766,271094.0
2017-01-01,53.720001220703125,54.09000015258789,53.40999984741211,53.869998931884766,271094.0
2017-01-02,53.720001220703125,54.09000015258789,53.40999984741211,53.869998931884766,271094.0
2017-01-03,52.33000183105469,55.2400016784668,52.11000061035156,54.20000076293945,727793.0
2017-01-04,53.2599983215332,53.43000030517578,52.150001525878906,52.4900016784668,512641.0
2017-01-05,53.7599983215332,54.119998931884766,52.790000915527344,53.38999938964844,517362.0
2017-01-06,53.9900016784668,54.31999969482422,53.31999969482422,53.72999954223633,528333.0
2017-01-07,53.9900016784668,54.31999969482422,53.31999969482422,53.72999954223633,528333.0
2017-01-08,53.9900016784668,54.31999969482422,53.31999969482422,53.72999954223633,528333.0
2017-01-09,51.959999084472656,53.83000183105469,51.7599983215332,53.75,564893.0
2017-01-10,50.81999969482422,52.369998931884766,50.709999084472656,51.83000183105469,632573.0
2017-01-11,52.25,52.779998779296875,50.75,50.810001373291016,815846.0
2017-01-12,53.0099983215332,53.5,52.119998931884766,52.369998931884766,660703.0
2017-01-13,52.369998931884766,53.16999816894531,52.27000045776367,53.04999923706055,477986.0
2017-01-14,52.369998931884766,53.16999816894531,52.27000045776367,53.04999923706055,477986.0
2017-01-15,52.369998931884766,53.16999816894531,52.27000045776367,53.04999923706055,477986.0
2017-01-16,52.369998931884766,53.16999816894531,52.27000045776367,53.04999923706055,477986.0
2017-01-17,52.47999954223633,53.52000045776367,52.119998931884766,52.54999923706055,606023.0
2017-01-18,51.08000183105469,52.790000915527344,50.90999984741211,52.52000045776367,236238.0
2017-01-19,51.369998931884766,51.869998931884766,51.02000045776367,51.38999938964844,122593.0
2017-01-20,52.41999816894531,52.900001525878906,51.38999938964844,51.45000076293945,567231.0
2017-01-21,52.41999816894531,52.900001525878906,51.38999938964844,51.45000076293945,567231.0
2017-01-22,52.41999816894531,52.900001525878906,51.38999938964844,51.45000076293945,567231.0
2017-01-23,52.75,53.470001220703125,52.209999084472656,53.33000183105469,455333.0
2017-01-24,53.18000030517578,53.560001373291016,52.66999816894531,52.86000061035156,520285.0
2017-01-25,52.75,53.470001220703125,52.560001373291016,52.95000076293945,589709.0
2017-01-26,53.779998779296875,54.060001373291016,52.790000915527344,52.959999084472656,578065.0
2017-01-27,53.16999816894531,54.08000183105469,52.58000183105469,53.7400016784668,495556.0
2017-01-28,53.16999816894531,54.08000183105469,52.58000183105469,53.7400016784668,495556.0
2017-01-29,53.16999816894531,54.08000183105469,52.58000183105469,53.7400016784668,495556.0
2017-01-30,52.630001068115234,53.459999084472656,52.40999984741211,53.150001525878906,486309.0
2017-01-31,52.810001373291016,53.560001373291016,52.2400016784668,52.599998474121094,586676.0
2017-02-01,53.880001068115234,53.90999984741211,52.63999938964844,52.7599983215332,577243.0
2017-02-02,53.540000915527344,54.34000015258789,53.349998474121094,53.56999969482422,492553.0
2017-02-03,53.83000183105469,54.220001220703125,53.400001525878906,53.68000030517578,462616.0
2017-02-04,53.83000183105469,54.220001220703125,53.400001525878906,53.68000030517578,462616.0
2017-02-05,53.83000183105469,54.220001220703125,53.400001525878906,53.68000030517578,462616.0
2017-02-06,53.0099983215332,54.130001068115234,52.90999984741211,53.810001373291016,425085.0
2017-02-07,52.16999816894531,53.2400016784668,51.630001068115234,53.13999938964844,624057.0
2017-02-08,52.34000015258789,52.66999816894531,51.220001220703125,51.63999938964844,767379.0
2017-02-09,53.0,53.209999084472656,52.369998931884766,52.369998931884766,610196.0
2017-02-10,53.86000061035156,54.130001068115234,52.900001525878906,53.150001525878906,596449.0
2017-02-11,53.86000061035156,54.130001068115234,52.900001525878906,53.150001525878906,596449.0
2017-02-12,53.86000061035156,54.130001068115234,52.900001525878906,53.150001525878906,596449.0
2017-02-13,52.93000030517578,53.95000076293945,52.77000045776367,53.79999923706055,586034.0
2017-02-14,53.20000076293945,53.720001220703125,52.86000061035156,52.90999984741211,493022.0
2017-02-15,53.11000061035156,53.5099983215332,52.72999954223633,53.0,463638.0
2017-02-16,53.36000061035156,53.59000015258789,52.68000030517578,53.0099983215332,343363.0
2017-02-17,53.400001525878906,53.52000045776367,52.880001068115234,53.470001220703125,195352.0
2017-02-18,53.400001525878906,53.52000045776367,52.880001068115234,53.470001220703125,195352.0
2017-02-19,53.400001525878906,53.52000045776367,52.880001068115234,53.470001220703125,195352.0
2017-02-20,53.400001525878906,53.52000045776367,52.880001068115234,53.470001220703125,195352.0
2017-02-21,54.060001373291016,54.68000030517578,53.349998474121094,53.47999954223633,665310.0
2017-02-22,53.59000015258789,54.599998474121094,53.349998474121094,54.2599983215332,499480.0
2017-02-23,54.45000076293945,54.939998626708984,53.869998931884766,53.90999984741211,529880.0
2017-02-24,53.9900016784668,54.5099983215332,53.7599983215332,54.33000183105469,395258.0
2017-02-25,53.9900016784668,54.5099983215332,53.7599983215332,54.33000183105469,395258.0
2017-02-26,53.9900016784668,54.5099983215332,53.7599983215332,54.33000183105469,395258.0
2017-02-27,54.04999923706055,54.61000061035156,53.939998626708984,54.02000045776367,394380.0
2017-02-28,54.0099983215332,54.22999954223633,53.18000030517578,54.040000915527344,593909.0
2017-03-01,53.83000183105469,54.439998626708984,53.630001068115234,53.95000076293945,491289.0
2017-03-02,52.61000061035156,53.79999923706055,52.540000915527344,53.689998626708984,638390.0
2017-03-03,53.33000183105469,53.38999938964844,52.54999923706055,52.58000183105469,436360.0
2017-03-04,53.33000183105469,53.38999938964844,52.54999923706055,52.58000183105469,436360.0
2017-03-05,53.33000183105469,53.38999938964844,52.54999923706055,52.58000183105469,436360.0
2017-03-06,53.20000076293945,53.560001373291016,52.7599983215332,53.189998626708984,503692.0
2017-03-07,53.13999938964844,53.79999923706055,52.709999084472656,53.16999816894531,494677.0
2017-03-08,50.279998779296875,52.91999816894531,50.04999923706055,52.790000915527344,963392.0
2017-03-09,49.279998779296875,50.84000015258789,48.59000015258789,50.220001220703125,1073506.0
2017-03-10,48.4900016784668,50.11000061035156,48.310001373291016,49.61000061035156,796960.0
2017-03-11,48.4900016784668,50.11000061035156,48.310001373291016,49.61000061035156,796960.0
2017-03-12,48.4900016784668,50.11000061035156,48.310001373291016,49.61000061035156,796960.0
2017-03-13,48.400001525878906,48.68000030517578,47.900001525878906,48.45000076293945,601362.0
2017-03-14,47.720001220703125,48.790000915527344,47.09000015258789,48.45000076293945,857711.0
2017-03-15,48.86000061035156,49.040000915527344,48.15999984741211,48.7599983215332,655788.0
2017-03-16,48.75,49.619998931884766,48.45000076293945,49.0099983215332,516853.0
2017-03-17,48.779998779296875,49.20000076293945,48.599998474121094,48.790000915527344,172340.0
2017-03-18,48.779998779296875,49.20000076293945,48.599998474121094,48.790000915527344,172340.0
2017-03-19,48.779998779296875,49.20000076293945,48.599998474121094,48.790000915527344,172340.0
2017-03-20,48.220001220703125,48.7400016784668,47.84000015258789,48.70000076293945,142258.0
2017-03-21,47.34000015258789,48.72999954223633,47.22999954223633,47.93000030517578,628119.0
2017-03-22,48.040000915527344,48.31999969482422,47.0099983215332,48.15999984741211,680849.0
2017-03-23,47.70000076293945,48.47999954223633,47.58000183105469,48.150001525878906,499878.0
2017-03-24,47.970001220703125,48.20000076293945,47.540000915527344,47.66999816894531,421027.0
2017-03-25,47.970001220703125,48.20000076293945,47.540000915527344,47.66999816894531,421027.0
2017-03-26,47.970001220703125,48.20000076293945,47.540000915527344,47.66999816894531,421027.0
2017-03-27,47.72999954223633,48.279998779296875,47.08000183105469,48.119998931884766,466176.0
2017-03-28,48.369998931884766,48.7400016784668,47.79999923706055,47.88999938964844,502377.0
2017-03-29,49.5099983215332,49.630001068115234,48.380001068115234,48.470001220703125,548615.0
2017-03-30,50.349998474121094,50.470001220703125,49.27000045776367,49.599998474121094,580668.0
2017-03-31,50.599998474121094,50.849998474121094,49.900001525878906,50.31999969482422,527607.0
2017-04-01,50.599998474121094,50.849998474121094,49.900001525878906,50.31999969482422,527607.0
2017-04-02,50.599998474121094,50.849998474121094,49.900001525878906,50.31999969482422,527607.0
2017-04-03,50.2400016784668,50.83000183105469,50.119998931884766,50.689998626708984,440724.0
2017-04-04,51.029998779296875,51.29999923706055,49.880001068115234,50.2400016784668,532054.0
2017-04-05,51.150001525878906,51.880001068115234,50.7400016784668,51.18000030517578,651398.0
2017-04-06,51.70000076293945,51.81999969482422,50.77000045776367,50.79999923706055,473019.0
2017-04-07,52.2400016784668,52.939998626708984,51.4900016784668,51.70000076293945,796437.0
2017-04-08,52.2400016784668,52.939998626708984,51.4900016784668,51.70000076293945,796437.0
2017-04-09,52.2400016784668,52.939998626708984,51.4900016784668,51.70000076293945,796437.0
2017-04-10,53.08000183105469,53.18000030517578,52.290000915527344,52.310001373291016,565439.0
2017-04-11,53.400001525878906,53.45000076293945,52.70000076293945,53.130001068115234,598003.0
2017-04-12,53.11000061035156,53.7599983215332,52.709999084472656,53.400001525878906,629805.0
2017-04-13,53.18000030517578,53.38999938964844,52.81999969482422,52.849998474121094,480835.0
2017-04-14,53.18000030517578,53.38999938964844,52.81999969482422,52.849998474121094,480835.0
2017-04-15,53.18000030517578,53.38999938964844,52.81999969482422,52.849998474121094,480835.0
2017-04-16,53.18000030517578,53.38999938964844,52.81999969482422,52.849998474121094,480835.0
2017-04-17,52.650001525878906,53.209999084472656,52.54999923706055,52.970001220703125,326340.0
2017-04-18,52.40999984741211,52.849998474121094,52.099998474121094,52.75,202043.0
2017-04-19,50.439998626708984,52.650001525878906,50.09000015258789,52.36000061035156,133173.0
2017-04-20,50.27000045776367,50.970001220703125,50.18000030517578,50.630001068115234,606263.0
2017-04-21,49.619998931884766,50.93000030517578,49.20000076293945,50.709999084472656,687474.0
2017-04-22,49.619998931884766,50.93000030517578,49.20000076293945,50.709999084472656,687474.0
2017-04-23,49.619998931884766,50.93000030517578,49.20000076293945,50.709999084472656,687474.0
2017-04-24,49.22999954223633,50.220001220703125,49.029998779296875,49.68000030517578,517897.0
2017-04-25,49.560001373291016,49.83000183105469,48.869998931884766,49.220001220703125,587240.0
2017-04-26,49.619998931884766,50.20000076293945,48.939998626708984,49.36000061035156,655717.0
2017-04-27,48.970001220703125,49.43000030517578,48.20000076293945,49.220001220703125,771189.0
2017-04-28,49.33000183105469,49.7599983215332,48.79999923706055,49.27000045776367,633992.0
2017-04-29,49.33000183105469,49.7599983215332,48.79999923706055,49.27000045776367,633992.0
2017-04-30,49.33000183105469,49.7599983215332,48.79999923706055,49.27000045776367,633992.0
2017-05-01,48.84000015258789,49.31999969482422,48.59000015258789,49.16999816894531,364386.0
2017-05-02,47.65999984741211,49.279998779296875,47.349998474121094,48.779998779296875,702375.0
2017-05-03,47.81999969482422,48.22999954223633,47.29999923706055,48.119998931884766,691319.0
2017-05-04,45.52000045776367,47.75,45.290000915527344,47.599998474121094,943959.0
2017-05-05,46.220001220703125,46.68000030517578,43.7599983215332,45.5099983215332,1021610.0
2017-05-06,46.220001220703125,46.68000030517578,43.7599983215332,45.5099983215332,1021610.0
2017-05-07,46.220001220703125,46.68000030517578,43.7599983215332,45.5099983215332,1021610.0
2017-05-08,46.43000030517578,46.97999954223633,45.72999954223633,46.349998474121094,785055.0
2017-05-09,45.880001068115234,46.779998779296875,45.529998779296875,46.4900016784668,701944.0
2017-05-10,47.33000183105469,47.779998779296875,46.0099983215332,46.18000030517578,819796.0
2017-05-11,47.83000183105469,48.220001220703125,47.34000015258789,47.38999938964844,661783.0
2017-05-12,47.84000015258789,48.06999969482422,47.349998474121094,47.810001373291016,537490.0
2017-05-13,47.84000015258789,48.06999969482422,47.349998474121094,47.810001373291016,537490.0
2017-05-14,47.84000015258789,48.06999969482422,47.349998474121094,47.810001373291016,537490.0
2017-05-15,48.849998474121094,49.65999984741211,47.75,47.849998474121094,687153.0
2017-05-16,48.65999984741211,49.380001068115234,48.16999816894531,48.81999969482422,589212.0
2017-05-17,49.06999969482422,49.5,48.029998779296875,48.22999954223633,650107.0
2017-05-18,49.349998474121094,49.599998474121094,48.04999923706055,48.93000030517578,242754.0
2017-05-19,50.33000183105469,50.529998779296875,49.279998779296875,49.279998779296875,146452.0
2017-05-20,50.33000183105469,50.529998779296875,49.279998779296875,49.279998779296875,146452.0
2017-05-21,50.33000183105469,50.529998779296875,49.279998779296875,49.279998779296875,146452.0
2017-05-22,50.72999954223633,51.060001373291016,50.439998626708984,50.599998474121094,564310.0
2017-05-23,51.470001220703125,51.790000915527344,50.56999969482422,51.040000915527344,584139.0
2017-05-24,51.36000061035156,51.880001068115234,51.029998779296875,51.439998626708984,736341.0
2017-05-25,48.900001525878906,52.0,48.45000076293945,51.25,1147389.0
2017-05-26,49.79999923706055,49.939998626708984,48.18000030517578,48.75,763920.0
2017-05-27,49.79999923706055,49.939998626708984,48.18000030517578,48.75,763920.0
2017-05-28,49.79999923706055,49.939998626708984,48.18000030517578,48.75,763920.0
2017-05-29,49.79999923706055,49.939998626708984,48.18000030517578,48.75,763920.0
2017-05-30,49.65999984741211,50.279998779296875,49.029998779296875,49.93000030517578,663486.0
2017-05-31,48.31999969482422,49.709999084472656,47.72999954223633,49.650001525878906,779144.0
2017-06-01,48.36000061035156,49.16999816894531,47.900001525878906,48.630001068115234,774478.0
2017-06-02,47.65999984741211,48.189998626708984,46.7400016784668,48.040000915527344,802662.0
2017-06-03,47.65999984741211,48.189998626708984,46.7400016784668,48.040000915527344,802662.0
2017-06-04,47.65999984741211,48.189998626708984,46.7400016784668,48.040000915527344,802662.0
2017-06-05,47.400001525878906,48.41999816894531,46.86000061035156,47.709999084472656,710199.0
2017-06-06,48.189998626708984,48.400001525878906,46.939998626708984,47.400001525878906,825056.0
2017-06-07,45.720001220703125,48.22999954223633,45.650001525878906,47.97999954223633,1182327.0
2017-06-08,45.63999938964844,46.18000030517578,45.20000076293945,45.849998474121094,927695.0
2017-06-09,45.83000183105469,46.18000030517578,45.27000045776367,45.709999084472656,735933.0
2017-06-10,45.83000183105469,46.18000030517578,45.27000045776367,45.709999084472656,735933.0
2017-06-11,45.83000183105469,46.18000030517578,45.27000045776367,45.709999084472656,735933.0
2017-06-12,46.08000183105469,46.709999084472656,45.65999984741211,45.79999923706055,666765.0
2017-06-13,46.459999084472656,46.56999969482422,45.560001373291016,46.0099983215332,783320.0
2017-06-14,44.72999954223633,46.4900016784668,44.540000915527344,45.939998626708984,924408.0
2017-06-15,44.459999084472656,44.810001373291016,44.220001220703125,44.689998626708984,500938.0
2017-06-16,44.7400016784668,44.939998626708984,44.2400016784668,44.25,191824.0
2017-06-17,44.7400016784668,44.939998626708984,44.2400016784668,44.25,191824.0
2017-06-18,44.7400016784668,44.939998626708984,44.2400016784668,44.25,191824.0
2017-06-19,44.20000076293945,45.060001373291016,44.04999923706055,44.68000030517578,123943.0
2017-06-20,43.22999954223633,44.400001525878906,42.75,44.11000061035156,894104.0
2017-06-21,42.529998779296875,44.20000076293945,42.04999923706055,43.380001068115234,1071747.0
2017-06-22,42.7400016784668,43.31999969482422,42.2599983215332,42.54999923706055,668830.0
2017-06-23,43.0099983215332,43.20000076293945,42.529998779296875,42.79999923706055,690906.0
2017-06-24,43.0099983215332,43.20000076293945,42.529998779296875,42.79999923706055,690906.0
2017-06-25,43.0099983215332,43.20000076293945,42.529998779296875,42.79999923706055,690906.0
2017-06-26,43.380001068115234,43.650001525878906,42.630001068115234,43.15999984741211,661354.0
2017-06-27,44.2400016784668,44.439998626708984,43.31999969482422,43.4900016784668,759115.0
2017-06-28,44.7400016784668,44.900001525878906,43.66999816894531,43.70000076293945,753375.0
2017-06-29,44.93000030517578,45.45000076293945,44.650001525878906,44.88999938964844,768946.0
2017-06-30,46.040000915527344,46.349998474121094,44.880001068115234,44.88999938964844,677408.0
2017-07-01,46.040000915527344,46.349998474121094,44.880001068115234,44.88999938964844,677408.0
2017-07-02,46.040000915527344,46.349998474121094,44.880001068115234,44.88999938964844,677408.0
2017-07-03,47.06999969482422,47.099998474121094,45.91999816894531,46.279998779296875,517621.0
2017-07-04,47.06999969482422,47.099998474121094,45.91999816894531,46.279998779296875,517621.0
2017-07-05,45.130001068115234,47.31999969482422,44.5099983215332,47.040000915527344,1173581.0
2017-07-06,45.52000045776367,46.529998779296875,45.18000030517578,45.650001525878906,969676.0
2017-07-07,44.22999954223633,45.41999816894531,43.779998779296875,45.349998474121094,975914.0
2017-07-08,44.22999954223633,45.41999816894531,43.779998779296875,45.349998474121094,975914.0
2017-07-09,44.22999954223633,45.41999816894531,43.779998779296875,45.349998474121094,975914.0
2017-07-10,44.400001525878906,44.84000015258789,43.650001525878906,44.349998474121094,848570.0
2017-07-11,45.040000915527344,45.810001373291016,43.83000183105469,44.58000183105469,1010691.0
2017-07-12,45.4900016784668,46.47999954223633,45.11000061035156,45.7400016784668,963505.0
2017-07-13,46.08000183105469,46.279998779296875,44.9900016784668,45.439998626708984,748971.0
2017-07-14,46.540000915527344,46.7400016784668,45.79999923706055,46.08000183105469,742895.0
2017-07-15,46.540000915527344,46.7400016784668,45.79999923706055,46.08000183105469,742895.0
2017-07-16,46.540000915527344,46.7400016784668,45.79999923706055,46.08000183105469,742895.0
2017-07-17,46.02000045776367,46.880001068115234,45.88999938964844,46.68000030517578,560633.0
2017-07-18,46.400001525878906,46.91999816894531,45.810001373291016,45.9900016784668,208420.0
2017-07-19,47.119998931884766,47.2599983215332,46.13999938964844,46.25,140677.0
2017-07-20,46.790000915527344,47.54999923706055,46.65999984741211,47.09000015258789,720621.0
2017-07-21,45.77000045776367,47.209999084472656,45.540000915527344,46.90999984741211,769438.0
2017-07-22,45.77000045776367,47.209999084472656,45.540000915527344,46.90999984741211,769438.0
2017-07-23,45.77000045776367,47.209999084472656,45.540000915527344,46.90999984741211,769438.0
2017-07-24,46.34000015258789,46.529998779296875,45.400001525878906,45.619998931884766,707910.0
2017-07-25,47.88999938964844,48.65999984741211,46.380001068115234,46.459999084472656,885700.0
2017-07-26,48.75,48.869998931884766,47.86000061035156,48.5099983215332,887864.0
2017-07-27,49.040000915527344,49.2400016784668,48.25,48.70000076293945,880757.0
2017-07-28,49.709999084472656,49.810001373291016,48.86000061035156,49.16999816894531,771225.0
2017-07-29,49.709999084472656,49.810001373291016,48.86000061035156,49.16999816894531,771225.0
2017-07-30,49.709999084472656,49.810001373291016,48.86000061035156,49.16999816894531,771225.0
2017-07-31,50.16999816894531,50.40999984741211,49.18000030517578,49.849998474121094,781539.0
2017-08-01,49.15999984741211,50.43000030517578,48.369998931884766,50.209999084472656,1008583.0
2017-08-02,49.59000015258789,49.650001525878906,48.54999923706055,48.79999923706055,847722.0
2017-08-03,49.029998779296875,49.959999084472656,48.779998779296875,49.59000015258789,837763.0
2017-08-04,49.58000183105469,49.63999938964844,48.5,48.95000076293945,745664.0
2017-08-05,49.58000183105469,49.63999938964844,48.5,48.95000076293945,745664.0
2017-08-06,49.58000183105469,49.63999938964844,48.5,48.95000076293945,745664.0
2017-08-07,49.38999938964844,49.72999954223633,48.540000915527344,49.59000015258789,831374.0
2017-08-08,49.16999816894531,49.790000915527344,48.86000061035156,49.310001373291016,924240.0
2017-08-09,49.560001373291016,49.720001220703125,48.900001525878906,49.0,858250.0
2017-08-10,48.59000015258789,50.220001220703125,48.349998474121094,49.68000030517578,1135440.0
2017-08-11,48.81999969482422,48.97999954223633,47.97999954223633,48.52000045776367,804237.0
2017-08-12,48.81999969482422,48.97999954223633,47.97999954223633,48.52000045776367,804237.0
2017-08-13,48.81999969482422,48.97999954223633,47.97999954223633,48.52000045776367,804237.0
2017-08-14,47.59000015258789,49.15999984741211,47.43000030517578,48.790000915527344,763241.0
2017-08-15,47.54999923706055,47.900001525878906,47.02000045776367,47.4900016784668,770358.0
2017-08-16,46.779998779296875,47.9900016784668,46.66999816894531,47.720001220703125,815544.0
2017-08-17,47.09000015258789,47.189998626708984,46.459999084472656,46.79999923706055,608314.0
2017-08-18,48.5099983215332,48.7400016784668,46.779998779296875,46.93000030517578,253069.0
2017-08-19,48.5099983215332,48.7400016784668,46.779998779296875,46.93000030517578,253069.0
2017-08-20,48.5099983215332,48.7400016784668,46.779998779296875,46.93000030517578,253069.0
2017-08-21,47.369998931884766,48.75,47.029998779296875,48.720001220703125,129192.0
2017-08-22,47.63999938964844,48.029998779296875,47.20000076293945,47.45000076293945,864387.0
2017-08-23,48.40999984741211,48.5,47.529998779296875,47.63999938964844,701693.0
2017-08-24,47.43000030517578,48.43000030517578,47.060001373291016,48.36000061035156,831358.0
2017-08-25,47.869998931884766,47.90999984741211,47.38999938964844,47.619998931884766,646518.0
2017-08-26,47.869998931884766,47.90999984741211,47.38999938964844,47.619998931884766,646518.0
2017-08-27,47.869998931884766,47.90999984741211,47.38999938964844,47.619998931884766,646518.0
2017-08-28,46.56999969482422,48.20000076293945,46.150001525878906,47.88999938964844,921285.0
2017-08-29,46.439998626708984,46.959999084472656,45.7599983215332,46.86000061035156,895643.0
2017-08-30,45.959999084472656,46.720001220703125,45.84000015258789,46.310001373291016,895643.0
2017-08-31,47.22999954223633,47.470001220703125,45.58000183105469,45.95000076293945,882983.0
2017-09-01,47.290000915527344,47.349998474121094,46.560001373291016,47.08000183105469,915708.0
2017-09-02,47.290000915527344,47.349998474121094,46.560001373291016,47.08000183105469,915708.0
2017-09-03,47.290000915527344,47.349998474121094,46.560001373291016,47.08000183105469,915708.0
2017-09-04,47.290000915527344,47.349998474121094,46.560001373291016,47.08000183105469,915708.0
2017-09-05,48.65999984741211,48.97999954223633,47.150001525878906,47.279998779296875,742808.0
2017-09-06,49.15999984741211,49.41999816894531,48.52000045776367,48.59000015258789,788963.0
2017-09-07,49.09000015258789,49.33000183105469,48.630001068115234,49.13999938964844,702514.0
2017-09-08,47.47999954223633,49.2599983215332,47.27000045776367,49.09000015258789,843760.0
2017-09-09,47.47999954223633,49.2599983215332,47.27000045776367,49.09000015258789,843760.0
2017-09-10,47.47999954223633,49.2599983215332,47.27000045776367,49.09000015258789,843760.0
2017-09-11,48.06999969482422,48.27000045776367,47.0,47.58000183105469,774468.0
2017-09-12,48.22999954223633,48.439998626708984,47.72999954223633,48.119998931884766,676040.0
2017-09-13,49.29999923706055,49.400001525878906,48.119998931884766,48.34000015258789,706925.0
2017-09-14,49.88999938964844,50.5,49.150001525878906,49.310001373291016,709035.0
2017-09-15,49.88999938964844,50.130001068115234,49.40999984741211,49.720001220703125,433597.0
2017-09-16,49.88999938964844,50.130001068115234,49.40999984741211,49.720001220703125,433597.0
2017-09-17,49.88999938964844,50.130001068115234,49.40999984741211,49.720001220703125,433597.0
2017-09-18,49.90999984741211,50.33000183105469,49.189998626708984,49.849998474121094,189605.0
2017-09-19,49.47999954223633,50.41999816894531,49.33000183105469,49.90999984741211,143379.0
2017-09-20,50.40999984741211,50.650001525878906,49.75,49.84000015258789,754413.0
2017-09-21,50.54999923706055,50.810001373291016,50.06999969482422,50.720001220703125,580569.0
2017-09-22,50.65999984741211,50.779998779296875,50.290000915527344,50.72999954223633,473795.0
2017-09-23,50.65999984741211,50.779998779296875,50.290000915527344,50.72999954223633,473795.0
2017-09-24,50.65999984741211,50.779998779296875,50.290000915527344,50.72999954223633,473795.0
2017-09-25,52.220001220703125,52.279998779296875,50.38999938964844,50.68000030517578,701244.0
2017-09-26,51.880001068115234,52.43000030517578,51.43000030517578,52.119998931884766,709515.0
2017-09-27,52.13999938964844,52.34000015258789,51.630001068115234,52.09000015258789,637035.0
2017-09-28,51.560001373291016,52.86000061035156,51.220001220703125,52.04999923706055,801816.0
2017-09-29,51.66999816894531,51.77000045776367,51.25,51.58000183105469,551982.0
2017-09-30,51.66999816894531,51.77000045776367,51.25,51.58000183105469,551982.0
2017-10-01,51.66999816894531,51.77000045776367,51.25,51.58000183105469,551982.0
2017-10-02,50.58000183105469,51.709999084472656,50.06999969482422,51.63999938964844,600933.0
2017-10-03,50.41999816894531,50.72999954223633,50.13999938964844,50.59000015258789,462735.0
2017-10-04,49.97999954223633,50.66999816894531,49.7599983215332,50.15999984741211,598836.0
2017-10-05,50.790000915527344,51.220001220703125,49.849998474121094,49.880001068115234,654385.0
2017-10-06,49.290000915527344,50.81999969482422,49.099998474121094,50.75,743114.0
2017-10-07,49.290000915527344,50.81999969482422,49.099998474121094,50.75,743114.0
2017-10-08,49.290000915527344,50.81999969482422,49.099998474121094,50.75,743114.0
2017-10-09,49.58000183105469,49.790000915527344,49.130001068115234,49.25,505079.0
2017-10-10,50.91999816894531,51.060001373291016,49.540000915527344,49.54999923706055,664839.0
2017-10-11,51.29999923706055,51.41999816894531,50.61000061035156,50.939998626708984,651948.0
2017-10-12,50.599998474121094,51.130001068115234,50.150001525878906,51.0,729273.0
2017-10-13,51.45000076293945,51.720001220703125,50.70000076293945,50.72999954223633,667497.0
2017-10-14,51.45000076293945,51.720001220703125,50.70000076293945,50.72999954223633,667497.0
2017-10-15,51.45000076293945,51.720001220703125,50.70000076293945,50.72999954223633,667497.0
2017-10-16,51.869998931884766,52.369998931884766,51.349998474121094,51.43000030517578,520725.0
2017-10-17,51.880001068115234,52.25,51.209999084472656,51.93000030517578,471612.0
2017-10-18,52.040000915527344,52.33000183105469,51.689998626708984,51.939998626708984,152620.0
2017-10-19,51.290000915527344,52.16999816894531,51.06999969482422,52.04999923706055,127413.0
2017-10-20,51.470001220703125,51.72999954223633,50.70000076293945,51.41999816894531,674142.0
2017-10-21,51.470001220703125,51.72999954223633,50.70000076293945,51.41999816894531,674142.0
2017-10-22,51.470001220703125,51.72999954223633,50.70000076293945,51.41999816894531,674142.0
2017-10-23,51.900001525878906,52.29999923706055,51.68000030517578,52.06999969482422,583563.0
2017-10-24,52.470001220703125,52.619998931884766,51.54999923706055,51.88999938964844,709553.0
2017-10-25,52.18000030517578,52.56999969482422,51.88999938964844,52.560001373291016,681739.0
2017-10-26,52.63999938964844,52.86000061035156,51.90999984741211,52.189998626708984,594647.0
2017-10-27,53.900001525878906,54.20000076293945,52.25,52.79999923706055,730915.0
2017-10-28,53.900001525878906,54.20000076293945,52.25,52.79999923706055,730915.0
2017-10-29,53.900001525878906,54.20000076293945,52.25,52.79999923706055,730915.0
2017-10-30,54.150001525878906,54.459999084472656,53.75,54.15999984741211,565043.0
2017-10-31,54.380001068115234,54.849998474121094,53.93000030517578,54.08000183105469,497295.0
2017-11-01,54.29999923706055,55.220001220703125,53.88999938964844,54.650001525878906,671038.0
2017-11-02,54.540000915527344,54.84000015258789,53.9900016784668,54.279998779296875,482846.0
2017-11-03,55.63999938964844,55.7599983215332,54.400001525878906,54.72999954223633,614159.0
2017-11-04,55.63999938964844,55.7599983215332,54.400001525878906,54.72999954223633,614159.0
2017-11-05,55.63999938964844,55.7599983215332,54.400001525878906,54.72999954223633,614159.0
2017-11-06,57.349998474121094,57.61000061035156,55.65999984741211,55.970001220703125,861713.0
2017-11-07,57.20000076293945,57.689998626708984,56.83000183105469,57.27000045776367,750187.0
2017-11-08,56.810001373291016,57.91999816894531,56.40999984741211,56.959999084472656,919147.0
2017-11-09,57.16999816894531,57.529998779296875,56.689998626708984,56.849998474121094,666949.0
2017-11-10,56.7400016784668,57.349998474121094,56.54999923706055,57.02000045776367,541296.0
2017-11-11,56.7400016784668,57.349998474121094,56.54999923706055,57.02000045776367,541296.0
2017-11-12,56.7400016784668,57.349998474121094,56.54999923706055,57.02000045776367,541296.0
2017-11-13,56.7599983215332,57.150001525878906,56.29999923706055,56.900001525878906,631619.0
2017-11-14,55.70000076293945,56.77000045776367,54.810001373291016,56.720001220703125,707338.0
2017-11-15,55.33000183105469,55.560001373291016,54.880001068115234,55.060001373291016,501385.0
2017-11-16,55.13999938964844,55.619998931884766,54.93000030517578,55.29999923706055,213923.0
2017-11-17,56.54999923706055,56.68000030517578,55.18000030517578,55.25,184944.0
2017-11-18,56.54999923706055,56.68000030517578,55.18000030517578,55.25,184944.0
2017-11-19,56.54999923706055,56.68000030517578,55.18000030517578,55.25,184944.0
2017-11-20,56.09000015258789,56.7599983215332,55.56999969482422,56.689998626708984,593241.0
2017-11-21,56.83000183105469,57.220001220703125,56.31999969482422,56.380001068115234,619066.0
2017-11-22,58.02000045776367,58.150001525878906,57.029998779296875,57.119998931884766,837411.0
2017-11-23,58.02000045776367,58.150001525878906,57.029998779296875,57.119998931884766,837411.0
2017-11-24,58.95000076293945,59.04999923706055,57.75,58.04999923706055,577826.0
2017-11-25,58.95000076293945,59.04999923706055,57.75,58.04999923706055,577826.0
2017-11-26,58.95000076293945,59.04999923706055,57.75,58.04999923706055,577826.0
2017-11-27,58.11000061035156,58.9900016784668,57.54999923706055,58.95000076293945,690078.0
2017-11-28,57.9900016784668,58.11000061035156,57.41999816894531,57.86000061035156,546526.0
2017-11-29,57.29999923706055,58.29999923706055,56.75,57.72999954223633,741564.0
2017-11-30,57.400001525878906,57.97999954223633,56.81999969482422,57.40999984741211,735128.0
2017-12-01,58.36000061035156,58.880001068115234,57.290000915527344,57.41999816894531,685215.0
2017-12-02,58.36000061035156,58.880001068115234,57.290000915527344,57.41999816894531,685215.0
2017-12-03,58.36000061035156,58.880001068115234,57.290000915527344,57.41999816894531,685215.0
2017-12-04,57.470001220703125,58.34000015258789,57.349998474121094,58.31999969482422,529965.0
2017-12-05,57.619998931884766,57.91999816894531,57.08000183105469,57.47999954223633,499245.0
2017-12-06,55.959999084472656,57.56999969482422,55.869998931884766,57.45000076293945,678992.0
2017-12-07,56.689998626708984,56.779998779296875,55.81999969482422,56.0,557325.0
2017-12-08,57.36000061035156,57.790000915527344,56.540000915527344,56.650001525878906,681599.0
2017-12-09,57.36000061035156,57.790000915527344,56.540000915527344,56.650001525878906,681599.0
2017-12-10,57.36000061035156,57.790000915527344,56.540000915527344,56.650001525878906,681599.0
2017-12-11,57.9900016784668,58.08000183105469,56.90999984741211,57.25,606724.0
2017-12-12,57.13999938964844,58.560001373291016,56.849998474121094,58.02000045776367,826488.0
2017-12-13,56.599998474121094,57.83000183105469,56.54999923706055,57.45000076293945,658143.0
2017-12-14,57.040000915527344,57.220001220703125,56.09000015258789,56.70000076293945,580571.0
2017-12-15,57.29999923706055,57.4900016784668,56.939998626708984,57.150001525878906,210054.0
2017-12-16,57.29999923706055,57.4900016784668,56.939998626708984,57.150001525878906,210054.0
2017-12-17,57.29999923706055,57.4900016784668,56.939998626708984,57.150001525878906,210054.0
2017-12-18,57.15999984741211,57.779998779296875,56.81999969482422,57.369998931884766,137151.0
2017-12-19,57.459999084472656,57.63999938964844,57.15999984741211,57.29999923706055,420784.0
2017-12-20,58.09000015258789,58.119998931884766,57.439998626708984,57.65999984741211,420844.0
2017-12-21,58.36000061035156,58.380001068115234,57.630001068115234,58.02000045776367,405320.0
2017-12-22,58.470001220703125,58.5,57.869998931884766,58.209999084472656,324554.0
2017-12-23,58.470001220703125,58.5,57.869998931884766,58.209999084472656,324554.0
2017-12-24,58.470001220703125,58.5,57.869998931884766,58.209999084472656,324554.0
2017-12-25,58.470001220703125,58.5,57.869998931884766,58.209999084472656,324554.0
2017-12-26,59.970001220703125,60.0099983215332,58.31999969482422,58.400001525878906,437785.0
2017-12-27,59.63999938964844,59.93000030517578,59.33000183105469,59.790000915527344,402396.0
2017-12-28,59.84000015258789,59.939998626708984,59.439998626708984,59.529998779296875,345962.0
2017-12-29,60.41999816894531,60.5099983215332,59.81999969482422,59.90999984741211,464478.0
2017-12-30,60.41999816894531,60.5099983215332,59.81999969482422,59.90999984741211,464478.0
2017-12-31,60.41999816894531,60.5099983215332,59.81999969482422,59.90999984741211,464478.0
2018-01-01,60.41999816894531,60.5099983215332,59.81999969482422,59.90999984741211,464478.0
2018-01-02,60.369998931884766,60.7400016784668,60.099998474121094,60.20000076293945,510313.0
2018-01-03,61.630001068115234,61.970001220703125,60.279998779296875,60.38999938964844,673859.0
2018-01-04,62.0099983215332,62.209999084472656,61.59000015258789,61.959999084472656,654363.0
2018-01-05,61.439998626708984,62.040000915527344,61.09000015258789,61.900001525878906,563036.0
2018-01-06,61.439998626708984,62.040000915527344,61.09000015258789,61.900001525878906,563036.0
2018-01-07,61.439998626708984,62.040000915527344,61.09000015258789,61.900001525878906,563036.0
2018-01-08,61.72999954223633,61.970001220703125,61.34000015258789,61.61000061035156,616474.0
2018-01-09,62.959999084472656,63.47999954223633,61.79999923706055,61.91999816894531,844720.0
2018-01-10,63.56999969482422,63.66999816894531,63.09000015258789,63.40999984741211,697844.0
2018-01-11,63.79999923706055,64.7699966430664,63.43000030517578,63.5,876642.0
2018-01-12,64.30000305175781,64.5,63.060001373291016,63.56999969482422,678727.0
2018-01-13,64.30000305175781,64.5,63.060001373291016,63.56999969482422,678727.0
2018-01-14,64.30000305175781,64.5,63.060001373291016,63.56999969482422,678727.0
2018-01-15,64.30000305175781,64.5,63.060001373291016,63.56999969482422,678727.0
2018-01-16,63.72999954223633,64.88999938964844,63.38999938964844,64.43000030517578,867771.0
2018-01-17,63.970001220703125,64.16999816894531,63.310001373291016,63.88999938964844,444384.0
2018-01-18,63.95000076293945,64.3499984741211,63.470001220703125,64.06999969482422,204504.0
2018-01-19,63.369998931884766,63.77000045776367,62.849998474121094,63.7400016784668,142711.0
2018-01-20,63.369998931884766,63.77000045776367,62.849998474121094,63.7400016784668,142711.0
2018-01-21,63.369998931884766,63.77000045776367,62.849998474121094,63.7400016784668,142711.0
2018-01-22,63.4900016784668,64.13999938964844,63.16999816894531,63.61000061035156,625662.0
2018-01-23,64.47000122070312,64.87999725341797,63.70000076293945,63.880001068115234,662456.0
2018-01-24,65.61000061035156,66.05000305175781,64.33999633789062,64.41999816894531,887018.0
2018-01-25,65.51000213623047,66.66000366210938,65.08000183105469,65.87999725341797,771758.0
2018-01-26,66.13999938964844,66.3499984741211,64.91000366210938,65.25,678186.0
2018-01-27,66.13999938964844,66.3499984741211,64.91000366210938,65.25,678186.0
2018-01-28,66.13999938964844,66.3499984741211,64.91000366210938,65.25,678186.0
2018-01-29,65.55999755859375,66.45999908447266,64.9800033569336,66.18000030517578,656168.0
2018-01-30,64.5,65.55999755859375,63.88999938964844,65.52999877929688,688380.0
2018-01-31,64.7300033569336,64.94000244140625,63.66999816894531,64.02999877929688,613258.0
2018-02-01,65.80000305175781,66.25,64.62999725341797,64.76000213623047,685750.0
2018-02-02,65.44999694824219,66.30000305175781,64.47000122070312,65.98999786376953,857572.0
2018-02-03,65.44999694824219,66.30000305175781,64.47000122070312,65.98999786376953,857572.0
2018-02-04,65.44999694824219,66.30000305175781,64.47000122070312,65.98999786376953,857572.0
2018-02-05,64.1500015258789,65.4000015258789,63.41999816894531,65.0999984741211,891063.0
2018-02-06,63.38999938964844,64.29000091552734,63.119998931884766,63.43000030517578,797814.0
2018-02-07,61.790000915527344,64.18000030517578,61.25,63.91999816894531,1029408.0
2018-02-08,61.150001525878906,62.09000015258789,60.27000045776367,61.70000076293945,929578.0
2018-02-09,59.20000076293945,60.77000045776367,58.06999969482422,60.43000030517578,933307.0
2018-02-10,59.20000076293945,60.77000045776367,58.06999969482422,60.43000030517578,933307.0
2018-02-11,59.20000076293945,60.77000045776367,58.06999969482422,60.43000030517578,933307.0
2018-02-12,59.290000915527344,60.83000183105469,59.099998474121094,59.119998931884766,736917.0
2018-02-13,59.189998626708984,59.72999954223633,58.38999938964844,59.349998474121094,580600.0
2018-02-14,60.599998474121094,60.900001525878906,58.20000076293945,58.97999954223633,650324.0
2018-02-15,61.34000015258789,61.63999938964844,59.720001220703125,60.709999084472656,340401.0
2018-02-16,61.68000030517578,61.9900016784668,60.880001068115234,61.45000076293945,181179.0
2018-02-17,61.68000030517578,61.9900016784668,60.880001068115234,61.45000076293945,181179.0
2018-02-18,61.68000030517578,61.9900016784668,60.880001068115234,61.45000076293945,181179.0
2018-02-19,61.68000030517578,61.9900016784668,60.880001068115234,61.45000076293945,181179.0
2018-02-20,61.900001525878906,62.7400016784668,61.58000183105469,61.630001068115234,794481.0
2018-02-21,61.68000030517578,61.86000061035156,60.91999816894531,61.630001068115234,466924.0
2018-02-22,62.77000045776367,63.09000015258789,60.75,61.34000015258789,592603.0
2018-02-23,63.54999923706055,63.72999954223633,62.33000183105469,62.599998474121094,460597.0
2018-02-24,63.54999923706055,63.72999954223633,62.33000183105469,62.599998474121094,460597.0
2018-02-25,63.54999923706055,63.72999954223633,62.33000183105469,62.599998474121094,460597.0
2018-02-26,63.90999984741211,64.23999786376953,63.060001373291016,63.599998474121094,469853.0
2018-02-27,63.0099983215332,64.08000183105469,62.63999938964844,64.05999755859375,562670.0
2018-02-28,61.63999938964844,63.439998626708984,61.36000061035156,62.790000915527344,768409.0
2018-03-01,60.9900016784668,61.83000183105469,60.18000030517578,61.54999923706055,812505.0
2018-03-02,61.25,61.599998474121094,60.130001068115234,61.34000015258789,613514.0
2018-03-03,61.25,61.599998474121094,60.130001068115234,61.34000015258789,613514.0
2018-03-04,61.25,61.599998474121094,60.130001068115234,61.34000015258789,613514.0
2018-03-05,62.56999969482422,62.790000915527344,61.099998474121094,61.54999923706055,599266.0
2018-03-06,62.599998474121094,63.279998779296875,62.16999816894531,62.58000183105469,634953.0
2018-03-07,61.150001525878906,62.58000183105469,60.58000183105469,62.29999923706055,879119.0
2018-03-08,60.119998931884766,61.400001525878906,59.95000076293945,61.33000183105469,720510.0
2018-03-09,62.040000915527344,62.18000030517578,60.13999938964844,60.27000045776367,659722.0
2018-03-10,62.040000915527344,62.18000030517578,60.13999938964844,60.27000045776367,659722.0
2018-03-11,62.040000915527344,62.18000030517578,60.13999938964844,60.27000045776367,659722.0
2018-03-12,61.36000061035156,62.33000183105469,60.66999816894531,62.099998474121094,537990.0
2018-03-13,60.709999084472656,61.970001220703125,60.27000045776367,61.369998931884766,747738.0
2018-03-14,60.959999084472656,61.33000183105469,60.11000061035156,60.869998931884766,665017.0
2018-03-15,61.189998626708984,61.540000915527344,60.81999969482422,60.95000076293945,430201.0
2018-03-16,62.34000015258789,62.540000915527344,61.08000183105469,61.189998626708984,202493.0
2018-03-17,62.34000015258789,62.540000915527344,61.08000183105469,61.189998626708984,202493.0
2018-03-18,62.34000015258789,62.540000915527344,61.08000183105469,61.189998626708984,202493.0
2018-03-19,62.060001373291016,62.349998474121094,61.36000061035156,62.22999954223633,115962.0
2018-03-20,63.400001525878906,63.810001373291016,62.08000183105469,62.099998474121094,717709.0
2018-03-21,65.16999816894531,65.55000305175781,63.58000183105469,63.720001220703125,763768.0
2018-03-22,64.30000305175781,65.73999786376953,64.13999938964844,65.5,689172.0
2018-03-23,65.87999725341797,66.0,64.11000061035156,64.27999877929688,752994.0
2018-03-24,65.87999725341797,66.0,64.11000061035156,64.27999877929688,752994.0
2018-03-25,65.87999725341797,66.0,64.11000061035156,64.27999877929688,752994.0
2018-03-26,65.55000305175781,66.55000305175781,65.08000183105469,65.9000015258789,585899.0
2018-03-27,65.25,66.41000366210938,64.52999877929688,65.52999877929688,670811.0
2018-03-28,64.37999725341797,65.12999725341797,63.720001220703125,64.69999694824219,697678.0
2018-03-29,64.94000244140625,65.26000213623047,64.16000366210938,64.69000244140625,562819.0
2018-03-30,64.94000244140625,65.26000213623047,64.16000366210938,64.69000244140625,562819.0
2018-03-31,64.94000244140625,65.26000213623047,64.16000366210938,64.69000244140625,562819.0
2018-04-01,64.94000244140625,65.26000213623047,64.16000366210938,64.69000244140625,562819.0
2018-04-02,63.0099983215332,65.41999816894531,62.79999923706055,64.91000366210938,582742.0
2018-04-03,63.5099983215332,63.86000061035156,62.86000061035156,62.88999938964844,527289.0
2018-04-04,63.369998931884766,63.63999938964844,62.060001373291016,63.59000015258789,760596.0
2018-04-05,63.540000915527344,64.12000274658203,63.06999969482422,63.599998474121094,588597.0
2018-04-06,62.060001373291016,63.790000915527344,61.810001373291016,63.70000076293945,753262.0
2018-04-07,62.060001373291016,63.790000915527344,61.810001373291016,63.70000076293945,753262.0
2018-04-08,62.060001373291016,63.790000915527344,61.810001373291016,63.70000076293945,753262.0
2018-04-09,63.41999816894531,63.61000061035156,61.93000030517578,62.0,655831.0
2018-04-10,65.51000213623047,65.86000061035156,63.20000076293945,63.29999923706055,840280.0
2018-04-11,66.81999969482422,67.44999694824219,65.1500015258789,65.58999633789062,963017.0
2018-04-12,67.06999969482422,67.33000183105469,66.0,66.75,687468.0
2018-04-13,67.38999938964844,67.76000213623047,66.69999694824219,67.18000030517578,624203.0
2018-04-14,67.38999938964844,67.76000213623047,66.69999694824219,67.18000030517578,624203.0
2018-04-15,67.38999938964844,67.76000213623047,66.69999694824219,67.18000030517578,624203.0
2018-04-16,66.22000122070312,67.73999786376953,66.12999725341797,67.23999786376953,560076.0
2018-04-17,66.5199966430664,66.75,65.55999755859375,66.41999816894531,486076.0
2018-04-18,68.47000122070312,68.91000366210938,66.55999755859375,66.68000030517578,221664.0
2018-04-19,68.29000091552734,69.55999755859375,67.9800033569336,68.75,125993.0
2018-04-20,68.37999725341797,68.62000274658203,67.5,68.26000213623047,724906.0
2018-04-21,68.37999725341797,68.62000274658203,67.5,68.26000213623047,724906.0
2018-04-22,68.37999725341797,68.62000274658203,67.5,68.26000213623047,724906.0
2018-04-23,68.63999938964844,69.02999877929688,67.13999938964844,68.22000122070312,740941.0
2018-04-24,67.69999694824219,69.37999725341797,67.54000091552734,68.94999694824219,832296.0
2018-04-25,68.05000305175781,68.18000030517578,67.11000061035156,67.75,764049.0
2018-04-26,68.19000244140625,68.77999877929688,67.70999908447266,68.02999877929688,660549.0
2018-04-27,68.0999984741211,68.36000061035156,67.63999938964844,68.20999908447266,542549.0
2018-04-28,68.0999984741211,68.36000061035156,67.63999938964844,68.20999908447266,542549.0
2018-04-29,68.0999984741211,68.36000061035156,67.63999938964844,68.20999908447266,542549.0
2018-04-30,68.56999969482422,69.33999633789062,67.16999816894531,68.1500015258789,755186.0
2018-05-01,67.25,68.9000015258789,66.8499984741211,68.55999755859375,694771.0
2018-05-02,67.93000030517578,68.13999938964844,66.91999816894531,67.48999786376953,789367.0
2018-05-03,68.43000030517578,68.5999984741211,67.20999908447266,67.68000030517578,691219.0
2018-05-04,69.72000122070312,69.97000122070312,68.12000274658203,68.5,690876.0
2018-05-05,69.72000122070312,69.97000122070312,68.12000274658203,68.5,690876.0
2018-05-06,69.72000122070312,69.97000122070312,68.12000274658203,68.5,690876.0
2018-05-07,70.7300033569336,70.83999633789062,69.51000213623047,69.8499984741211,758916.0
2018-05-08,69.05999755859375,70.4000015258789,67.62999725341797,70.02999877929688,1253566.0
2018-05-09,71.13999938964844,71.36000061035156,69.8499984741211,70.05000305175781,863386.0
2018-05-10,71.36000061035156,71.88999938964844,70.55999755859375,71.2300033569336,749808.0
2018-05-11,70.69999694824219,71.62999725341797,70.44999694824219,71.44999694824219,634145.0
2018-05-12,70.69999694824219,71.62999725341797,70.44999694824219,71.44999694824219,634145.0
2018-05-13,70.69999694824219,71.62999725341797,70.44999694824219,71.44999694824219,634145.0
2018-05-14,70.95999908447266,71.26000213623047,70.26000213623047,70.54000091552734,592826.0
2018-05-15,71.30999755859375,71.91999816894531,70.41999816894531,71.1500015258789,815289.0
2018-05-16,71.48999786376953,71.58999633789062,70.66000366210938,71.0199966430664,574279.0
2018-05-17,71.48999786376953,72.30000305175781,71.08999633789062,71.55999755859375,562639.0
2018-05-18,71.27999877929688,71.75,70.98999786376953,71.5999984741211,211785.0
2018-05-19,71.27999877929688,71.75,70.98999786376953,71.5999984741211,211785.0
2018-05-20,71.27999877929688,71.75,70.98999786376953,71.5999984741211,211785.0
2018-05-21,72.23999786376953,72.58999633789062,71.25,71.47000122070312,119892.0
2018-05-22,72.12999725341797,72.83000183105469,71.9000015258789,72.52999877929688,723458.0
2018-05-23,71.83999633789062,72.26000213623047,71.19000244140625,72.11000061035156,702791.0
2018-05-24,70.70999908447266,72.0,70.5199966430664,71.83000183105469,640725.0
2018-05-25,67.87999725341797,70.80000305175781,67.41999816894531,70.6500015258789,955354.0
2018-05-26,67.87999725341797,70.80000305175781,67.41999816894531,70.6500015258789,955354.0
2018-05-27,67.87999725341797,70.80000305175781,67.41999816894531,70.6500015258789,955354.0
2018-05-28,67.87999725341797,70.80000305175781,67.41999816894531,70.6500015258789,955354.0
2018-05-29,66.7300033569336,67.3499984741211,65.91999816894531,66.48999786376953,1059750.0
2018-05-30,68.20999908447266,68.66999816894531,66.3499984741211,66.8499984741211,726886.0
2018-05-31,67.04000091552734,68.30000305175781,66.55999755859375,68.23999786376953,917563.0
2018-06-01,65.80999755859375,67.33999633789062,65.51000213623047,67.06999969482422,781103.0
2018-06-02,65.80999755859375,67.33999633789062,65.51000213623047,67.06999969482422,781103.0
2018-06-03,65.80999755859375,67.33999633789062,65.51000213623047,67.06999969482422,781103.0
2018-06-04,64.75,66.04000091552734,64.56999969482422,65.70999908447266,696050.0
2018-06-05,65.5199966430664,65.56999969482422,64.22000122070312,64.94000244140625,714674.0
2018-06-06,64.7300033569336,65.95999908447266,64.2699966430664,65.51000213623047,708829.0
2018-06-07,65.94999694824219,66.06999969482422,64.80999755859375,65.06999969482422,675041.0
2018-06-08,65.73999786376953,66.23999786376953,65.1500015258789,65.9800033569336,571224.0
2018-06-09,65.73999786376953,66.23999786376953,65.1500015258789,65.9800033569336,571224.0
2018-06-10,65.73999786376953,66.23999786376953,65.1500015258789,65.9800033569336,571224.0
2018-06-11,66.0999984741211,66.3499984741211,64.8499984741211,65.55999755859375,558281.0
2018-06-12,66.36000061035156,66.69999694824219,65.87000274658203,66.05000305175781,524411.0
2018-06-13,66.63999938964844,66.88999938964844,65.5199966430664,66.01000213623047,626398.0
2018-06-14,66.88999938964844,67.16000366210938,66.36000061035156,66.62000274658203,460168.0
2018-06-15,65.05999755859375,67.16000366210938,64.29000091552734,66.62000274658203,512591.0
2018-06-16,65.05999755859375,67.16000366210938,64.29000091552734,66.62000274658203,512591.0
2018-06-17,65.05999755859375,67.16000366210938,64.29000091552734,66.62000274658203,512591.0
2018-06-18,65.8499984741211,65.9800033569336,63.59000015258789,64.4000015258789,218933.0
2018-06-19,65.06999969482422,65.9000015258789,64.38999938964844,65.81999969482422,122646.0
2018-06-20,66.22000122070312,66.52999877929688,65.01000213623047,65.11000061035156,801625.0
2018-06-21,65.54000091552734,66.22000122070312,64.33999633789062,65.33999633789062,760719.0
2018-06-22,68.58000183105469,69.37999725341797,65.70999908447266,65.93000030517578,1136232.0
2018-06-23,68.58000183105469,69.37999725341797,65.70999908447266,65.93000030517578,1136232.0
2018-06-24,68.58000183105469,69.37999725341797,65.70999908447266,65.93000030517578,1136232.0
2018-06-25,68.08000183105469,69.44000244140625,67.77999877929688,68.75,816207.0
2018-06-26,70.52999877929688,70.91000366210938,67.72000122070312,68.20999908447266,848537.0
2018-06-27,72.76000213623047,73.05999755859375,70.55999755859375,70.68000030517578,775155.0
2018-06-28,73.44999694824219,74.02999877929688,72.19999694824219,72.2699966430664,717347.0
2018-06-29,74.1500015258789,74.45999908447266,72.93000030517578,73.33000183105469,602399.0
2018-06-30,74.1500015258789,74.45999908447266,72.93000030517578,73.33000183105469,602399.0
2018-07-01,74.1500015258789,74.45999908447266,72.93000030517578,73.33000183105469,602399.0
2018-07-02,73.94000244140625,74.3499984741211,72.51000213623047,73.62000274658203,652167.0
2018-07-03,74.13999938964844,75.2699966430664,72.7300033569336,74.08000183105469,667235.0
2018-07-04,74.13999938964844,75.2699966430664,72.7300033569336,74.08000183105469,667235.0
2018-07-05,72.94000244140625,74.80000305175781,72.52999877929688,74.3499984741211,841632.0
2018-07-06,73.80000305175781,74.01000213623047,72.13999938964844,73.16000366210938,611419.0
2018-07-07,73.80000305175781,74.01000213623047,72.13999938964844,73.16000366210938,611419.0
2018-07-08,73.80000305175781,74.01000213623047,72.13999938964844,73.16000366210938,611419.0
2018-07-09,73.8499984741211,74.27999877929688,72.98999786376953,73.87000274658203,533003.0
2018-07-10,74.11000061035156,74.69999694824219,73.6500015258789,74.04000091552734,586829.0
2018-07-11,70.37999725341797,74.26000213623047,70.0199966430664,74.19999694824219,861726.0
2018-07-12,70.33000183105469,71.23999786376953,69.2300033569336,70.5999984741211,707887.0
2018-07-13,71.01000213623047,71.66000366210938,69.83999633789062,70.37999725341797,530277.0
2018-07-14,71.01000213623047,71.66000366210938,69.83999633789062,70.37999725341797,530277.0
2018-07-15,71.01000213623047,71.66000366210938,69.83999633789062,70.37999725341797,530277.0
2018-07-16,68.05999755859375,70.87000274658203,67.58000183105469,70.5199966430664,530480.0
2018-07-17,68.08000183105469,68.44000244140625,67.02999877929688,68.02999877929688,440727.0
2018-07-18,68.76000213623047,69.05999755859375,67.04000091552734,67.61000061035156,187313.0
2018-07-19,69.45999908447266,70.16999816894531,67.80000305175781,69.0,103220.0
2018-07-20,70.45999908447266,71.0999984741211,69.37000274658203,69.38999938964844,500967.0
2018-07-21,70.45999908447266,71.0999984741211,69.37000274658203,69.38999938964844,500967.0
2018-07-22,70.45999908447266,71.0999984741211,69.37000274658203,69.38999938964844,500967.0
2018-07-23,67.88999938964844,69.30999755859375,67.5999984741211,68.16999816894531,555915.0
2018-07-24,68.5199966430664,69.05000305175781,67.55999755859375,67.80000305175781,524591.0
2018-07-25,69.30000305175781,69.69999694824219,68.19999694824219,68.7699966430664,622913.0
2018-07-26,69.61000061035156,69.91999816894531,68.91999816894531,69.37999725341797,489059.0
2018-07-27,68.69000244140625,69.7699966430664,68.26000213623047,69.58000183105469,460450.0
2018-07-28,68.69000244140625,69.7699966430664,68.26000213623047,69.58000183105469,460450.0
2018-07-29,68.69000244140625,69.7699966430664,68.26000213623047,69.58000183105469,460450.0
2018-07-30,70.12999725341797,70.43000030517578,68.80000305175781,69.01000213623047,463011.0
2018-07-31,68.76000213623047,70.22000122070312,67.9800033569336,70.05000305175781,519070.0
2018-08-01,67.66000366210938,68.5199966430664,67.30999755859375,68.43000030517578,576561.0
2018-08-02,68.95999908447266,69.36000061035156,66.91999816894531,67.86000061035156,531071.0
2018-08-03,68.48999786376953,69.23999786376953,67.87000274658203,68.98999786376953,476615.0
2018-08-04,68.48999786376953,69.23999786376953,67.87000274658203,68.98999786376953,476615.0
2018-08-05,68.48999786376953,69.23999786376953,67.87000274658203,68.98999786376953,476615.0
2018-08-06,69.01000213623047,69.91999816894531,68.5,68.6500015258789,495605.0
2018-08-07,69.16999816894531,69.83000183105469,68.80999755859375,68.9000015258789,485027.0
2018-08-08,66.94000244140625,69.37000274658203,66.31999969482422,69.08999633789062,760313.0
2018-08-09,66.80999755859375,67.41000366210938,66.48999786376953,66.79000091552734,509401.0
2018-08-10,67.62999725341797,67.87000274658203,66.13999938964844,66.73999786376953,524490.0
2018-08-11,67.62999725341797,67.87000274658203,66.13999938964844,66.73999786376953,524490.0
2018-08-12,67.62999725341797,67.87000274658203,66.13999938964844,66.73999786376953,524490.0
2018-08-13,67.19999694824219,67.94999694824219,65.70999908447266,67.77999877929688,578219.0
2018-08-14,67.04000091552734,68.37000274658203,66.58000183105469,67.41999816894531,538484.0
2018-08-15,65.01000213623047,66.9000015258789,64.51000213623047,66.62000274658203,573473.0
2018-08-16,65.45999908447266,65.5199966430664,64.43000030517578,64.94999694824219,383380.0
2018-08-17,65.91000366210938,66.38999938964844,65.30000305175781,65.47000122070312,171403.0
2018-08-18,65.91000366210938,66.38999938964844,65.30000305175781,65.47000122070312,171403.0
2018-08-19,65.91000366210938,66.38999938964844,65.30000305175781,65.47000122070312,171403.0
2018-08-20,66.43000030517578,66.68000030517578,65.58999633789062,65.91000366210938,112709.0
2018-08-21,67.3499984741211,68.0999984741211,66.5199966430664,66.62000274658203,437164.0
2018-08-22,67.86000061035156,68.1500015258789,65.9800033569336,66.08000183105469,581899.0
2018-08-23,67.83000183105469,68.12000274658203,67.31999969482422,68.06999969482422,450690.0
2018-08-24,68.72000122070312,69.30999755859375,67.77999877929688,67.9000015258789,517796.0
2018-08-25,68.72000122070312,69.30999755859375,67.77999877929688,67.9000015258789,517796.0
2018-08-26,68.72000122070312,69.30999755859375,67.77999877929688,67.9000015258789,517796.0
2018-08-27,68.87000274658203,68.97000122070312,68.33999633789062,68.56999969482422,332612.0
2018-08-28,68.52999877929688,69.19999694824219,68.20999908447266,68.93000030517578,426833.0
2018-08-29,69.51000213623047,69.76000213623047,68.37000274658203,68.54000091552734,497095.0
2018-08-30,70.25,70.5,69.55000305175781,69.70999908447266,445584.0
2018-08-31,69.80000305175781,70.36000061035156,69.63999938964844,70.05999755859375,419739.0
2018-09-01,69.80000305175781,70.36000061035156,69.63999938964844,70.05999755859375,419739.0
2018-09-02,69.80000305175781,70.36000061035156,69.63999938964844,70.05999755859375,419739.0
2018-09-03,69.80000305175781,70.36000061035156,69.63999938964844,70.05999755859375,419739.0
2018-09-04,69.87000274658203,71.4000015258789,69.08000183105469,70.12000274658203,785981.0
2018-09-05,68.72000122070312,69.58999633789062,68.55999755859375,69.43000030517578,542104.0
2018-09-06,67.7699966430664,69.0199966430664,67.0,68.63999938964844,633824.0
2018-09-07,67.75,68.08000183105469,66.86000061035156,67.87999725341797,530895.0
2018-09-08,67.75,68.08000183105469,66.86000061035156,67.87999725341797,530895.0
2018-09-09,67.75,68.08000183105469,66.86000061035156,67.87999725341797,530895.0
2018-09-10,67.54000091552734,68.5199966430664,67.33000183105469,67.81999969482422,571174.0
2018-09-11,69.25,70.01000213623047,67.4800033569336,67.52999877929688,676869.0
2018-09-12,70.37000274658203,71.26000213623047,69.5,69.88999938964844,800543.0
2018-09-13,68.58999633789062,70.27999877929688,68.3499984741211,70.23999786376953,684937.0
2018-09-14,68.98999786376953,69.91000366210938,67.94000244140625,68.79000091552734,611075.0
2018-09-15,68.98999786376953,69.91000366210938,67.94000244140625,68.79000091552734,611075.0
2018-09-16,68.98999786376953,69.91000366210938,67.94000244140625,68.79000091552734,611075.0
2018-09-17,68.91000366210938,69.72000122070312,68.52999877929688,68.93000030517578,422294.0
2018-09-18,69.8499984741211,70.41999816894531,68.52999877929688,68.80000305175781,234202.0
2018-09-19,71.12000274658203,71.5,69.6500015258789,69.70999908447266,125208.0
2018-09-20,70.80000305175781,71.80999755859375,70.7300033569336,71.38999938964844,607520.0
2018-09-21,70.77999877929688,71.80000305175781,69.9800033569336,70.19999694824219,855943.0
2018-09-22,70.77999877929688,71.80000305175781,69.9800033569336,70.19999694824219,855943.0
2018-09-23,70.77999877929688,71.80000305175781,69.9800033569336,70.19999694824219,855943.0
2018-09-24,72.08000183105469,72.73999786376953,71.13999938964844,71.13999938964844,576894.0
2018-09-25,72.27999877929688,72.77999877929688,71.88999938964844,72.25,551280.0
2018-09-26,71.56999969482422,72.37999725341797,71.47000122070312,72.08999633789062,464463.0
2018-09-27,72.12000274658203,72.5999984741211,71.70999908447266,72.01000213623047,454549.0
2018-09-28,73.25,73.7300033569336,71.87999725341797,72.18000030517578,544047.0
2018-09-29,73.25,73.7300033569336,71.87999725341797,72.18000030517578,544047.0
2018-09-30,73.25,73.7300033569336,71.87999725341797,72.18000030517578,544047.0
2018-10-01,75.30000305175781,75.7699966430664,72.94999694824219,73.29000091552734,601451.0
2018-10-02,75.2300033569336,75.91000366210938,74.93000030517578,75.41999816894531,463615.0
2018-10-03,76.41000366210938,76.9000015258789,74.30000305175781,75.12000274658203,698817.0
2018-10-04,74.33000183105469,76.47000122070312,73.87999725341797,76.18000030517578,687949.0
2018-10-05,74.33999633789062,75.22000122070312,73.83999633789062,74.66999816894531,613218.0
2018-10-06,74.33999633789062,75.22000122070312,73.83999633789062,74.66999816894531,613218.0
2018-10-07,74.33999633789062,75.22000122070312,73.83999633789062,74.66999816894531,613218.0
2018-10-08,74.29000091552734,74.58000183105469,73.06999969482422,74.4000015258789,554938.0
2018-10-09,74.95999908447266,75.27999877929688,74.0,74.20999908447266,623537.0
2018-10-10,73.16999816894531,75.08000183105469,72.37999725341797,74.66000366210938,652737.0
2018-10-11,70.97000122070312,72.76000213623047,70.51000213623047,72.68000030517578,783962.0
2018-10-12,71.33999633789062,72.01000213623047,70.63999938964844,70.98999786376953,626668.0
2018-10-13,71.33999633789062,72.01000213623047,70.63999938964844,70.98999786376953,626668.0
2018-10-14,71.33999633789062,72.01000213623047,70.63999938964844,70.98999786376953,626668.0
2018-10-15,71.77999877929688,72.69999694824219,70.8499984741211,71.8499984741211,568610.0
2018-10-16,71.91999816894531,72.29000091552734,71.0199966430664,71.72000122070312,535003.0
2018-10-17,69.75,72.43000030517578,69.43000030517578,72.16999816894531,651584.0
2018-10-18,68.6500015258789,70.02999877929688,68.47000122070312,70.02999877929688,215337.0
2018-10-19,69.12000274658203,69.7699966430664,68.55999755859375,68.68000030517578,108311.0
2018-10-20,69.12000274658203,69.7699966430664,68.55999755859375,68.68000030517578,108311.0
2018-10-21,69.12000274658203,69.7699966430664,68.55999755859375,68.68000030517578,108311.0
2018-10-22,69.16999816894531,69.6500015258789,68.2699966430664,69.41000366210938,513770.0
2018-10-23,66.43000030517578,69.66000366210938,65.73999786376953,69.55000305175781,853265.0
2018-10-24,66.81999969482422,67.72000122070312,66.05000305175781,66.16999816894531,775963.0
2018-10-25,67.33000183105469,67.6500015258789,65.98999786376953,66.36000061035156,573096.0
2018-10-26,67.58999633789062,67.87999725341797,66.19999694824219,66.94999694824219,595211.0
2018-10-27,67.58999633789062,67.87999725341797,66.19999694824219,66.94999694824219,595211.0
2018-10-28,67.58999633789062,67.87999725341797,66.19999694824219,66.94999694824219,595211.0
2018-10-29,67.04000091552734,67.94999694824219,66.29000091552734,67.55000305175781,477487.0
2018-10-30,66.18000030517578,67.26000213623047,65.33000183105469,66.68000030517578,680441.0
2018-10-31,65.30999755859375,67.0,64.80999755859375,66.31999969482422,666487.0
2018-11-01,63.689998626708984,65.38999938964844,63.11000061035156,64.87999725341797,790286.0
2018-11-02,63.13999938964844,63.95000076293945,62.630001068115234,63.5,708906.0
2018-11-03,63.13999938964844,63.95000076293945,62.630001068115234,63.5,708906.0
2018-11-04,63.13999938964844,63.95000076293945,62.630001068115234,63.5,708906.0
2018-11-05,63.099998474121094,64.13999938964844,62.52000045776367,62.9900016784668,609129.0
2018-11-06,62.209999084472656,63.31999969482422,61.310001373291016,62.70000076293945,761240.0
2018-11-07,61.66999816894531,63.18000030517578,61.20000076293945,61.7400016784668,866628.0
2018-11-08,60.66999816894531,62.41999816894531,60.400001525878906,61.63999938964844,764546.0
2018-11-09,60.189998626708984,60.790000915527344,59.2599983215332,60.75,821729.0
2018-11-10,60.189998626708984,60.790000915527344,59.2599983215332,60.75,821729.0
2018-11-11,60.189998626708984,60.790000915527344,59.2599983215332,60.75,821729.0
2018-11-12,59.93000030517578,61.279998779296875,58.68000030517578,60.70000076293945,806219.0
2018-11-13,55.689998626708984,59.349998474121094,54.75,58.880001068115234,1095643.0
2018-11-14,56.25,57.369998931884766,55.130001068115234,55.27000045776367,844696.0
2018-11-15,56.459999084472656,57.2599983215332,55.59000015258789,56.02000045776367,256499.0
2018-11-16,56.459999084472656,57.959999084472656,55.88999938964844,56.58000183105469,159001.0
2018-11-17,56.459999084472656,57.959999084472656,55.88999938964844,56.58000183105469,159001.0
2018-11-18,56.459999084472656,57.959999084472656,55.88999938964844,56.58000183105469,159001.0
2018-11-19,56.7599983215332,57.33000183105469,55.08000183105469,56.720001220703125,699684.0
2018-11-20,53.43000030517578,57.439998626708984,52.77000045776367,57.38999938964844,983120.0
2018-11-21,54.630001068115234,55.86000061035156,53.38999938964844,53.38999938964844,734277.0
2018-11-22,54.630001068115234,55.86000061035156,53.38999938964844,53.38999938964844,734277.0
2018-11-23,50.41999816894531,54.119998931884766,50.150001525878906,53.869998931884766,1014667.0
2018-11-24,50.41999816894531,54.119998931884766,50.150001525878906,53.869998931884766,1014667.0
2018-11-25,50.41999816894531,54.119998931884766,50.150001525878906,53.869998931884766,1014667.0
2018-11-26,51.630001068115234,52.25,50.099998474121094,50.619998931884766,663108.0
2018-11-27,51.560001373291016,52.380001068115234,50.29999923706055,51.540000915527344,764010.0
2018-11-28,50.290000915527344,52.560001373291016,50.060001373291016,52.09000015258789,831688.0
2018-11-29,51.45000076293945,52.20000076293945,49.40999984741211,50.310001373291016,812721.0
2018-11-30,50.93000030517578,51.790000915527344,49.650001525878906,51.27000045776367,796714.0
2018-12-01,50.93000030517578,51.790000915527344,49.650001525878906,51.27000045776367,796714.0
2018-12-02,50.93000030517578,51.790000915527344,49.650001525878906,51.27000045776367,796714.0
2018-12-03,52.95000076293945,53.849998474121094,52.029998779296875,52.45000076293945,758010.0
2018-12-04,53.25,54.54999923706055,52.43000030517578,53.130001068115234,738130.0
2018-12-05,53.25,54.54999923706055,52.43000030517578,53.130001068115234,738130.0
2018-12-06,51.4900016784668,53.29999923706055,50.08000183105469,52.93000030517578,987266.0
2018-12-07,52.61000061035156,54.220001220703125,50.599998474121094,51.7599983215332,987717.0
2018-12-08,52.61000061035156,54.220001220703125,50.599998474121094,51.7599983215332,987717.0
2018-12-09,52.61000061035156,54.220001220703125,50.599998474121094,51.7599983215332,987717.0
2018-12-10,51.0,52.810001373291016,50.529998779296875,52.029998779296875,733225.0
2018-12-11,51.650001525878906,52.43000030517578,50.70000076293945,50.88999938964844,665262.0
2018-12-12,51.150001525878906,52.880001068115234,50.939998626708984,51.95000076293945,730810.0
2018-12-13,52.58000183105469,53.27000045776367,50.349998474121094,51.20000076293945,733627.0
2018-12-14,51.20000076293945,52.95000076293945,50.84000015258789,52.83000183105469,526839.0
2018-12-15,51.20000076293945,52.95000076293945,50.84000015258789,52.83000183105469,526839.0
2018-12-16,51.20000076293945,52.95000076293945,50.84000015258789,52.83000183105469,526839.0
2018-12-17,49.880001068115234,51.869998931884766,49.0099983215332,51.25,211257.0
2018-12-18,46.2400016784668,49.59000015258789,45.790000915527344,49.15999984741211,120101.0
2018-12-19,47.20000076293945,48.0,45.93000030517578,45.93000030517578,817721.0
2018-12-20,45.880001068115234,47.5099983215332,45.66999816894531,47.38999938964844,794130.0
2018-12-21,45.59000015258789,46.77000045776367,45.130001068115234,46.25,694003.0
2018-12-22,45.59000015258789,46.77000045776367,45.130001068115234,46.25,694003.0
2018-12-23,45.59000015258789,46.77000045776367,45.130001068115234,46.25,694003.0
2018-12-24,42.529998779296875,46.2400016784668,42.36000061035156,45.45000076293945,415859.0
2018-12-25,42.529998779296875,46.2400016784668,42.36000061035156,45.45000076293945,415859.0
2018-12-26,46.220001220703125,47.0,42.52000045776367,42.849998474121094,698408.0
2018-12-27,44.61000061035156,46.70000076293945,44.369998931884766,46.58000183105469,665590.0
2018-12-28,45.33000183105469,46.220001220703125,44.41999816894531,45.439998626708984,564385.0
2018-12-29,45.33000183105469,46.220001220703125,44.41999816894531,45.439998626708984,564385.0
2018-12-30,45.33000183105469,46.220001220703125,44.41999816894531,45.439998626708984,564385.0
2018-12-31,45.40999984741211,46.529998779296875,44.72999954223633,45.220001220703125,476970.0
2019-01-01,45.40999984741211,46.529998779296875,44.72999954223633,45.220001220703125,476970.0
2019-01-02,46.540000915527344,47.779998779296875,44.349998474121094,45.79999923706055,850480.0
2019-01-03,47.09000015258789,47.4900016784668,45.349998474121094,46.2599983215332,788718.0
2019-01-04,47.959999084472656,49.220001220703125,46.650001525878906,46.900001525878906,817277.0
2019-01-05,47.959999084472656,49.220001220703125,46.650001525878906,46.900001525878906,817277.0
2019-01-06,47.959999084472656,49.220001220703125,46.650001525878906,46.900001525878906,817277.0
2019-01-07,48.52000045776367,49.790000915527344,48.11000061035156,48.29999923706055,819939.0
2019-01-08,49.779998779296875,49.95000076293945,48.310001373291016,48.72999954223633,765981.0
2019-01-09,52.36000061035156,52.58000183105469,49.709999084472656,49.79999923706055,891922.0
2019-01-10,52.59000015258789,52.779998779296875,51.369998931884766,52.18000030517578,821782.0
2019-01-11,51.59000015258789,53.310001373291016,51.18000030517578,52.279998779296875,812339.0
2019-01-12,51.59000015258789,53.310001373291016,51.18000030517578,52.279998779296875,812339.0
2019-01-13,51.59000015258789,53.310001373291016,51.18000030517578,52.279998779296875,812339.0
2019-01-14,50.5099983215332,52.11000061035156,50.380001068115234,51.72999954223633,791527.0
2019-01-15,52.11000061035156,52.29999923706055,50.63999938964844,50.779998779296875,664183.0
2019-01-16,52.310001373291016,52.52000045776367,51.2599983215332,52.0,694182.0
2019-01-17,52.06999969482422,52.58000183105469,50.97999954223633,52.29999923706055,288560.0
2019-01-18,53.79999923706055,53.91999816894531,52.09000015258789,52.22999954223633,193099.0
2019-01-19,53.79999923706055,53.91999816894531,52.09000015258789,52.22999954223633,193099.0
2019-01-20,53.79999923706055,53.91999816894531,52.09000015258789,52.22999954223633,193099.0
2019-01-21,53.79999923706055,53.91999816894531,52.09000015258789,52.22999954223633,193099.0
2019-01-22,52.56999969482422,54.2400016784668,51.79999923706055,53.72999954223633,951158.0
2019-01-23,52.619998931884766,53.63999938964844,51.86000061035156,52.95000076293945,702866.0
2019-01-24,53.130001068115234,53.470001220703125,52.06999969482422,52.45000076293945,714415.0
2019-01-25,53.689998626708984,53.939998626708984,52.90999984741211,53.16999816894531,593385.0
2019-01-26,53.689998626708984,53.939998626708984,52.90999984741211,53.16999816894531,593385.0
2019-01-27,53.689998626708984,53.939998626708984,52.90999984741211,53.16999816894531,593385.0
2019-01-28,51.9900016784668,53.63999938964844,51.33000183105469,53.560001373291016,650667.0
2019-01-29,53.310001373291016,53.93000030517578,51.84000015258789,52.119998931884766,660527.0
2019-01-30,54.22999954223633,54.93000030517578,53.09000015258789,53.2400016784668,731312.0
2019-01-31,53.790000915527344,55.369998931884766,53.619998931884766,54.279998779296875,718650.0
2019-02-01,55.2599983215332,55.65999984741211,53.369998931884766,54.0099983215332,689566.0
2019-02-02,55.2599983215332,55.65999984741211,53.369998931884766,54.0099983215332,689566.0
2019-02-03,55.2599983215332,55.65999984741211,53.369998931884766,54.0099983215332,689566.0
2019-02-04,54.560001373291016,55.75,53.290000915527344,55.31999969482422,622472.0
2019-02-05,53.65999984741211,55.209999084472656,53.470001220703125,54.86000061035156,609756.0
2019-02-06,54.0099983215332,54.29999923706055,52.86000061035156,53.72999954223633,606720.0
2019-02-07,52.63999938964844,54.209999084472656,51.79999923706055,53.939998626708984,749010.0
2019-02-08,52.720001220703125,52.9900016784668,52.08000183105469,52.59000015258789,621003.0
2019-02-09,52.720001220703125,52.9900016784668,52.08000183105469,52.59000015258789,621003.0
2019-02-10,52.720001220703125,52.9900016784668,52.08000183105469,52.59000015258789,621003.0
2019-02-11,52.40999984741211,52.779998779296875,51.22999954223633,52.65999984741211,750242.0
2019-02-12,53.099998474121094,54.04999923706055,52.290000915527344,52.470001220703125,708312.0
2019-02-13,53.900001525878906,54.599998474121094,53.27000045776367,53.349998474121094,706552.0
2019-02-14,54.40999984741211,54.68000030517578,53.08000183105469,53.959999084472656,623546.0
2019-02-15,55.59000015258789,55.869998931884766,54.2400016784668,54.47999954223633,276907.0
2019-02-16,55.59000015258789,55.869998931884766,54.2400016784668,54.47999954223633,276907.0
2019-02-17,55.59000015258789,55.869998931884766,54.2400016784668,54.47999954223633,276907.0
2019-02-18,55.59000015258789,55.869998931884766,54.2400016784668,54.47999954223633,276907.0
2019-02-19,56.09000015258789,56.33000183105469,55.290000915527344,55.779998779296875,153728.0
2019-02-20,56.91999816894531,57.54999923706055,55.47999954223633,55.939998626708984,685111.0
2019-02-21,56.959999084472656,57.61000061035156,56.63999938964844,57.2400016784668,546202.0
2019-02-22,57.2599983215332,57.810001373291016,56.709999084472656,56.84000015258789,513439.0
2019-02-23,57.2599983215332,57.810001373291016,56.709999084472656,56.84000015258789,513439.0
2019-02-24,57.2599983215332,57.810001373291016,56.709999084472656,56.84000015258789,513439.0
2019-02-25,55.47999954223633,57.529998779296875,55.08000183105469,57.16999816894531,723012.0
2019-02-26,55.5,56.08000183105469,55.02000045776367,55.459999084472656,538919.0
2019-02-27,56.939998626708984,57.38999938964844,55.720001220703125,55.95000076293945,577227.0
2019-02-28,57.220001220703125,57.43000030517578,56.43000030517578,57.0,496678.0
2019-03-01,55.79999923706055,57.880001068115234,55.56999969482422,57.220001220703125,684186.0
2019-03-02,55.79999923706055,57.880001068115234,55.56999969482422,57.220001220703125,684186.0
2019-03-03,55.79999923706055,57.880001068115234,55.56999969482422,57.220001220703125,684186.0
2019-03-04,56.59000015258789,57.0,55.810001373291016,55.83000183105469,549396.0
2019-03-05,56.560001373291016,57.189998626708984,56.09000015258789,56.45000076293945,538399.0
2019-03-06,56.220001220703125,56.400001525878906,55.41999816894531,56.279998779296875,637677.0
2019-03-07,56.65999984741211,56.9900016784668,56.08000183105469,56.20000076293945,628824.0
2019-03-08,56.06999969482422,56.5099983215332,54.52000045776367,56.43000030517578,747358.0
2019-03-09,56.06999969482422,56.5099983215332,54.52000045776367,56.43000030517578,747358.0
2019-03-10,56.06999969482422,56.5099983215332,54.52000045776367,56.43000030517578,747358.0
2019-03-11,56.790000915527344,57.0099983215332,55.959999084472656,56.06999969482422,597156.0
2019-03-12,56.869998931884766,57.54999923706055,56.7400016784668,56.7599983215332,652798.0
2019-03-13,58.2599983215332,58.47999954223633,57.0099983215332,57.09000015258789,610616.0
2019-03-14,58.61000061035156,58.7400016784668,58.0,58.349998474121094,567604.0
2019-03-15,58.52000045776367,58.95000076293945,57.7400016784668,58.5099983215332,507393.0
2019-03-16,58.52000045776367,58.95000076293945,57.7400016784668,58.5099983215332,507393.0
2019-03-17,58.52000045776367,58.95000076293945,57.7400016784668,58.5099983215332,507393.0
2019-03-18,59.09000015258789,59.22999954223633,58.04999923706055,58.45000076293945,157241.0
2019-03-19,59.029998779296875,59.56999969482422,58.619998931884766,59.0099983215332,114822.0
2019-03-20,59.83000183105469,60.119998931884766,58.38999938964844,59.02000045776367,786342.0
2019-03-21,59.97999954223633,60.38999938964844,59.65999984741211,59.9900016784668,655380.0
2019-03-22,59.040000915527344,60.06999969482422,58.279998779296875,59.869998931884766,738840.0
2019-03-23,59.040000915527344,60.06999969482422,58.279998779296875,59.869998931884766,738840.0
2019-03-24,59.040000915527344,60.06999969482422,58.279998779296875,59.869998931884766,738840.0
2019-03-25,58.81999969482422,59.349998474121094,58.16999816894531,58.97999954223633,705399.0
2019-03-26,59.939998626708984,60.380001068115234,59.040000915527344,59.119998931884766,685988.0
2019-03-27,59.40999984741211,60.220001220703125,58.810001373291016,60.029998779296875,732150.0
2019-03-28,59.29999923706055,59.560001373291016,58.20000076293945,59.400001525878906,712209.0
2019-03-29,60.13999938964844,60.72999954223633,59.40999984741211,59.529998779296875,705559.0
2019-03-30,60.13999938964844,60.72999954223633,59.40999984741211,59.529998779296875,705559.0
2019-03-31,60.13999938964844,60.72999954223633,59.40999984741211,59.529998779296875,705559.0
2019-04-01,61.59000015258789,61.79999923706055,60.130001068115234,60.2400016784668,670808.0
2019-04-02,62.58000183105469,62.75,61.599998474121094,61.810001373291016,793227.0
2019-04-03,62.459999084472656,62.9900016784668,62.04999923706055,62.63999938964844,799672.0
2019-04-04,62.099998474121094,62.77000045776367,61.88999938964844,62.5,684973.0
2019-04-05,63.08000183105469,63.34000015258789,61.81999969482422,62.18000030517578,686862.0
2019-04-06,63.08000183105469,63.34000015258789,61.81999969482422,62.18000030517578,686862.0
2019-04-07,63.08000183105469,63.34000015258789,61.81999969482422,62.18000030517578,686862.0
2019-04-08,64.4000015258789,64.4800033569336,63.130001068115234,63.33000183105469,895767.0
2019-04-09,63.97999954223633,64.79000091552734,63.68000030517578,64.4000015258789,790677.0
2019-04-10,64.61000061035156,64.69999694824219,64.05000305175781,64.22000122070312,722216.0
2019-04-11,63.58000183105469,64.48999786376953,63.310001373291016,64.4800033569336,760504.0
2019-04-12,63.88999938964844,64.6500015258789,63.65999984741211,63.709999084472656,625588.0
2019-04-13,63.88999938964844,64.6500015258789,63.65999984741211,63.709999084472656,625588.0
2019-04-14,63.88999938964844,64.6500015258789,63.65999984741211,63.709999084472656,625588.0
2019-04-15,63.400001525878906,63.84000015258789,63.029998779296875,63.7599983215332,555858.0
2019-04-16,64.05000305175781,64.37000274658203,62.9900016784668,63.56999969482422,547469.0
2019-04-17,63.7599983215332,64.61000061035156,63.65999984741211,64.31999969482422,235376.0
2019-04-18,64.0,64.16000366210938,63.459999084472656,63.75,148238.0
2019-04-19,64.0,64.16000366210938,63.459999084472656,63.75,148238.0
2019-04-20,64.0,64.16000366210938,63.459999084472656,63.75,148238.0
2019-04-21,64.0,64.16000366210938,63.459999084472656,63.75,148238.0
2019-04-22,65.69999694824219,65.91999816894531,64.0,64.0,763527.0
2019-04-23,66.30000305175781,66.5999984741211,65.58000183105469,65.75,700598.0
2019-04-24,65.88999938964844,66.43000030517578,65.66000366210938,66.16999816894531,678386.0
2019-04-25,65.20999908447266,66.27999877929688,64.9000015258789,65.80999755859375,603001.0
2019-04-26,63.29999923706055,65.18000030517578,62.279998779296875,65.12999725341797,1000836.0
2019-04-27,63.29999923706055,65.18000030517578,62.279998779296875,65.12999725341797,1000836.0
2019-04-28,63.29999923706055,65.18000030517578,62.279998779296875,65.12999725341797,1000836.0
2019-04-29,63.5,63.689998626708984,62.459999084472656,62.95000076293945,654076.0
2019-04-30,63.90999984741211,64.75,63.29999923706055,63.58000183105469,750494.0
2019-05-01,63.599998474121094,63.93000030517578,62.77000045776367,63.400001525878906,676872.0
2019-05-02,61.810001373291016,63.68000030517578,60.95000076293945,63.61000061035156,914661.0
2019-05-03,61.939998626708984,62.52000045776367,61.29999923706055,61.54999923706055,646866.0
2019-05-04,61.939998626708984,62.52000045776367,61.29999923706055,61.54999923706055,646866.0
2019-05-05,61.939998626708984,62.52000045776367,61.29999923706055,61.54999923706055,646866.0
2019-05-06,62.25,62.95000076293945,60.040000915527344,61.43000030517578,768810.0
2019-05-07,61.400001525878906,62.4900016784668,60.65999984741211,62.16999816894531,842810.0
2019-05-08,62.119998931884766,62.369998931884766,61.06999969482422,61.439998626708984,791769.0
2019-05-09,61.70000076293945,62.209999084472656,60.91999816894531,62.02000045776367,769583.0
2019-05-10,61.65999984741211,62.4900016784668,61.41999816894531,61.63999938964844,786494.0
2019-05-11,61.65999984741211,62.4900016784668,61.41999816894531,61.63999938964844,786494.0
2019-05-12,61.65999984741211,62.4900016784668,61.41999816894531,61.63999938964844,786494.0
2019-05-13,61.040000915527344,63.33000183105469,60.63999938964844,61.650001525878906,1003106.0
2019-05-14,61.779998779296875,62.11000061035156,60.689998626708984,60.86000061035156,751668.0
2019-05-15,62.02000045776367,62.34000015258789,60.849998474121094,61.369998931884766,723001.0
2019-05-16,62.869998931884766,63.47999954223633,62.08000183105469,62.119998931884766,545679.0
2019-05-17,62.7599983215332,63.63999938964844,62.52000045776367,63.119998931884766,215802.0
2019-05-18,62.7599983215332,63.63999938964844,62.52000045776367,63.119998931884766,215802.0
2019-05-19,62.7599983215332,63.63999938964844,62.52000045776367,63.119998931884766,215802.0
2019-05-20,63.099998474121094,63.810001373291016,62.45000076293945,63.529998779296875,131888.0
2019-05-21,62.9900016784668,63.599998474121094,62.75,63.279998779296875,641680.0
2019-05-22,61.41999816894531,62.779998779296875,61.029998779296875,62.63999938964844,766728.0
2019-05-23,57.90999984741211,61.290000915527344,57.33000183105469,61.27000045776367,1108052.0
2019-05-24,58.630001068115234,59.099998474121094,57.5,58.209999084472656,758099.0
2019-05-25,58.630001068115234,59.099998474121094,57.5,58.209999084472656,758099.0
2019-05-26,58.630001068115234,59.099998474121094,57.5,58.209999084472656,758099.0
2019-05-27,58.630001068115234,59.099998474121094,57.5,58.209999084472656,758099.0
2019-05-28,59.13999938964844,59.56999969482422,58.130001068115234,58.939998626708984,1020323.0
2019-05-29,58.810001373291016,59.13999938964844,56.880001068115234,59.06999969482422,1124959.0
2019-05-30,56.59000015258789,59.70000076293945,56.33000183105469,59.119998931884766,842281.0
2019-05-31,53.5,56.61000061035156,53.04999923706055,56.459999084472656,1031488.0
2019-06-01,53.5,56.61000061035156,53.04999923706055,56.459999084472656,1031488.0
2019-06-02,53.5,56.61000061035156,53.04999923706055,56.459999084472656,1031488.0
2019-06-03,53.25,54.630001068115234,52.11000061035156,53.41999816894531,984308.0
2019-06-04,53.47999954223633,53.779998779296875,52.43000030517578,52.88999938964844,831625.0
2019-06-05,51.68000030517578,53.40999984741211,50.599998474121094,52.86000061035156,943186.0
2019-06-06,52.59000015258789,53.29999923706055,51.16999816894531,51.65999984741211,790067.0
2019-06-07,53.9900016784668,54.31999969482422,52.619998931884766,53.099998474121094,828133.0
2019-06-08,53.9900016784668,54.31999969482422,52.619998931884766,53.099998474121094,828133.0
2019-06-09,53.9900016784668,54.31999969482422,52.619998931884766,53.099998474121094,828133.0
2019-06-10,53.2599983215332,54.84000015258789,53.04999923706055,54.2400016784668,687146.0
2019-06-11,53.27000045776367,54.040000915527344,52.90999984741211,53.43000030517578,642940.0
2019-06-12,51.13999938964844,53.04999923706055,50.720001220703125,53.040000915527344,786105.0
2019-06-13,52.279998779296875,53.45000076293945,50.91999816894531,51.06999969482422,945024.0
2019-06-14,52.5099983215332,52.97999954223633,51.70000076293945,52.18000030517578,574229.0
2019-06-15,52.5099983215332,52.97999954223633,51.70000076293945,52.18000030517578,574229.0
2019-06-16,52.5099983215332,52.97999954223633,51.70000076293945,52.18000030517578,574229.0
2019-06-17,51.93000030517578,52.7400016784668,51.58000183105469,52.5,397868.0
2019-06-18,53.900001525878906,54.310001373291016,51.5,51.95000076293945,181640.0
2019-06-19,53.7599983215332,54.41999816894531,53.279998779296875,54.09000015258789,122838.0
2019-06-20,56.650001525878906,57.02000045776367,54.11000061035156,54.119998931884766,854514.0
2019-06-21,57.43000030517578,57.97999954223633,56.65999984741211,57.2599983215332,676047.0
2019-06-22,57.43000030517578,57.97999954223633,56.65999984741211,57.2599983215332,676047.0
2019-06-23,57.43000030517578,57.97999954223633,56.65999984741211,57.2599983215332,676047.0
2019-06-24,57.900001525878906,58.220001220703125,56.75,57.720001220703125,597164.0
2019-06-25,57.83000183105469,58.84000015258789,57.20000076293945,57.7400016784668,673140.0
2019-06-26,59.380001068115234,59.93000030517578,58.650001525878906,58.84000015258789,686817.0
2019-06-27,59.43000030517578,59.72999954223633,58.61000061035156,59.27000045776367,531405.0
2019-06-28,58.470001220703125,59.79999923706055,57.75,59.220001220703125,556101.0
2019-06-29,58.470001220703125,59.79999923706055,57.75,59.220001220703125,556101.0
2019-06-30,58.470001220703125,59.79999923706055,57.75,59.220001220703125,556101.0
2019-07-01,59.09000015258789,60.279998779296875,58.34000015258789,59.27000045776367,674887.0
2019-07-02,56.25,59.43000030517578,56.09000015258789,59.13999938964844,878938.0
2019-07-03,57.34000015258789,57.47999954223633,56.040000915527344,56.4900016784668,600131.0
2019-07-04,57.34000015258789,57.47999954223633,56.040000915527344,56.4900016784668,600131.0
2019-07-05,57.5099983215332,57.81999969482422,56.290000915527344,57.380001068115234,698015.0
2019-07-06,57.5099983215332,57.81999969482422,56.290000915527344,57.380001068115234,698015.0
2019-07-07,57.5099983215332,57.81999969482422,56.290000915527344,57.380001068115234,698015.0
2019-07-08,57.65999984741211,58.459999084472656,57.29999923706055,57.77000045776367,540861.0
2019-07-09,57.83000183105469,59.099998474121094,57.290000915527344,57.560001373291016,551872.0
2019-07-10,60.43000030517578,60.529998779296875,58.349998474121094,58.400001525878906,690656.0
2019-07-11,60.20000076293945,60.939998626708984,60.13999938964844,60.439998626708984,573019.0
2019-07-12,60.209999084472656,60.7400016784668,59.93000030517578,60.459999084472656,469029.0
2019-07-13,60.209999084472656,60.7400016784668,59.93000030517578,60.459999084472656,469029.0
2019-07-14,60.209999084472656,60.7400016784668,59.93000030517578,60.459999084472656,469029.0
2019-07-15,59.58000183105469,60.91999816894531,59.20000076293945,60.25,566818.0
2019-07-16,57.619998931884766,60.060001373291016,57.06999969482422,59.2599983215332,712540.0
2019-07-17,56.779998779296875,58.36000061035156,56.209999084472656,57.52000045776367,504432.0
2019-07-18,55.29999923706055,57.31999969482422,54.720001220703125,56.599998474121094,215361.0
2019-07-19,55.630001068115234,56.36000061035156,54.9900016784668,55.720001220703125,105217.0
2019-07-20,55.630001068115234,56.36000061035156,54.9900016784668,55.720001220703125,105217.0
2019-07-21,55.630001068115234,56.36000061035156,54.9900016784668,55.720001220703125,105217.0
2019-07-22,56.220001220703125,56.84000015258789,55.720001220703125,56.220001220703125,619483.0
2019-07-23,56.77000045776367,57.470001220703125,55.7400016784668,56.16999816894531,521876.0
2019-07-24,55.880001068115234,57.63999938964844,55.33000183105469,57.22999954223633,745248.0
2019-07-25,56.02000045776367,56.9900016784668,55.810001373291016,55.900001525878906,559282.0
2019-07-26,56.20000076293945,56.56999969482422,55.68000030517578,55.93000030517578,476785.0
2019-07-27,56.20000076293945,56.56999969482422,55.68000030517578,55.93000030517578,476785.0
2019-07-28,56.20000076293945,56.56999969482422,55.68000030517578,55.93000030517578,476785.0
2019-07-29,56.869998931884766,57.099998474121094,55.810001373291016,56.20000076293945,529742.0
2019-07-30,58.04999923706055,58.470001220703125,56.959999084472656,57.06999969482422,547401.0
2019-07-31,58.58000183105469,58.81999969482422,57.810001373291016,58.34000015258789,614001.0
2019-08-01,53.95000076293945,57.9900016784668,53.59000015258789,57.849998474121094,886748.0
2019-08-02,55.65999984741211,56.04999923706055,54.150001525878906,54.540000915527344,739810.0
2019-08-03,55.65999984741211,56.04999923706055,54.150001525878906,54.540000915527344,739810.0
2019-08-04,55.65999984741211,56.04999923706055,54.150001525878906,54.540000915527344,739810.0
2019-08-05,54.689998626708984,55.61000061035156,54.220001220703125,55.380001068115234,823844.0
2019-08-06,53.630001068115234,55.41999816894531,53.290000915527344,54.95000076293945,682794.0
2019-08-07,51.09000015258789,53.77000045776367,50.52000045776367,53.41999816894531,1063214.0
2019-08-08,52.540000915527344,53.060001373291016,51.939998626708984,52.33000183105469,724762.0
2019-08-09,54.5,54.91999816894531,52.369998931884766,52.880001068115234,726386.0
2019-08-10,54.5,54.91999816894531,52.369998931884766,52.880001068115234,726386.0
2019-08-11,54.5,54.91999816894531,52.369998931884766,52.880001068115234,726386.0
2019-08-12,54.93000030517578,55.18000030517578,53.540000915527344,54.31999969482422,611027.0
2019-08-13,57.099998474121094,57.470001220703125,54.209999084472656,54.72999954223633,783486.0
2019-08-14,55.22999954223633,56.849998474121094,53.970001220703125,56.7400016784668,718293.0
2019-08-15,54.470001220703125,55.33000183105469,53.77000045776367,54.900001525878906,527866.0
2019-08-16,54.869998931884766,55.66999816894531,54.2599983215332,54.7400016784668,168345.0
2019-08-17,54.869998931884766,55.66999816894531,54.2599983215332,54.7400016784668,168345.0
2019-08-18,54.869998931884766,55.66999816894531,54.2599983215332,54.7400016784668,168345.0
2019-08-19,56.209999084472656,56.40999984741211,54.84000015258789,54.959999084472656,113571.0
2019-08-20,56.34000015258789,56.599998474121094,55.279998779296875,56.099998474121094,659258.0
2019-08-21,55.68000030517578,57.130001068115234,55.54999923706055,56.04999923706055,704035.0
2019-08-22,55.349998474121094,56.459999084472656,54.849998474121094,55.939998626708984,621573.0
2019-08-23,54.16999816894531,55.599998474121094,53.2400016784668,55.349998474121094,807151.0
2019-08-24,54.16999816894531,55.599998474121094,53.2400016784668,55.349998474121094,807151.0
2019-08-25,54.16999816894531,55.599998474121094,53.2400016784668,55.349998474121094,807151.0
2019-08-26,53.63999938964844,55.2599983215332,52.959999084472656,53.25,679022.0
2019-08-27,54.93000030517578,55.720001220703125,53.689998626708984,53.7599983215332,596624.0
2019-08-28,55.779998779296875,56.75,55.34000015258789,55.709999084472656,674048.0
2019-08-29,56.709999084472656,56.88999938964844,55.43000030517578,55.880001068115234,630760.0
2019-08-30,55.099998474121094,56.720001220703125,54.54999923706055,56.630001068115234,708268.0
2019-08-31,55.099998474121094,56.720001220703125,54.54999923706055,56.630001068115234,708268.0
2019-09-01,55.099998474121094,56.720001220703125,54.54999923706055,56.630001068115234,708268.0
2019-09-02,55.099998474121094,56.720001220703125,54.54999923706055,56.630001068115234,708268.0
2019-09-03,53.939998626708984,55.2400016784668,52.84000015258789,55.0,970804.0
2019-09-04,56.2599983215332,56.58000183105469,53.84000015258789,53.91999816894531,682298.0
2019-09-05,56.29999923706055,57.7599983215332,55.75,55.95000076293945,712466.0
2019-09-06,56.52000045776367,56.95000076293945,54.83000183105469,56.189998626708984,714294.0
2019-09-07,56.52000045776367,56.95000076293945,54.83000183105469,56.189998626708984,714294.0
2019-09-08,56.52000045776367,56.95000076293945,54.83000183105469,56.189998626708984,714294.0
2019-09-09,57.849998474121094,58.15999984741211,56.58000183105469,56.79999923706055,646993.0
2019-09-10,57.400001525878906,58.7599983215332,57.20000076293945,58.029998779296875,755472.0
2019-09-11,55.75,58.29999923706055,55.61000061035156,57.88999938964844,858772.0
2019-09-12,55.09000015258789,56.34000015258789,54.0,55.93000030517578,845977.0
2019-09-13,54.849998474121094,55.68000030517578,54.439998626708984,55.150001525878906,599470.0
2019-09-14,54.849998474121094,55.68000030517578,54.439998626708984,55.150001525878906,599470.0
2019-09-15,54.849998474121094,55.68000030517578,54.439998626708984,55.150001525878906,599470.0
2019-09-16,62.900001525878906,63.380001068115234,58.77000045776367,61.47999954223633,1404916.0
2019-09-17,59.34000015258789,62.59000015258789,58.459999084472656,61.959999084472656,993237.0
2019-09-18,58.11000061035156,59.43000030517578,57.66999816894531,58.810001373291016,216961.0
2019-09-19,58.130001068115234,59.540000915527344,58.0099983215332,58.20000076293945,112327.0
2019-09-20,58.09000015258789,59.099998474121094,57.790000915527344,58.650001525878906,576019.0
2019-09-21,58.09000015258789,59.099998474121094,57.790000915527344,58.650001525878906,576019.0
2019-09-22,58.09000015258789,59.099998474121094,57.790000915527344,58.650001525878906,576019.0
2019-09-23,58.63999938964844,59.38999938964844,57.369998931884766,59.25,526785.0
2019-09-24,57.290000915527344,58.4900016784668,56.689998626708984,58.439998626708984,591529.0
2019-09-25,56.4900016784668,57.02000045776367,55.54999923706055,56.70000076293945,563550.0
2019-09-26,56.40999984741211,56.84000015258789,55.40999984741211,56.689998626708984,599653.0
2019-09-27,55.90999984741211,56.7599983215332,54.75,56.5099983215332,712966.0
2019-09-28,55.90999984741211,56.7599983215332,54.75,56.5099983215332,712966.0
2019-09-29,55.90999984741211,56.7599983215332,54.75,56.5099983215332,712966.0
2019-09-30,54.06999969482422,56.56999969482422,53.97999954223633,56.540000915527344,532522.0
2019-10-01,53.619998931884766,54.84000015258789,53.04999923706055,54.279998779296875,589176.0
2019-10-02,52.63999938964844,54.41999816894531,52.16999816894531,54.0,590306.0
2019-10-03,52.45000076293945,52.90999984741211,50.9900016784668,52.470001220703125,642466.0
2019-10-04,52.810001373291016,53.349998474121094,52.040000915527344,52.290000915527344,541104.0
2019-10-05,52.810001373291016,53.349998474121094,52.040000915527344,52.290000915527344,541104.0
2019-10-06,52.810001373291016,53.349998474121094,52.040000915527344,52.290000915527344,541104.0
2019-10-07,52.75,54.060001373291016,52.59000015258789,52.689998626708984,549019.0
2019-10-08,52.630001068115234,53.27000045776367,51.810001373291016,52.810001373291016,658324.0
2019-10-09,52.59000015258789,53.7400016784668,52.310001373291016,52.56999969482422,632666.0
2019-10-10,53.54999923706055,53.970001220703125,51.380001068115234,52.689998626708984,613944.0
2019-10-11,54.70000076293945,54.93000030517578,53.63999938964844,53.880001068115234,467643.0
2019-10-12,54.70000076293945,54.93000030517578,53.63999938964844,53.880001068115234,467643.0
2019-10-13,54.70000076293945,54.93000030517578,53.63999938964844,53.880001068115234,467643.0
2019-10-14,53.59000015258789,54.900001525878906,52.77000045776367,54.900001525878906,467643.0
2019-10-15,52.810001373291016,53.790000915527344,52.38999938964844,53.5099983215332,511249.0
2019-10-16,53.36000061035156,53.7400016784668,52.52000045776367,52.91999816894531,451643.0
2019-10-17,53.93000030517578,54.15999984741211,52.619998931884766,52.9900016784668,418422.0
2019-10-18,53.779998779296875,54.619998931884766,53.349998474121094,54.09000015258789,174477.0
2019-10-19,53.779998779296875,54.619998931884766,53.349998474121094,54.09000015258789,174477.0
2019-10-20,53.779998779296875,54.619998931884766,53.349998474121094,54.09000015258789,174477.0
2019-10-21,53.310001373291016,54.029998779296875,52.709999084472656,53.709999084472656,95979.0
2019-10-22,54.15999984741211,54.619998931884766,53.099998474121094,53.38999938964844,506573.0
2019-10-23,55.970001220703125,56.06999969482422,53.619998931884766,54.29999923706055,620202.0
2019-10-24,56.22999954223633,56.5099983215332,55.40999984741211,55.900001525878906,480764.0
2019-10-25,56.65999984741211,56.7400016784668,55.599998474121094,56.06999969482422,445020.0
2019-10-26,56.65999984741211,56.7400016784668,55.599998474121094,56.06999969482422,445020.0
2019-10-27,56.65999984741211,56.7400016784668,55.599998474121094,56.06999969482422,445020.0
2019-10-28,55.810001373291016,56.91999816894531,55.58000183105469,56.650001525878906,437020.0
2019-10-29,55.540000915527344,55.90999984741211,54.61000061035156,55.79999923706055,521457.0
2019-10-30,55.060001373291016,55.72999954223633,54.41999816894531,55.529998779296875,659328.0
2019-10-31,54.18000030517578,55.59000015258789,53.709999084472656,54.900001525878906,677419.0
2019-11-01,56.20000076293945,56.33000183105469,54.06999969482422,54.150001525878906,538117.0
2019-11-02,56.20000076293945,56.33000183105469,54.06999969482422,54.150001525878906,538117.0
2019-11-03,56.20000076293945,56.33000183105469,54.06999969482422,54.150001525878906,538117.0
2019-11-04,56.540000915527344,57.43000030517578,55.83000183105469,56.40999984741211,580350.0
2019-11-05,57.22999954223633,57.5,56.29999923706055,56.560001373291016,435319.0
2019-11-06,56.349998474121094,57.849998474121094,56.11000061035156,57.2599983215332,623258.0
2019-11-07,57.150001525878906,57.880001068115234,56.27000045776367,56.349998474121094,678165.0
2019-11-08,57.2400016784668,57.47999954223633,55.7599983215332,57.08000183105469,636941.0
2019-11-09,57.2400016784668,57.47999954223633,55.7599983215332,57.08000183105469,636941.0
2019-11-10,57.2400016784668,57.47999954223633,55.7599983215332,57.08000183105469,636941.0
2019-11-11,56.86000061035156,57.400001525878906,56.25,57.400001525878906,498981.0
2019-11-12,56.79999923706055,57.54999923706055,56.540000915527344,56.88999938964844,586568.0
2019-11-13,57.119998931884766,57.529998779296875,56.20000076293945,56.790000915527344,547635.0
2019-11-14,56.77000045776367,57.790000915527344,56.630001068115234,57.38999938964844,516832.0
2019-11-15,57.720001220703125,57.970001220703125,56.43000030517578,56.90999984741211,375993.0
2019-11-16,57.720001220703125,57.970001220703125,56.43000030517578,56.90999984741211,375993.0
2019-11-17,57.720001220703125,57.970001220703125,56.43000030517578,56.90999984741211,375993.0
2019-11-18,57.04999923706055,58.09000015258789,56.54999923706055,57.880001068115234,159328.0
2019-11-19,55.209999084472656,57.11000061035156,55.040000915527344,56.900001525878906,121214.0
2019-11-20,57.11000061035156,57.25,54.7599983215332,55.15999984741211,674891.0
2019-11-21,58.58000183105469,58.66999816894531,56.599998474121094,57.0,593533.0
2019-11-22,57.77000045776367,58.7400016784668,57.5,58.310001373291016,508244.0
2019-11-23,57.77000045776367,58.7400016784668,57.5,58.310001373291016,508244.0
2019-11-24,57.77000045776367,58.7400016784668,57.5,58.310001373291016,508244.0
2019-11-25,58.0099983215332,58.150001525878906,57.209999084472656,57.91999816894531,420642.0
2019-11-26,58.40999984741211,58.560001373291016,57.7599983215332,57.91999816894531,443816.0
2019-11-27,58.11000061035156,58.68000030517578,57.5099983215332,58.27000045776367,454256.0
2019-11-28,58.11000061035156,58.68000030517578,57.5099983215332,58.27000045776367,454256.0
2019-11-29,55.16999816894531,58.29999923706055,55.02000045776367,58.130001068115234,718724.0
2019-11-30,55.16999816894531,58.29999923706055,55.02000045776367,58.130001068115234,718724.0
2019-12-01,55.16999816894531,58.29999923706055,55.02000045776367,58.130001068115234,718724.0
2019-12-02,55.959999084472656,56.66999816894531,55.41999816894531,55.470001220703125,616423.0
2019-12-03,56.099998474121094,56.79999923706055,55.349998474121094,55.959999084472656,560554.0
2019-12-04,58.43000030517578,58.65999984741211,56.279998779296875,56.43000030517578,760541.0
2019-12-05,58.43000030517578,59.119998931884766,58.099998474121094,58.36000061035156,649461.0
2019-12-06,59.20000076293945,59.849998474121094,57.70000076293945,58.31999969482422,679609.0
2019-12-07,59.20000076293945,59.849998474121094,57.70000076293945,58.31999969482422,679609.0
2019-12-08,59.20000076293945,59.849998474121094,57.70000076293945,58.31999969482422,679609.0
2019-12-09,59.02000045776367,59.25,58.22999954223633,59.11000061035156,511561.0
2019-12-10,59.2400016784668,59.52000045776367,58.52000045776367,58.91999816894531,566822.0
2019-12-11,58.7599983215332,59.220001220703125,58.11000061035156,59.060001373291016,589650.0
2019-12-12,59.18000030517578,59.720001220703125,58.75,58.880001068115234,530851.0
2019-12-13,60.06999969482422,60.47999954223633,59.27000045776367,59.36000061035156,512288.0
2019-12-14,60.06999969482422,60.47999954223633,59.27000045776367,59.36000061035156,512288.0
2019-12-15,60.06999969482422,60.47999954223633,59.27000045776367,59.36000061035156,512288.0
2019-12-16,60.209999084472656,60.34000015258789,59.709999084472656,59.869998931884766,347395.0
2019-12-17,60.939998626708984,61.060001373291016,60.029998779296875,60.22999954223633,163744.0
2019-12-18,60.93000030517578,61.18000030517578,60.31999969482422,60.54999923706055,131071.0
2019-12-19,61.220001220703125,61.470001220703125,60.790000915527344,60.86000061035156,426341.0
2019-12-20,60.439998626708984,61.20000076293945,60.02000045776367,61.11000061035156,552517.0
2019-12-21,60.439998626708984,61.20000076293945,60.02000045776367,61.11000061035156,552517.0
2019-12-22,60.439998626708984,61.20000076293945,60.02000045776367,61.11000061035156,552517.0
2019-12-23,60.52000045776367,60.77000045776367,60.099998474121094,60.40999984741211,314711.0
2019-12-24,61.11000061035156,61.15999984741211,60.470001220703125,60.630001068115234,204535.0
2019-12-25,61.11000061035156,61.15999984741211,60.470001220703125,60.630001068115234,204535.0
2019-12-26,61.68000030517578,61.83000183105469,61.060001373291016,61.20000076293945,265091.0
2019-12-27,61.720001220703125,61.970001220703125,61.2400016784668,61.72999954223633,351899.0
2019-12-28,61.720001220703125,61.970001220703125,61.2400016784668,61.72999954223633,351899.0
2019-12-29,61.720001220703125,61.970001220703125,61.2400016784668,61.72999954223633,351899.0
2019-12-30,61.68000030517578,62.34000015258789,61.09000015258789,61.709999084472656,427149.0
2019-12-31,61.060001373291016,61.880001068115234,60.630001068115234,61.68000030517578,494535.0
2020-01-01,61.060001373291016,61.880001068115234,60.630001068115234,61.68000030517578,494535.0
2020-01-02,61.18000030517578,61.599998474121094,60.63999938964844,61.599998474121094,486873.0
2020-01-03,63.04999923706055,64.08999633789062,61.130001068115234,61.18000030517578,885861.0
2020-01-04,63.04999923706055,64.08999633789062,61.130001068115234,61.18000030517578,885861.0
2020-01-05,63.04999923706055,64.08999633789062,61.130001068115234,61.18000030517578,885861.0
2020-01-06,63.27000045776367,64.72000122070312,62.63999938964844,63.709999084472656,724236.0
2020-01-07,62.70000076293945,63.150001525878906,62.11000061035156,62.90999984741211,582649.0
2020-01-08,59.61000061035156,65.6500015258789,59.150001525878906,62.84000015258789,1205710.0
2020-01-09,59.560001373291016,60.310001373291016,58.65999984741211,59.9900016784668,750933.0
2020-01-10,59.040000915527344,59.779998779296875,58.849998474121094,59.61000061035156,596186.0
2020-01-11,59.040000915527344,59.779998779296875,58.849998474121094,59.61000061035156,596186.0
2020-01-12,59.040000915527344,59.779998779296875,58.849998474121094,59.61000061035156,596186.0
2020-01-13,58.08000183105469,59.27000045776367,57.90999984741211,59.040000915527344,584002.0
2020-01-14,58.22999954223633,58.720001220703125,57.720001220703125,58.029998779296875,507714.0
2020-01-15,57.810001373291016,58.36000061035156,57.36000061035156,58.20000076293945,433169.0
2020-01-16,58.52000045776367,58.869998931884766,57.560001373291016,58.099998474121094,182871.0
2020-01-17,58.540000915527344,58.97999954223633,58.27000045776367,58.59000015258789,122561.0
2020-01-18,58.540000915527344,58.97999954223633,58.27000045776367,58.59000015258789,122561.0
2020-01-19,58.540000915527344,58.97999954223633,58.27000045776367,58.59000015258789,122561.0
2020-01-20,58.540000915527344,58.97999954223633,58.27000045776367,58.59000015258789,122561.0
2020-01-21,58.34000015258789,59.72999954223633,57.68000030517578,59.16999816894531,648335.0
2020-01-22,56.7400016784668,58.380001068115234,56.029998779296875,58.2599983215332,620119.0
2020-01-23,55.59000015258789,56.27000045776367,54.77000045776367,56.11000061035156,703995.0
2020-01-24,54.189998626708984,55.95000076293945,53.849998474121094,55.689998626708984,586195.0
2020-01-25,54.189998626708984,55.95000076293945,53.849998474121094,55.689998626708984,586195.0
2020-01-26,54.189998626708984,55.95000076293945,53.849998474121094,55.689998626708984,586195.0
2020-01-27,53.13999938964844,53.709999084472656,52.130001068115234,53.70000076293945,712880.0
2020-01-28,53.47999954223633,54.060001373291016,52.68000030517578,52.77000045776367,633963.0
2020-01-29,53.33000183105469,54.369998931884766,52.810001373291016,53.970001220703125,624979.0
2020-01-30,52.13999938964844,53.20000076293945,51.65999984741211,53.09000015258789,720123.0
2020-01-31,51.560001373291016,53.36000061035156,50.970001220703125,52.91999816894531,827907.0
2020-02-01,51.560001373291016,53.36000061035156,50.970001220703125,52.91999816894531,827907.0
2020-02-02,51.560001373291016,53.36000061035156,50.970001220703125,52.91999816894531,827907.0
2020-02-03,50.11000061035156,51.970001220703125,49.79999923706055,51.0099983215332,876044.0
2020-02-04,49.61000061035156,51.54999923706055,49.310001373291016,49.939998626708984,859357.0
2020-02-05,50.75,51.880001068115234,49.470001220703125,49.5099983215332,887946.0
2020-02-06,50.95000076293945,52.20000076293945,50.2400016784668,51.16999816894531,750659.0
2020-02-07,50.31999969482422,51.47999954223633,50.09000015258789,51.11000061035156,768345.0
2020-02-08,50.31999969482422,51.47999954223633,50.09000015258789,51.11000061035156,768345.0
2020-02-09,50.31999969482422,51.47999954223633,50.09000015258789,51.11000061035156,768345.0
2020-02-10,49.56999969482422,50.4900016784668,49.41999816894531,50.119998931884766,715894.0
2020-02-11,49.939998626708984,50.689998626708984,49.58000183105469,49.61000061035156,725733.0
2020-02-12,51.16999816894531,51.72999954223633,49.95000076293945,49.959999084472656,795256.0
2020-02-13,51.41999816894531,51.959999084472656,50.599998474121094,51.720001220703125,745400.0
2020-02-14,52.04999923706055,52.34000015258789,51.31999969482422,51.5099983215332,607343.0
2020-02-15,52.04999923706055,52.34000015258789,51.31999969482422,51.5099983215332,607343.0
2020-02-16,52.04999923706055,52.34000015258789,51.31999969482422,51.5099983215332,607343.0
2020-02-17,52.04999923706055,52.34000015258789,51.31999969482422,51.5099983215332,607343.0
2020-02-18,52.04999923706055,52.40999984741211,50.880001068115234,52.22999954223633,221774.0
2020-02-19,53.290000915527344,53.65999984741211,51.93000030517578,52.119998931884766,113683.0
2020-02-20,53.779998779296875,54.5,53.220001220703125,53.5,676179.0
2020-02-21,53.380001068115234,53.86000061035156,52.54999923706055,53.7400016784668,707555.0
2020-02-22,53.380001068115234,53.86000061035156,52.54999923706055,53.7400016784668,707555.0
2020-02-23,53.380001068115234,53.86000061035156,52.54999923706055,53.7400016784668,707555.0
2020-02-24,51.43000030517578,52.63999938964844,50.45000076293945,52.599998474121094,765515.0
2020-02-25,49.900001525878906,52.02000045776367,49.689998626708984,51.369998931884766,764989.0
2020-02-26,48.72999954223633,50.439998626708984,48.29999923706055,50.08000183105469,884482.0
2020-02-27,47.09000015258789,48.779998779296875,45.880001068115234,48.630001068115234,1011915.0
2020-02-28,44.7599983215332,47.029998779296875,43.849998474121094,46.4900016784668,1101659.0
2020-02-29,44.7599983215332,47.029998779296875,43.849998474121094,46.4900016784668,1101659.0
2020-03-01,44.7599983215332,47.029998779296875,43.849998474121094,46.4900016784668,1101659.0
2020-03-02,46.75,47.560001373291016,43.31999969482422,43.70000076293945,949471.0
2020-03-03,47.18000030517578,48.65999984741211,46.470001220703125,47.720001220703125,1011933.0
2020-03-04,46.779998779296875,48.40999984741211,46.650001525878906,46.939998626708984,745856.0
2020-03-05,45.900001525878906,47.56999969482422,45.650001525878906,47.130001068115234,704591.0
2020-03-06,41.279998779296875,46.380001068115234,41.04999923706055,46.09000015258789,1276180.0
2020-03-07,41.279998779296875,46.380001068115234,41.04999923706055,46.09000015258789,1276180.0
2020-03-08,41.279998779296875,46.380001068115234,41.04999923706055,46.09000015258789,1276180.0
2020-03-09,31.1299991607666,34.880001068115234,27.34000015258789,32.869998931884766,1774383.0
2020-03-10,34.36000061035156,35.02000045776367,30.200000762939453,30.3700008392334,1064632.0
2020-03-11,32.97999954223633,36.349998474121094,32.560001373291016,34.619998931884766,874646.0
2020-03-12,31.5,33.630001068115234,30.020000457763672,33.06999969482422,1025036.0
2020-03-13,31.729999542236328,33.869998931884766,30.329999923706055,30.770000457763672,743129.0
2020-03-14,31.729999542236328,33.869998931884766,30.329999923706055,30.770000457763672,743129.0
2020-03-15,31.729999542236328,33.869998931884766,30.329999923706055,30.770000457763672,743129.0
2020-03-16,28.700000762939453,33.75,28.100000381469727,33.75,698829.0
2020-03-17,26.950000762939453,30.299999237060547,26.6299991607666,28.690000534057617,545820.0
2020-03-18,20.3700008392334,27.219999313354492,20.059999465942383,26.940000534057617,309481.0
2020-03-19,25.219999313354492,27.709999084472656,21.360000610351562,22.299999237060547,136722.0
2020-03-20,22.43000030517578,27.889999389648438,19.459999084472656,24.729999542236328,1133808.0
2020-03-21,22.43000030517578,27.889999389648438,19.459999084472656,24.729999542236328,1133808.0
2020-03-22,22.43000030517578,27.889999389648438,19.459999084472656,24.729999542236328,1133808.0
2020-03-23,23.360000610351562,24.06999969482422,20.799999237060547,22.520000457763672,852951.0
2020-03-24,24.010000228881836,25.15999984741211,23.09000015258789,23.8700008392334,659697.0
2020-03-25,24.489999771118164,25.239999771118164,22.90999984741211,24.3700008392334,618725.0
2020-03-26,22.600000381469727,24.649999618530273,22.3799991607666,24.25,633877.0
2020-03-27,21.510000228881836,23.440000534057617,20.8799991607666,23.290000915527344,603124.0
2020-03-28,21.510000228881836,23.440000534057617,20.8799991607666,23.290000915527344,603124.0
2020-03-29,21.510000228881836,23.440000534057617,20.8799991607666,23.290000915527344,603124.0
2020-03-30,20.09000015258789,20.93000030517578,19.270000457763672,20.93000030517578,758711.0
2020-03-31,20.479999542236328,21.889999389648438,20.010000228881836,20.229999542236328,660082.0
2020-04-01,20.309999465942383,21.549999237060547,19.899999618530273,20.100000381469727,703286.0
2020-04-02,25.31999969482422,27.389999389648438,20.760000228881836,21.219999313354492,1095972.0
2020-04-03,28.34000015258789,29.1299991607666,23.520000457763672,24.809999465942383,1007577.0
2020-04-04,28.34000015258789,29.1299991607666,23.520000457763672,24.809999465942383,1007577.0
2020-04-05,28.34000015258789,29.1299991607666,23.520000457763672,24.809999465942383,1007577.0
2020-04-06,26.079999923706055,28.239999771118164,25.280000686645508,26.09000015258789,752710.0
2020-04-07,23.6299991607666,27.239999771118164,23.540000915527344,26.34000015258789,797707.0
2020-04-08,25.09000015258789,26.450000762939453,23.739999771118164,24.299999237060547,823554.0
2020-04-09,22.760000228881836,28.360000610351562,22.56999969482422,26.280000686645508,1122149.0
2020-04-10,22.760000228881836,28.360000610351562,22.56999969482422,26.280000686645508,1122149.0
2020-04-11,22.760000228881836,28.360000610351562,22.56999969482422,26.280000686645508,1122149.0
2020-04-12,22.760000228881836,28.360000610351562,22.56999969482422,26.280000686645508,1122149.0
2020-04-13,22.40999984741211,24.739999771118164,22.030000686645508,24.600000381469727,775120.0
2020-04-14,20.110000610351562,23.079999923706055,19.950000762939453,22.360000610351562,785478.0
2020-04-15,19.8700008392334,20.889999389648438,19.200000762939453,20.719999313354492,544797.0
2020-04-16,19.8700008392334,20.530000686645508,19.420000076293945,20.149999618530273,350942.0
2020-04-17,18.270000457763672,20.219999313354492,17.309999465942383,20.0,240628.0
2020-04-18,18.270000457763672,20.219999313354492,17.309999465942383,20.0,240628.0
2020-04-19,18.270000457763672,20.219999313354492,17.309999465942383,20.0,240628.0
2020-04-20,-37.630001068115234,17.850000381469727,-40.31999969482422,17.729999542236328,247947.0
2020-04-21,10.010000228881836,13.859999656677246,-16.739999771118164,-14.0,2288230.0
2020-04-22,13.779999732971191,16.18000030517578,10.260000228881836,13.119999885559082,1235218.0
2020-04-23,16.5,18.260000228881836,13.350000381469727,14.199999809265137,833584.0
2020-04-24,16.940000534057617,17.969999313354492,15.640000343322754,16.780000686645508,600220.0
2020-04-25,16.940000534057617,17.969999313354492,15.640000343322754,16.780000686645508,600220.0
2020-04-26,16.940000534057617,17.969999313354492,15.640000343322754,16.780000686645508,600220.0
2020-04-27,12.779999732971191,16.979999542236328,11.880000114440918,16.84000015258789,623201.0
2020-04-28,12.34000015258789,13.6899995803833,10.069999694824219,12.960000038146973,897087.0
2020-04-29,15.0600004196167,16.780000686645508,12.670000076293945,13.350000381469727,554134.0
2020-04-30,18.84000015258789,19.440000534057617,15.449999809265137,15.640000343322754,545344.0
2020-05-01,19.780000686645508,20.479999542236328,18.06999969482422,19.040000915527344,403201.0
2020-05-02,19.780000686645508,20.479999542236328,18.06999969482422,19.040000915527344,403201.0
2020-05-03,19.780000686645508,20.479999542236328,18.06999969482422,19.040000915527344,403201.0
2020-05-04,20.389999389648438,21.420000076293945,18.049999237060547,19.110000610351562,311488.0
2020-05-05,24.559999465942383,25.489999771118164,21.1299991607666,21.239999771118164,387240.0
2020-05-06,23.989999771118164,26.079999923706055,22.579999923706055,25.520000457763672,381165.0
2020-05-07,23.549999237060547,26.739999771118164,22.940000534057617,24.09000015258789,310261.0
2020-05-08,24.739999771118164,24.989999771118164,23.260000228881836,23.350000381469727,205181.0
2020-05-09,24.739999771118164,24.989999771118164,23.260000228881836,23.350000381469727,205181.0
2020-05-10,24.739999771118164,24.989999771118164,23.260000228881836,23.350000381469727,205181.0
2020-05-11,24.139999389648438,25.579999923706055,23.670000076293945,24.489999771118164,179591.0
2020-05-12,25.780000686645508,26.229999542236328,24.219999313354492,24.489999771118164,212335.0
2020-05-13,25.290000915527344,26.450000762939453,24.790000915527344,25.299999237060547,150864.0
2020-05-14,27.559999465942383,27.959999084472656,25.18000030517578,25.559999465942383,160507.0
2020-05-15,29.43000030517578,29.920000076293945,27.239999771118164,27.639999389648438,108016.0
2020-05-16,29.43000030517578,29.920000076293945,27.239999771118164,27.639999389648438,108016.0
2020-05-17,29.43000030517578,29.920000076293945,27.239999771118164,27.639999389648438,108016.0
2020-05-18,31.81999969482422,33.31999969482422,29.530000686645508,29.530000686645508,89376.0
2020-05-19,32.5,33.439998626708984,31.34000015258789,32.83000183105469,430823.0
2020-05-20,33.4900016784668,33.779998779296875,31.559999465942383,31.889999389648438,406431.0
2020-05-21,33.91999816894531,34.65999984741211,33.2599983215332,33.529998779296875,372814.0
2020-05-22,33.25,34.0,30.719999313354492,33.95000076293945,429036.0
2020-05-23,33.25,34.0,30.719999313354492,33.95000076293945,429036.0
2020-05-24,33.25,34.0,30.719999313354492,33.95000076293945,429036.0
2020-05-25,33.25,34.0,30.719999313354492,33.95000076293945,429036.0
2020-05-26,34.349998474121094,34.810001373291016,32.47999954223633,33.29999923706055,466737.0
2020-05-27,32.810001373291016,34.31999969482422,31.75,34.13999938964844,415246.0
2020-05-28,33.709999084472656,34.209999084472656,31.139999389648438,32.099998474121094,440168.0
2020-05-29,35.4900016784668,35.77000045776367,32.36000061035156,33.68000030517578,443647.0
2020-05-30,35.4900016784668,35.77000045776367,32.36000061035156,33.68000030517578,443647.0
2020-05-31,35.4900016784668,35.77000045776367,32.36000061035156,33.68000030517578,443647.0
2020-06-01,35.439998626708984,35.900001525878906,34.27000045776367,35.209999084472656,385710.0
2020-06-02,36.810001373291016,37.060001373291016,35.279998779296875,35.560001373291016,343483.0
2020-06-03,37.290000915527344,38.18000030517578,35.880001068115234,36.86000061035156,494253.0
2020-06-04,37.40999984741211,37.619998931884766,36.380001068115234,36.7599983215332,307612.0
2020-06-05,39.54999923706055,39.68000030517578,37.04999923706055,37.33000183105469,396856.0
2020-06-06,39.54999923706055,39.68000030517578,37.04999923706055,37.33000183105469,396856.0
2020-06-07,39.54999923706055,39.68000030517578,37.04999923706055,37.33000183105469,396856.0
2020-06-08,38.189998626708984,40.439998626708984,37.959999084472656,39.40999984741211,416639.0
2020-06-09,38.939998626708984,39.099998474121094,37.06999969482422,38.220001220703125,396033.0
2020-06-10,39.599998474121094,39.90999984741211,37.72999954223633,38.5,385868.0
2020-06-11,36.34000015258789,39.09000015258789,35.40999984741211,39.09000015258789,513912.0
2020-06-12,36.2599983215332,36.9900016784668,34.47999954223633,36.2599983215332,406508.0
2020-06-13,36.2599983215332,36.9900016784668,34.47999954223633,36.2599983215332,406508.0
2020-06-14,36.2599983215332,36.9900016784668,34.47999954223633,36.2599983215332,406508.0
2020-06-15,37.119998931884766,37.2599983215332,34.36000061035156,36.029998779296875,387546.0
2020-06-16,38.380001068115234,39.060001373291016,36.380001068115234,37.04999923706055,366323.0
2020-06-17,37.959999084472656,38.75,37.209999084472656,37.93000030517578,239516.0
2020-06-18,38.84000015258789,38.970001220703125,37.11000061035156,37.7400016784668,113384.0
2020-06-19,39.75,40.4900016784668,38.400001525878906,38.849998474121094,64113.0
2020-06-20,39.75,40.4900016784668,38.400001525878906,38.849998474121094,64113.0
2020-06-21,39.75,40.4900016784668,38.400001525878906,38.849998474121094,64113.0
2020-06-22,40.459999084472656,40.70000076293945,39.119998931884766,39.18000030517578,315264.0
2020-06-23,40.369998931884766,41.630001068115234,39.7599983215332,40.68000030517578,368730.0
2020-06-24,38.0099983215332,40.540000915527344,37.310001373291016,39.9900016784668,499490.0
2020-06-25,38.720001220703125,39.22999954223633,37.08000183105469,38.04999923706055,451640.0
2020-06-26,38.4900016784668,39.349998474121094,37.790000915527344,39.09000015258789,356712.0
2020-06-27,38.4900016784668,39.349998474121094,37.790000915527344,39.09000015258789,356712.0
2020-06-28,38.4900016784668,39.349998474121094,37.790000915527344,39.09000015258789,356712.0
2020-06-29,39.70000076293945,39.88999938964844,37.5,37.959999084472656,343913.0
2020-06-30,39.27000045776367,40.08000183105469,38.849998474121094,39.63999938964844,370059.0
2020-07-01,39.81999969482422,40.58000183105469,39.04999923706055,39.84000015258789,407170.0
2020-07-02,40.650001525878906,40.7400016784668,39.459999084472656,39.779998779296875,347096.0
2020-07-03,40.650001525878906,40.7400016784668,39.459999084472656,39.779998779296875,347096.0
2020-07-04,40.650001525878906,40.7400016784668,39.459999084472656,39.779998779296875,347096.0
2020-07-05,40.650001525878906,40.7400016784668,39.459999084472656,39.779998779296875,347096.0
2020-07-06,40.630001068115234,41.08000183105469,39.84000015258789,40.380001068115234,373236.0
2020-07-07,40.619998931884766,40.95000076293945,39.900001525878906,40.68000030517578,256596.0
2020-07-08,40.900001525878906,41.08000183105469,40.29999923706055,40.47999954223633,286740.0
2020-07-09,39.619998931884766,40.9900016784668,39.27000045776367,40.869998931884766,367386.0
2020-07-10,40.54999923706055,40.77000045776367,38.540000915527344,39.58000183105469,393149.0
2020-07-11,40.54999923706055,40.77000045776367,38.540000915527344,39.58000183105469,393149.0
2020-07-12,40.54999923706055,40.77000045776367,38.540000915527344,39.58000183105469,393149.0
2020-07-13,40.099998474121094,40.720001220703125,39.470001220703125,40.349998474121094,370715.0
2020-07-14,40.290000915527344,40.56999969482422,39.06999969482422,39.599998474121094,426971.0
2020-07-15,41.20000076293945,41.2599983215332,40.08000183105469,40.54999923706055,352542.0
2020-07-16,40.75,41.18000030517578,40.52000045776367,40.970001220703125,200101.0
2020-07-17,40.59000015258789,40.900001525878906,40.02000045776367,40.720001220703125,88220.0
2020-07-18,40.59000015258789,40.900001525878906,40.02000045776367,40.720001220703125,88220.0
2020-07-19,40.59000015258789,40.900001525878906,40.02000045776367,40.720001220703125,88220.0
2020-07-20,40.810001373291016,40.90999984741211,39.83000183105469,40.63999938964844,60179.0
2020-07-21,41.959999084472656,42.400001525878906,40.63999938964844,40.650001525878906,389117.0
2020-07-22,41.900001525878906,42.029998779296875,41.13999938964844,41.540000915527344,333647.0
2020-07-23,41.06999969482422,42.36000061035156,40.83000183105469,41.95000076293945,389412.0
2020-07-24,41.290000915527344,41.66999816894531,40.65999984741211,41.060001373291016,353159.0
2020-07-25,41.290000915527344,41.66999816894531,40.65999984741211,41.060001373291016,353159.0
2020-07-26,41.290000915527344,41.66999816894531,40.65999984741211,41.060001373291016,353159.0
2020-07-27,41.599998474121094,41.81999969482422,40.47999954223633,41.2599983215332,377714.0
2020-07-28,41.040000915527344,41.93000030517578,40.849998474121094,41.650001525878906,276804.0
2020-07-29,41.27000045776367,41.56999969482422,40.93000030517578,41.130001068115234,295855.0
2020-07-30,39.91999816894531,41.38999938964844,38.720001220703125,41.31999969482422,487325.0
2020-07-31,40.27000045776367,40.54999923706055,39.65999984741211,40.34000015258789,318788.0
2020-08-01,40.27000045776367,40.54999923706055,39.65999984741211,40.34000015258789,318788.0
2020-08-02,40.27000045776367,40.54999923706055,39.65999984741211,40.34000015258789,318788.0
2020-08-03,41.0099983215332,41.2400016784668,39.58000183105469,40.38999938964844,338326.0
2020-08-04,41.70000076293945,42.08000183105469,40.13999938964844,40.779998779296875,451575.0
2020-08-05,42.189998626708984,43.52000045776367,41.470001220703125,41.560001373291016,491268.0
2020-08-06,41.95000076293945,42.650001525878906,41.61000061035156,42.189998626708984,359610.0
2020-08-07,41.220001220703125,42.220001220703125,41.060001373291016,41.970001220703125,398997.0
2020-08-08,41.220001220703125,42.220001220703125,41.060001373291016,41.970001220703125,398997.0
2020-08-09,41.220001220703125,42.220001220703125,41.060001373291016,41.970001220703125,398997.0
2020-08-10,41.939998626708984,42.33000183105469,41.16999816894531,41.5,367796.0
2020-08-11,41.61000061035156,42.939998626708984,41.47999954223633,41.97999954223633,432843.0
2020-08-12,42.66999816894531,42.900001525878906,41.529998779296875,41.619998931884766,397831.0
2020-08-13,42.2400016784668,42.84000015258789,42.09000015258789,42.56999969482422,329507.0
2020-08-14,42.0099983215332,42.56999969482422,41.619998931884766,42.33000183105469,310866.0
2020-08-15,42.0099983215332,42.56999969482422,41.619998931884766,42.33000183105469,310866.0
2020-08-16,42.0099983215332,42.56999969482422,41.619998931884766,42.33000183105469,310866.0
2020-08-17,42.88999938964844,42.970001220703125,41.79999923706055,42.2400016784668,208429.0
2020-08-18,42.88999938964844,42.9900016784668,42.11000061035156,42.790000915527344,111628.0
2020-08-19,42.93000030517578,43.029998779296875,42.36000061035156,42.599998474121094,81299.0
2020-08-20,42.58000183105469,42.790000915527344,41.5,42.7400016784668,377070.0
2020-08-21,42.34000015258789,42.959999084472656,41.459999084472656,42.75,345368.0
2020-08-22,42.34000015258789,42.959999084472656,41.459999084472656,42.75,345368.0
2020-08-23,42.34000015258789,42.959999084472656,41.459999084472656,42.75,345368.0
2020-08-24,42.619998931884766,42.88999938964844,42.22999954223633,42.47999954223633,294731.0
2020-08-25,43.349998474121094,43.56999969482422,42.310001373291016,42.36000061035156,330800.0
2020-08-26,43.38999938964844,43.779998779296875,43.0,43.38999938964844,262243.0
2020-08-27,43.040000915527344,43.5,42.36000061035156,43.45000076293945,320968.0
2020-08-28,42.970001220703125,43.41999816894531,42.689998626708984,42.97999954223633,272800.0
2020-08-29,42.970001220703125,43.41999816894531,42.689998626708984,42.97999954223633,272800.0
2020-08-30,42.970001220703125,43.41999816894531,42.689998626708984,42.97999954223633,272800.0
2020-08-31,42.61000061035156,43.56999969482422,42.560001373291016,42.90999984741211,236877.0
2020-09-01,42.7599983215332,43.43000030517578,42.720001220703125,42.83000183105469,285146.0
2020-09-02,41.5099983215332,43.209999084472656,41.22999954223633,43.02000045776367,421771.0
2020-09-03,41.369998931884766,41.790000915527344,40.220001220703125,41.630001068115234,417634.0
2020-09-04,39.77000045776367,41.869998931884766,39.349998474121094,41.25,444184.0
2020-09-05,39.77000045776367,41.869998931884766,39.349998474121094,41.25,444184.0
2020-09-06,39.77000045776367,41.869998931884766,39.349998474121094,41.25,444184.0
2020-09-07,39.77000045776367,41.869998931884766,39.349998474121094,41.25,444184.0
2020-09-08,36.7599983215332,39.59000015258789,36.130001068115234,39.47999954223633,720975.0
2020-09-09,38.04999923706055,38.45000076293945,36.15999984741211,36.790000915527344,455356.0
2020-09-10,37.29999923706055,38.18000030517578,36.93000030517578,37.79999923706055,367555.0
2020-09-11,37.33000183105469,37.81999969482422,36.66999816894531,37.0099983215332,363787.0
2020-09-12,37.33000183105469,37.81999969482422,36.66999816894531,37.0099983215332,363787.0
2020-09-13,37.33000183105469,37.81999969482422,36.66999816894531,37.0099983215332,363787.0
2020-09-14,37.2599983215332,37.68000030517578,36.81999969482422,37.31999969482422,347563.0
2020-09-15,38.279998779296875,38.56999969482422,37.060001373291016,37.279998779296875,348861.0
2020-09-16,40.15999984741211,40.34000015258789,38.349998474121094,38.349998474121094,367612.0
2020-09-17,40.970001220703125,41.220001220703125,39.41999816894531,40.189998626708984,280669.0
2020-09-18,41.11000061035156,41.4900016784668,40.29999923706055,40.970001220703125,85906.0
2020-09-19,41.11000061035156,41.4900016784668,40.29999923706055,40.970001220703125,85906.0
2020-09-20,41.11000061035156,41.4900016784668,40.29999923706055,40.970001220703125,85906.0
2020-09-21,39.310001373291016,41.27000045776367,38.65999984741211,40.97999954223633,66195.0
2020-09-22,39.599998474121094,40.02000045776367,39.0,39.630001068115234,287807.0
2020-09-23,39.93000030517578,40.75,39.2599983215332,39.7599983215332,318754.0
2020-09-24,40.310001373291016,40.369998931884766,39.119998931884766,39.599998474121094,269992.0
2020-09-25,40.25,40.63999938964844,39.709999084472656,40.150001525878906,229025.0
2020-09-26,40.25,40.63999938964844,39.709999084472656,40.150001525878906,229025.0
2020-09-27,40.25,40.63999938964844,39.709999084472656,40.150001525878906,229025.0
2020-09-28,40.599998474121094,40.79999923706055,39.779998779296875,40.06999969482422,226425.0
2020-09-29,39.290000915527344,40.70000076293945,38.40999984741211,40.58000183105469,379599.0
2020-09-30,40.220001220703125,40.369998931884766,38.68000030517578,39.15999984741211,340294.0
2020-10-01,38.720001220703125,40.470001220703125,37.61000061035156,39.900001525878906,443442.0
2020-10-02,37.04999923706055,38.650001525878906,36.630001068115234,38.599998474121094,391428.0
2020-10-03,37.04999923706055,38.650001525878906,36.630001068115234,38.599998474121094,391428.0
2020-10-04,37.04999923706055,38.650001525878906,36.630001068115234,38.599998474121094,391428.0
2020-10-05,39.220001220703125,39.720001220703125,37.0,37.0,378579.0
2020-10-06,40.66999816894531,40.86000061035156,39.099998474121094,39.349998474121094,400531.0
2020-10-07,39.95000076293945,40.349998474121094,39.279998779296875,39.83000183105469,433065.0
2020-10-08,41.189998626708984,41.33000183105469,39.7599983215332,39.9900016784668,409787.0
2020-10-09,40.599998474121094,41.470001220703125,40.380001068115234,41.310001373291016,331703.0
2020-10-10,40.599998474121094,41.470001220703125,40.380001068115234,41.310001373291016,331703.0
2020-10-11,40.599998474121094,41.470001220703125,40.380001068115234,41.310001373291016,331703.0
2020-10-12,39.43000030517578,40.45000076293945,39.040000915527344,40.400001525878906,322035.0
2020-10-13,40.20000076293945,40.529998779296875,39.349998474121094,39.529998779296875,375470.0
2020-10-14,41.040000915527344,41.15999984741211,39.81999969482422,40.189998626708984,328295.0
2020-10-15,40.959999084472656,41.290000915527344,39.220001220703125,41.130001068115234,248251.0
2020-10-16,40.880001068115234,41.04999923706055,40.08000183105469,40.880001068115234,96488.0
2020-10-17,40.880001068115234,41.04999923706055,40.08000183105469,40.880001068115234,96488.0
2020-10-18,40.880001068115234,41.04999923706055,40.08000183105469,40.880001068115234,96488.0
2020-10-19,40.83000183105469,41.220001220703125,40.540000915527344,40.689998626708984,75335.0
2020-10-20,41.459999084472656,41.70000076293945,40.25,40.650001525878906,360574.0
2020-10-21,40.029998779296875,41.59000015258789,39.779998779296875,41.220001220703125,366899.0
2020-10-22,40.63999938964844,41.02000045776367,39.709999084472656,40.040000915527344,307494.0
2020-10-23,39.849998474121094,40.91999816894531,39.56999969482422,40.61000061035156,268931.0
2020-10-24,39.849998474121094,40.91999816894531,39.56999969482422,40.61000061035156,268931.0
2020-10-25,39.849998474121094,40.91999816894531,39.56999969482422,40.61000061035156,268931.0
2020-10-26,38.560001373291016,39.7400016784668,38.279998779296875,39.689998626708984,360184.0
2020-10-27,39.56999969482422,39.83000183105469,38.5099983215332,38.59000015258789,339535.0
2020-10-28,37.38999938964844,39.0099983215332,36.970001220703125,38.970001220703125,489954.0
2020-10-29,36.16999816894531,37.7599983215332,34.91999816894531,37.38999938964844,568816.0
2020-10-30,35.790000915527344,36.599998474121094,35.209999084472656,36.06999969482422,388971.0
2020-10-31,35.790000915527344,36.599998474121094,35.209999084472656,36.06999969482422,388971.0
2020-11-01,35.790000915527344,36.599998474121094,35.209999084472656,36.06999969482422,388971.0
2020-11-02,36.810001373291016,37.150001525878906,33.63999938964844,35.2400016784668,489204.0
2020-11-03,37.65999984741211,38.31999969482422,36.56999969482422,37.029998779296875,410611.0
2020-11-04,39.150001525878906,39.25,37.2599983215332,38.150001525878906,437000.0
2020-11-05,38.790000915527344,39.349998474121094,38.27000045776367,39.16999816894531,298366.0
2020-11-06,37.13999938964844,38.61000061035156,37.060001373291016,38.540000915527344,411026.0
2020-11-07,37.13999938964844,38.61000061035156,37.060001373291016,38.540000915527344,411026.0
2020-11-08,37.13999938964844,38.61000061035156,37.060001373291016,38.540000915527344,411026.0
2020-11-09,40.290000915527344,41.33000183105469,37.15999984741211,37.34000015258789,622921.0
2020-11-10,41.36000061035156,41.84000015258789,39.40999984741211,39.90999984741211,457045.0
2020-11-11,41.45000076293945,43.060001373291016,41.31999969482422,41.790000915527344,443772.0
2020-11-12,41.119998931884766,42.189998626708984,40.869998931884766,41.470001220703125,401031.0
2020-11-13,40.130001068115234,40.939998626708984,40.060001373291016,40.939998626708984,338187.0
2020-11-14,40.130001068115234,40.939998626708984,40.060001373291016,40.939998626708984,338187.0
2020-11-15,40.130001068115234,40.939998626708984,40.060001373291016,40.939998626708984,338187.0
2020-11-16,41.34000015258789,42.09000015258789,40.150001525878906,40.16999816894531,378785.0
2020-11-17,41.43000030517578,41.689998626708984,40.56999969482422,41.439998626708984,243677.0
2020-11-18,41.81999969482422,42.459999084472656,41.08000183105469,41.349998474121094,107013.0
2020-11-19,41.7400016784668,41.97999954223633,41.08000183105469,41.61000061035156,88144.0
2020-11-20,42.150001525878906,42.31999969482422,41.5099983215332,41.70000076293945,276340.0
2020-11-21,42.150001525878906,42.31999969482422,41.5099983215332,41.70000076293945,276340.0
2020-11-22,42.150001525878906,42.31999969482422,41.5099983215332,41.70000076293945,276340.0
2020-11-23,43.060001373291016,43.36000061035156,42.290000915527344,42.459999084472656,300717.0
2020-11-24,44.90999984741211,45.20000076293945,42.81999969482422,42.84000015258789,418527.0
2020-11-25,45.709999084472656,46.2599983215332,44.72999954223633,44.81999969482422,417182.0
2020-11-26,45.709999084472656,46.2599983215332,44.72999954223633,44.81999969482422,417182.0
2020-11-27,45.529998779296875,46.09000015258789,44.54999923706055,45.900001525878906,365128.0
2020-11-28,45.529998779296875,46.09000015258789,44.54999923706055,45.900001525878906,365128.0
2020-11-29,45.529998779296875,46.09000015258789,44.54999923706055,45.900001525878906,365128.0
2020-11-30,45.34000015258789,45.79999923706055,44.41999816894531,45.34000015258789,370755.0
2020-12-01,44.54999923706055,45.70000076293945,44.119998931884766,45.08000183105469,314919.0
2020-12-02,45.279998779296875,45.91999816894531,43.91999816894531,44.380001068115234,368854.0
2020-12-03,45.63999938964844,45.84000015258789,44.65999984741211,44.9900016784668,350768.0
2020-12-04,46.2599983215332,46.68000030517578,45.61000061035156,45.63999938964844,335453.0
2020-12-05,46.2599983215332,46.68000030517578,45.61000061035156,45.63999938964844,335453.0
2020-12-06,46.2599983215332,46.68000030517578,45.61000061035156,45.63999938964844,335453.0
2020-12-07,45.7599983215332,46.540000915527344,45.36000061035156,46.150001525878906,348871.0
2020-12-08,45.599998474121094,45.93000030517578,45.13999938964844,45.65999984741211,332641.0
2020-12-09,45.52000045776367,46.2400016784668,44.95000076293945,45.599998474121094,434976.0
2020-12-10,46.779998779296875,47.7400016784668,45.52000045776367,45.689998626708984,447529.0
2020-12-11,46.56999969482422,47.290000915527344,46.34000015258789,46.970001220703125,367305.0
2020-12-12,46.56999969482422,47.290000915527344,46.34000015258789,46.970001220703125,367305.0
2020-12-13,46.56999969482422,47.290000915527344,46.34000015258789,46.970001220703125,367305.0
2020-12-14,46.9900016784668,47.439998626708984,45.689998626708984,46.72999954223633,403543.0
2020-12-15,47.619998931884766,47.72999954223633,46.540000915527344,46.9900016784668,311169.0
2020-12-16,47.81999969482422,47.939998626708984,47.16999816894531,47.599998474121094,275331.0
2020-12-17,48.36000061035156,48.59000015258789,47.810001373291016,47.849998474121094,96536.0
2020-12-18,49.099998474121094,49.279998779296875,48.099998474121094,48.43000030517578,83711.0
2020-12-19,49.099998474121094,49.279998779296875,48.099998474121094,48.43000030517578,83711.0
2020-12-20,49.099998474121094,49.279998779296875,48.099998474121094,48.43000030517578,83711.0
2020-12-21,47.7400016784668,48.61000061035156,46.18000030517578,48.540000915527344,478098.0
2020-12-22,47.02000045776367,47.959999084472656,46.599998474121094,47.93000030517578,295737.0
2020-12-23,48.119998931884766,48.5,46.15999984741211,46.790000915527344,344306.0
2020-12-24,48.22999954223633,48.619998931884766,47.560001373291016,48.09000015258789,167390.0
2020-12-25,48.22999954223633,48.619998931884766,47.560001373291016,48.09000015258789,167390.0
2020-12-26,48.22999954223633,48.619998931884766,47.560001373291016,48.09000015258789,167390.0
2020-12-27,48.22999954223633,48.619998931884766,47.560001373291016,48.09000015258789,167390.0
2020-12-28,47.619998931884766,48.959999084472656,47.5,48.22999954223633,238462.0
2020-12-29,48.0,48.349998474121094,47.68000030517578,47.720001220703125,213778.0
2020-12-30,48.400001525878906,48.65999984741211,47.61000061035156,48.130001068115234,266957.0
2020-12-31,48.52000045776367,48.58000183105469,47.77000045776367,48.349998474121094,181894.0
2021-01-01,48.52000045776367,48.58000183105469,47.77000045776367,48.349998474121094,181894.0
2021-01-02,48.52000045776367,48.58000183105469,47.77000045776367,48.349998474121094,181894.0
2021-01-03,48.52000045776367,48.58000183105469,47.77000045776367,48.349998474121094,181894.0
2021-01-04,47.619998931884766,49.83000183105469,47.18000030517578,48.400001525878906,528525.0
2021-01-05,49.93000030517578,50.20000076293945,47.2400016784668,47.380001068115234,643191.0
2021-01-06,50.630001068115234,50.939998626708984,49.47999954223633,49.81999969482422,509365.0
2021-01-07,50.83000183105469,51.279998779296875,50.38999938964844,50.529998779296875,369292.0
2021-01-08,52.2400016784668,52.75,50.810001373291016,50.93000030517578,499416.0
2021-01-09,52.2400016784668,52.75,50.810001373291016,50.93000030517578,499416.0
2021-01-10,52.2400016784668,52.75,50.810001373291016,50.93000030517578,499416.0
2021-01-11,52.25,52.70000076293945,51.5,52.58000183105469,394822.0
2021-01-12,53.209999084472656,53.45000076293945,52.06999969482422,52.18000030517578,400200.0
2021-01-13,52.90999984741211,53.93000030517578,52.58000183105469,53.310001373291016,429898.0
2021-01-14,53.56999969482422,53.75,52.2400016784668,52.84000015258789,390087.0
2021-01-15,52.36000061035156,53.83000183105469,51.83000183105469,53.79999923706055,165668.0
2021-01-16,52.36000061035156,53.83000183105469,51.83000183105469,53.79999923706055,165668.0
2021-01-17,52.36000061035156,53.83000183105469,51.83000183105469,53.79999923706055,165668.0
2021-01-18,52.36000061035156,53.83000183105469,51.83000183105469,53.79999923706055,165668.0
2021-01-19,52.97999954223633,53.130001068115234,51.7599983215332,52.0,125964.0
2021-01-20,53.2400016784668,53.790000915527344,53.04999923706055,53.130001068115234,400301.0
2021-01-21,53.130001068115234,53.40999984741211,52.75,52.93000030517578,352397.0
2021-01-22,52.27000045776367,53.15999984741211,51.439998626708984,53.099998474121094,437484.0
2021-01-23,52.27000045776367,53.15999984741211,51.439998626708984,53.099998474121094,437484.0
2021-01-24,52.27000045776367,53.15999984741211,51.439998626708984,53.099998474121094,437484.0
2021-01-25,52.77000045776367,52.95000076293945,51.81999969482422,52.16999816894531,349076.0
2021-01-26,52.61000061035156,53.25,52.290000915527344,52.90999984741211,314538.0
2021-01-27,52.849998474121094,53.29999923706055,51.849998474121094,52.7599983215332,442376.0
2021-01-28,52.34000015258789,53.58000183105469,52.040000915527344,52.650001525878906,411406.0
2021-01-29,52.20000076293945,53.25,51.93000030517578,52.150001525878906,410914.0
2021-01-30,52.20000076293945,53.25,51.93000030517578,52.150001525878906,410914.0
2021-01-31,52.20000076293945,53.25,51.93000030517578,52.150001525878906,410914.0
2021-02-01,53.54999923706055,53.7400016784668,51.63999938964844,51.9900016784668,416067.0
2021-02-02,54.7599983215332,55.2599983215332,53.45000076293945,53.47999954223633,463718.0
2021-02-03,55.689998626708984,56.33000183105469,54.810001373291016,55.04999923706055,448693.0
2021-02-04,56.22999954223633,56.58000183105469,55.29999923706055,55.959999084472656,381404.0
2021-02-05,56.849998474121094,57.290000915527344,56.43000030517578,56.459999084472656,400833.0
2021-02-06,56.849998474121094,57.290000915527344,56.43000030517578,56.459999084472656,400833.0
2021-02-07,56.849998474121094,57.290000915527344,56.43000030517578,56.459999084472656,400833.0
2021-02-08,57.970001220703125,58.13999938964844,57.0,57.060001373291016,399724.0
2021-02-09,58.36000061035156,58.619998931884766,57.27000045776367,58.11000061035156,514698.0
2021-02-10,58.68000030517578,58.90999984741211,58.08000183105469,58.45000076293945,457535.0
2021-02-11,58.2400016784668,58.709999084472656,57.84000015258789,58.400001525878906,380445.0
2021-02-12,59.470001220703125,59.81999969482422,57.40999984741211,57.939998626708984,480822.0
2021-02-13,59.470001220703125,59.81999969482422,57.40999984741211,57.939998626708984,480822.0
2021-02-14,59.470001220703125,59.81999969482422,57.40999984741211,57.939998626708984,480822.0
2021-02-15,59.470001220703125,59.81999969482422,57.40999984741211,57.939998626708984,480822.0
2021-02-16,60.04999923706055,60.95000076293945,59.33000183105469,59.97999954223633,602332.0
2021-02-17,61.13999938964844,61.72999954223633,59.43000030517578,60.2400016784668,335419.0
2021-02-18,60.52000045776367,62.2599983215332,59.790000915527344,61.68000030517578,132035.0
2021-02-19,59.2400016784668,60.290000915527344,58.59000015258789,60.20000076293945,102427.0
2021-02-20,59.2400016784668,60.290000915527344,58.59000015258789,60.20000076293945,102427.0
2021-02-21,59.2400016784668,60.290000915527344,58.59000015258789,60.20000076293945,102427.0
2021-02-22,61.4900016784668,61.84000015258789,58.81999969482422,58.880001068115234,505773.0
2021-02-23,61.66999816894531,63.0,60.66999816894531,62.15999984741211,570677.0
2021-02-24,63.220001220703125,63.5099983215332,60.970001220703125,61.290000915527344,489933.0
2021-02-25,63.529998779296875,63.810001373291016,62.650001525878906,63.38999938964844,510357.0
2021-02-26,61.5,63.56999969482422,61.34000015258789,63.459999084472656,472723.0
2021-02-27,61.5,63.56999969482422,61.34000015258789,63.459999084472656,472723.0
2021-02-28,61.5,63.56999969482422,61.34000015258789,63.459999084472656,472723.0
2021-03-01,60.63999938964844,62.91999816894531,59.959999084472656,61.95000076293945,456679.0
2021-03-02,59.75,61.209999084472656,59.380001068115234,60.22999954223633,464133.0
2021-03-03,61.279998779296875,61.9900016784668,59.2400016784668,59.54999923706055,465311.0
2021-03-04,63.83000183105469,64.86000061035156,60.52000045776367,61.08000183105469,694628.0
2021-03-05,66.08999633789062,66.41999816894531,63.81999969482422,64.16000366210938,573168.0
2021-03-06,66.08999633789062,66.41999816894531,63.81999969482422,64.16000366210938,573168.0
2021-03-07,66.08999633789062,66.41999816894531,63.81999969482422,64.16000366210938,573168.0
2021-03-08,65.05000305175781,67.9800033569336,64.56999969482422,66.68000030517578,533376.0
2021-03-09,64.01000213623047,65.9800033569336,63.630001068115234,64.7300033569336,554564.0
2021-03-10,64.44000244140625,64.95999908447266,63.130001068115234,63.84000015258789,498488.0
2021-03-11,66.0199966430664,66.20999908447266,64.54000091552734,64.69999694824219,441063.0
2021-03-12,65.61000061035156,66.23999786376953,65.41000366210938,65.95999908447266,321714.0
2021-03-13,65.61000061035156,66.23999786376953,65.41000366210938,65.95999908447266,321714.0
2021-03-14,65.61000061035156,66.23999786376953,65.41000366210938,65.95999908447266,321714.0
2021-03-15,65.38999938964844,66.4000015258789,64.12999725341797,65.55999755859375,378009.0
2021-03-16,64.80000305175781,65.43000030517578,63.79999923706055,65.33000183105469,317537.0
2021-03-17,64.5999984741211,65.33999633789062,63.599998474121094,64.75,254724.0
2021-03-18,60.0,64.81999969482422,58.20000076293945,64.41999816894531,143597.0
2021-03-19,61.41999816894531,61.720001220703125,58.939998626708984,59.560001373291016,84171.0
2021-03-20,61.41999816894531,61.720001220703125,58.939998626708984,59.560001373291016,84171.0
2021-03-21,61.41999816894531,61.720001220703125,58.939998626708984,59.560001373291016,84171.0
2021-03-22,61.54999923706055,61.900001525878906,60.38999938964844,61.54999923706055,404370.0
2021-03-23,57.7599983215332,61.349998474121094,57.25,61.279998779296875,712317.0
2021-03-24,61.18000030517578,61.34000015258789,57.290000915527344,57.400001525878906,566291.0
2021-03-25,58.560001373291016,60.86000061035156,57.439998626708984,60.79999923706055,580105.0
2021-03-26,60.970001220703125,61.36000061035156,58.31999969482422,58.47999954223633,471996.0
2021-03-27,60.970001220703125,61.36000061035156,58.31999969482422,58.47999954223633,471996.0
2021-03-28,60.970001220703125,61.36000061035156,58.31999969482422,58.47999954223633,471996.0
2021-03-29,61.560001373291016,61.77000045776367,59.40999984741211,60.93000030517578,449360.0
2021-03-30,60.54999923706055,62.27000045776367,59.939998626708984,61.959999084472656,388188.0
2021-03-31,59.15999984741211,61.16999816894531,58.849998474121094,60.45000076293945,414162.0
2021-04-01,61.45000076293945,61.75,58.86000061035156,59.4900016784668,605567.0
2021-04-02,61.45000076293945,61.75,58.86000061035156,59.4900016784668,605567.0
2021-04-03,61.45000076293945,61.75,58.86000061035156,59.4900016784668,605567.0
2021-04-04,61.45000076293945,61.75,58.86000061035156,59.4900016784668,605567.0
2021-04-05,58.650001525878906,61.5,57.630001068115234,61.5,438864.0
2021-04-06,59.33000183105469,60.900001525878906,58.619998931884766,58.79999923706055,457348.0
2021-04-07,59.77000045776367,60.040000915527344,58.119998931884766,59.2599983215332,475537.0
2021-04-08,59.599998474121094,59.93000030517578,58.81999969482422,59.52000045776367,419913.0
2021-04-09,59.31999969482422,59.95000076293945,59.099998474121094,59.7599983215332,351436.0
2021-04-10,59.31999969482422,59.95000076293945,59.099998474121094,59.7599983215332,351436.0
2021-04-11,59.31999969482422,59.95000076293945,59.099998474121094,59.7599983215332,351436.0
2021-04-12,59.70000076293945,60.77000045776367,58.72999954223633,59.349998474121094,410218.0
2021-04-13,60.18000030517578,60.59000015258789,59.63999938964844,59.63999938964844,349733.0
2021-04-14,63.150001525878906,63.439998626708984,60.380001068115234,60.439998626708984,419813.0
2021-04-15,63.459999084472656,63.56999969482422,62.529998779296875,62.83000183105469,243370.0
2021-04-16,63.130001068115234,63.880001068115234,62.83000183105469,63.31999969482422,87795.0
2021-04-17,63.130001068115234,63.880001068115234,62.83000183105469,63.31999969482422,87795.0
2021-04-18,63.130001068115234,63.880001068115234,62.83000183105469,63.31999969482422,87795.0
2021-04-19,63.380001068115234,63.630001068115234,62.630001068115234,62.97999954223633,74384.0
2021-04-20,62.439998626708984,64.25,61.5,63.470001220703125,476046.0
2021-04-21,61.349998474121094,62.560001373291016,60.86000061035156,62.38999938964844,431486.0
2021-04-22,61.43000030517578,61.869998931884766,60.61000061035156,61.11000061035156,344700.0
2021-04-23,62.13999938964844,62.43000030517578,61.25,61.650001525878906,345407.0
2021-04-24,62.13999938964844,62.43000030517578,61.25,61.650001525878906,345407.0
2021-04-25,62.13999938964844,62.43000030517578,61.25,61.650001525878906,345407.0
2021-04-26,61.90999984741211,62.310001373291016,60.65999984741211,62.060001373291016,366865.0
2021-04-27,62.939998626708984,63.29999923706055,61.90999984741211,61.970001220703125,361536.0
2021-04-28,63.86000061035156,64.52999877929688,62.66999816894531,63.040000915527344,387683.0
2021-04-29,65.01000213623047,65.47000122070312,63.650001525878906,63.70000076293945,384489.0
2021-04-30,63.58000183105469,64.94999694824219,63.08000183105469,64.87999725341797,400515.0
2021-05-01,63.58000183105469,64.94999694824219,63.08000183105469,64.87999725341797,400515.0
2021-05-02,63.58000183105469,64.94999694824219,63.08000183105469,64.87999725341797,400515.0
2021-05-03,64.48999786376953,64.68000030517578,62.90999984741211,63.63999938964844,285969.0
2021-05-04,65.69000244140625,66.19000244140625,64.29000091552734,64.52999877929688,370208.0
2021-05-05,65.62999725341797,66.76000213623047,64.91999816894531,66.44999694824219,460066.0
2021-05-06,64.70999908447266,65.9800033569336,64.5,65.2699966430664,389214.0
2021-05-07,64.9000015258789,65.23999786376953,63.900001525878906,64.9000015258789,431417.0
2021-05-08,64.9000015258789,65.23999786376953,63.900001525878906,64.9000015258789,431417.0
2021-05-09,64.9000015258789,65.23999786376953,63.900001525878906,64.9000015258789,431417.0
2021-05-10,64.91999816894531,65.75,63.95000076293945,65.56999969482422,448337.0
2021-05-11,65.27999877929688,65.5,63.68000030517578,64.9000015258789,514949.0
2021-05-12,66.08000183105469,66.62999725341797,64.97000122070312,65.45999908447266,508519.0
2021-05-13,63.81999969482422,65.80999755859375,63.09000015258789,65.75,547691.0
2021-05-14,65.37000274658203,65.62000274658203,63.33000183105469,63.83000183105469,383749.0
2021-05-15,65.37000274658203,65.62000274658203,63.33000183105469,63.83000183105469,383749.0
2021-05-16,65.37000274658203,65.62000274658203,63.33000183105469,63.83000183105469,383749.0
2021-05-17,66.2699966430664,66.43000030517578,64.83000183105469,65.5,268476.0
2021-05-18,65.48999786376953,67.01000213623047,64.11000061035156,66.33000183105469,167348.0
2021-05-19,63.36000061035156,65.3499984741211,61.95000076293945,65.27999877929688,101902.0
2021-05-20,62.04999923706055,63.959999084472656,61.88999938964844,63.38999938964844,524168.0
2021-05-21,63.58000183105469,64.06999969482422,61.560001373291016,61.88999938964844,530831.0
2021-05-22,63.58000183105469,64.06999969482422,61.560001373291016,61.88999938964844,530831.0
2021-05-23,63.58000183105469,64.06999969482422,61.560001373291016,61.88999938964844,530831.0
2021-05-24,66.05000305175781,66.13999938964844,63.630001068115234,63.869998931884766,466647.0
2021-05-25,66.06999969482422,66.51000213623047,65.41000366210938,66.0199966430664,497394.0
2021-05-26,66.20999908447266,66.43000030517578,65.25,66.04000091552734,376207.0
2021-05-27,66.8499984741211,66.91999816894531,65.47000122070312,66.16000366210938,337542.0
2021-05-28,66.31999969482422,67.5199966430664,66.16999816894531,66.94999694824219,390461.0
2021-05-29,66.31999969482422,67.5199966430664,66.16999816894531,66.94999694824219,390461.0
2021-05-30,66.31999969482422,67.5199966430664,66.16999816894531,66.94999694824219,390461.0
2021-05-31,66.31999969482422,67.5199966430664,66.16999816894531,66.94999694824219,390461.0
2021-06-01,67.72000122070312,68.87000274658203,66.41000366210938,66.68000030517578,570985.0
2021-06-02,68.83000183105469,69.0,67.77999877929688,67.98999786376953,332995.0
2021-06-03,68.80999755859375,69.4000015258789,68.19000244140625,68.76000213623047,351367.0
2021-06-04,69.62000274658203,69.76000213623047,68.33000183105469,68.91000366210938,326250.0
2021-06-05,69.62000274658203,69.76000213623047,68.33000183105469,68.91000366210938,326250.0
2021-06-06,69.62000274658203,69.76000213623047,68.33000183105469,68.91000366210938,326250.0
2021-06-07,69.2300033569336,70.0,68.93000030517578,69.5199966430664,365621.0
2021-06-08,70.05000305175781,70.2699966430664,68.47000122070312,69.29000091552734,441302.0
2021-06-09,69.95999908447266,70.62000274658203,69.45999908447266,70.01000213623047,410820.0
2021-06-10,70.29000091552734,70.6500015258789,68.68000030517578,69.76000213623047,492464.0
2021-06-11,70.91000366210938,71.23999786376953,69.68000030517578,70.0999984741211,563575.0
2021-06-12,70.91000366210938,71.23999786376953,69.68000030517578,70.0999984741211,563575.0
2021-06-13,70.91000366210938,71.23999786376953,69.68000030517578,70.0999984741211,563575.0
2021-06-14,70.87999725341797,71.77999877929688,70.6500015258789,70.6500015258789,319639.0
2021-06-15,72.12000274658203,72.48999786376953,70.80999755859375,71.16000366210938,336035.0
2021-06-16,72.1500015258789,72.98999786376953,71.61000061035156,72.44999694824219,426775.0
2021-06-17,71.04000091552734,72.30000305175781,69.7699966430664,71.6500015258789,373780.0
2021-06-18,71.63999938964844,72.16999816894531,70.16000366210938,71.0999984741211,139584.0
2021-06-19,71.63999938964844,72.16999816894531,70.16000366210938,71.0999984741211,139584.0
2021-06-20,71.63999938964844,72.16999816894531,70.16000366210938,71.0999984741211,139584.0
2021-06-21,73.66000366210938,73.95999908447266,71.1500015258789,71.5199966430664,123662.0
2021-06-22,73.05999755859375,73.94999694824219,72.94000244140625,73.41000366210938,498555.0
2021-06-23,73.08000183105469,74.25,72.81999969482422,72.91000366210938,429207.0
2021-06-24,73.30000305175781,73.61000061035156,72.31999969482422,73.27999877929688,334833.0
2021-06-25,74.05000305175781,74.18000030517578,72.8499984741211,73.31999969482422,364721.0
2021-06-26,74.05000305175781,74.18000030517578,72.8499984741211,73.31999969482422,364721.0
2021-06-27,74.05000305175781,74.18000030517578,72.8499984741211,73.31999969482422,364721.0
2021-06-28,72.91000366210938,74.44999694824219,72.62000274658203,73.98999786376953,354701.0
2021-06-29,72.9800033569336,73.80999755859375,71.97000122070312,72.77999877929688,321448.0
2021-06-30,73.47000122070312,74.13999938964844,72.81999969482422,73.47000122070312,383626.0
2021-07-01,75.2300033569336,76.22000122070312,73.38999938964844,73.5,615678.0
2021-07-02,75.16000366210938,75.62000274658203,74.41000366210938,75.0199966430664,377531.0
2021-07-03,75.16000366210938,75.62000274658203,74.41000366210938,75.0199966430664,377531.0
2021-07-04,75.16000366210938,75.62000274658203,74.41000366210938,75.0199966430664,377531.0
2021-07-05,75.16000366210938,75.62000274658203,74.41000366210938,75.0199966430664,377531.0
2021-07-06,73.37000274658203,76.9800033569336,72.94000244140625,75.3499984741211,714044.0
2021-07-07,72.19999694824219,74.86000061035156,71.06999969482422,73.8499984741211,607971.0
2021-07-08,72.94000244140625,73.26000213623047,70.76000213623047,72.16999816894531,529690.0
2021-07-09,74.55999755859375,74.76000213623047,72.72000122070312,73.26000213623047,422154.0
2021-07-10,74.55999755859375,74.76000213623047,72.72000122070312,73.26000213623047,422154.0
2021-07-11,74.55999755859375,74.76000213623047,72.72000122070312,73.26000213623047,422154.0
2021-07-12,74.0999984741211,74.93000030517578,73.16000366210938,74.73999786376953,397931.0
2021-07-13,75.25,75.5199966430664,73.68000030517578,74.18000030517578,444078.0
2021-07-14,73.12999725341797,75.44000244140625,72.20999908447266,75.16999816894531,528360.0
2021-07-15,71.6500015258789,72.95999908447266,71.4000015258789,72.95999908447266,368679.0
2021-07-16,71.80999755859375,72.30000305175781,70.41000366210938,71.4800033569336,133926.0
2021-07-17,71.80999755859375,72.30000305175781,70.41000366210938,71.4800033569336,133926.0
2021-07-18,71.80999755859375,72.30000305175781,70.41000366210938,71.4800033569336,133926.0
2021-07-19,66.41999816894531,71.66999816894531,65.62999725341797,71.48999786376953,82565.0
2021-07-20,67.41999816894531,67.6500015258789,65.20999908447266,66.5999984741211,561629.0
2021-07-21,70.30000305175781,70.51000213623047,66.44000244140625,66.44999694824219,503030.0
2021-07-22,71.91000366210938,72.02999877929688,69.86000061035156,70.22000122070312,435181.0
2021-07-23,72.06999969482422,72.20999908447266,71.38999938964844,71.70999908447266,274778.0
2021-07-24,72.06999969482422,72.20999908447266,71.38999938964844,71.70999908447266,274778.0
2021-07-25,72.06999969482422,72.20999908447266,71.38999938964844,71.70999908447266,274778.0
2021-07-26,71.91000366210938,72.43000030517578,70.55999755859375,72.18000030517578,395743.0
2021-07-27,71.6500015258789,72.33000183105469,71.08000183105469,72.22000122070312,333123.0
2021-07-28,72.38999938964844,72.5999984741211,71.69999694824219,71.9000015258789,318911.0
2021-07-29,73.62000274658203,73.68000030517578,72.26000213623047,72.4000015258789,294462.0
2021-07-30,73.94999694824219,74.2300033569336,72.93000030517578,73.41000366210938,303700.0
2021-07-31,73.94999694824219,74.2300033569336,72.93000030517578,73.41000366210938,303700.0
2021-08-01,73.94999694824219,74.2300033569336,72.93000030517578,73.41000366210938,303700.0
2021-08-02,71.26000213623047,73.94999694824219,70.55000305175781,73.91000366210938,448200.0
2021-08-03,70.55999755859375,71.95999908447266,69.19000244140625,71.5199966430664,509938.0
2021-08-04,68.1500015258789,70.80999755859375,67.8499984741211,70.31999969482422,582924.0
2021-08-05,69.08999633789062,69.3499984741211,67.61000061035156,68.05999755859375,416331.0
2021-08-06,68.27999877929688,70.18000030517578,67.80000305175781,69.13999938964844,537136.0
2021-08-07,68.27999877929688,70.18000030517578,67.80000305175781,69.13999938964844,537136.0
2021-08-08,68.27999877929688,70.18000030517578,67.80000305175781,69.13999938964844,537136.0
2021-08-09,66.4800033569336,67.9000015258789,65.1500015258789,67.87999725341797,598381.0
2021-08-10,68.29000091552734,68.9000015258789,66.55999755859375,66.8499984741211,452126.0
2021-08-11,69.25,69.44999694824219,66.66999816894531,68.51000213623047,513292.0
2021-08-12,69.08999633789062,69.62000274658203,68.45999908447266,69.36000061035156,352465.0
2021-08-13,68.44000244140625,69.22000122070312,67.7699966430664,68.91000366210938,272033.0
2021-08-14,68.44000244140625,69.22000122070312,67.7699966430664,68.91000366210938,272033.0
2021-08-15,68.44000244140625,69.22000122070312,67.7699966430664,68.91000366210938,272033.0
2021-08-16,67.29000091552734,68.13999938964844,65.7300033569336,68.12999725341797,334844.0
2021-08-17,66.58999633789062,67.72000122070312,66.33000183105469,67.43000030517578,235303.0
2021-08-18,65.45999908447266,67.4800033569336,64.33999633789062,66.58000183105469,121197.0
2021-08-19,63.689998626708984,64.76000213623047,62.630001068115234,64.58000183105469,88237.0
2021-08-20,62.31999969482422,64.0999984741211,62.11000061035156,64.05000305175781,365009.0
2021-08-21,62.31999969482422,64.0999984741211,62.11000061035156,64.05000305175781,365009.0
2021-08-22,62.31999969482422,64.0999984741211,62.11000061035156,64.05000305175781,365009.0
2021-08-23,65.63999938964844,66.0,61.7400016784668,61.959999084472656,397290.0
2021-08-24,67.54000091552734,67.80000305175781,65.41000366210938,65.54000091552734,335888.0
2021-08-25,68.36000061035156,68.54000091552734,66.91999816894531,67.62999725341797,353742.0
2021-08-26,67.41999816894531,68.30999755859375,67.0199966430664,68.0,344286.0
2021-08-27,68.73999786376953,69.05000305175781,67.5199966430664,67.75,326056.0
2021-08-28,68.73999786376953,69.05000305175781,67.5199966430664,67.75,326056.0
2021-08-29,68.73999786376953,69.05000305175781,67.5199966430664,67.75,326056.0
2021-08-30,69.20999908447266,69.63999938964844,67.66999816894531,69.30000305175781,360797.0
2021-08-31,68.5,69.33999633789062,68.16000366210938,69.18000030517578,325853.0
2021-09-01,68.58999633789062,69.23999786376953,67.12000274658203,68.55000305175781,399497.0
2021-09-02,69.98999786376953,70.61000061035156,67.83999633789062,68.29000091552734,403314.0
2021-09-03,69.29000091552734,70.52999877929688,69.05000305175781,69.76000213623047,313086.0
2021-09-04,69.29000091552734,70.52999877929688,69.05000305175781,69.76000213623047,313086.0
2021-09-05,69.29000091552734,70.52999877929688,69.05000305175781,69.76000213623047,313086.0
2021-09-06,69.29000091552734,70.52999877929688,69.05000305175781,69.76000213623047,313086.0
2021-09-07,68.3499984741211,69.4800033569336,67.63999938964844,69.11000061035156,481704.0
2021-09-08,69.30000305175781,69.75,68.30999755859375,68.37000274658203,389325.0
2021-09-09,68.13999938964844,69.88999938964844,67.55999755859375,69.36000061035156,556451.0
2021-09-10,69.72000122070312,69.95999908447266,67.68000030517578,67.97000122070312,411079.0
2021-09-11,69.72000122070312,69.95999908447266,67.68000030517578,67.97000122070312,411079.0
2021-09-12,69.72000122070312,69.95999908447266,67.68000030517578,67.97000122070312,411079.0
2021-09-13,70.44999694824219,70.97000122070312,69.51000213623047,69.73999786376953,390939.0
2021-09-14,70.45999908447266,71.22000122070312,69.9800033569336,70.63999938964844,414231.0
2021-09-15,72.61000061035156,73.13999938964844,70.6500015258789,70.76000213623047,418665.0
2021-09-16,72.61000061035156,72.98999786376953,71.52999877929688,72.6500015258789,298412.0
2021-09-17,71.97000122070312,72.72000122070312,71.20999908447266,72.62000274658203,119933.0
2021-09-18,71.97000122070312,72.72000122070312,71.20999908447266,72.62000274658203,119933.0
2021-09-19,71.97000122070312,72.72000122070312,71.20999908447266,72.62000274658203,119933.0
2021-09-20,70.29000091552734,72.08000183105469,69.86000061035156,71.91999816894531,75837.0
2021-09-21,70.55999755859375,71.62999725341797,69.66999816894531,70.58999633789062,393403.0
2021-09-22,72.2300033569336,72.30000305175781,70.63999938964844,70.8499984741211,381061.0
2021-09-23,73.30000305175781,73.5,71.61000061035156,71.97000122070312,403405.0
2021-09-24,73.9800033569336,74.2699966430664,72.80999755859375,73.23999786376953,350382.0
2021-09-25,73.9800033569336,74.2699966430664,72.80999755859375,73.23999786376953,350382.0
2021-09-26,73.9800033569336,74.2699966430664,72.80999755859375,73.23999786376953,350382.0
2021-09-27,75.44999694824219,75.75,74.16000366210938,74.19000244140625,417829.0
2021-09-28,75.29000091552734,76.66999816894531,74.23999786376953,75.43000030517578,476143.0
2021-09-29,74.83000183105469,75.79000091552734,73.73999786376953,74.37999725341797,424193.0
2021-09-30,75.02999877929688,76.06999969482422,73.13999938964844,74.77999877929688,583189.0
2021-10-01,75.87999725341797,75.98999786376953,74.2300033569336,75.12000274658203,388996.0
2021-10-02,75.87999725341797,75.98999786376953,74.2300033569336,75.12000274658203,388996.0
2021-10-03,75.87999725341797,75.98999786376953,74.2300033569336,75.12000274658203,388996.0
2021-10-04,77.62000274658203,78.37999725341797,75.31999969482422,75.9000015258789,458006.0
2021-10-05,78.93000030517578,79.4800033569336,77.47000122070312,77.58000183105469,449617.0
2021-10-06,77.43000030517578,79.77999877929688,76.83000183105469,79.04000091552734,459055.0
2021-10-07,78.30000305175781,78.88999938964844,74.95999908447266,77.0,545008.0
2021-10-08,79.3499984741211,80.11000061035156,78.62999725341797,78.86000061035156,662010.0
2021-10-09,79.3499984741211,80.11000061035156,78.62999725341797,78.86000061035156,662010.0
2021-10-10,79.3499984741211,80.11000061035156,78.62999725341797,78.86000061035156,662010.0
2021-10-11,80.5199966430664,82.18000030517578,79.55000305175781,79.58999633789062,653756.0
2021-10-12,80.63999938964844,81.62000274658203,79.47000122070312,80.5,598181.0
2021-10-13,80.44000244140625,81.04000091552734,79.41999816894531,80.58000183105469,487220.0
2021-10-14,81.30999755859375,81.68000030517578,80.37999725341797,80.58999633789062,399813.0
2021-10-15,82.27999877929688,82.66000366210938,81.38999938964844,81.4800033569336,277953.0
2021-10-16,82.27999877929688,82.66000366210938,81.38999938964844,81.4800033569336,277953.0
2021-10-17,82.27999877929688,82.66000366210938,81.38999938964844,81.4800033569336,277953.0
2021-10-18,82.44000244140625,83.87000274658203,81.83999633789062,82.5999984741211,134098.0
2021-10-19,82.95999908447266,83.73999786376953,81.80000305175781,82.37000274658203,82607.0
2021-10-20,83.87000274658203,84.25,81.30000305175781,83.33999633789062,530693.0
2021-10-21,82.5,83.95999908447266,80.79000091552734,83.58000183105469,567503.0
2021-10-22,83.76000213623047,84.22000122070312,81.76000213623047,82.61000061035156,465355.0
2021-10-23,83.76000213623047,84.22000122070312,81.76000213623047,82.61000061035156,465355.0
2021-10-24,83.76000213623047,84.22000122070312,81.76000213623047,82.61000061035156,465355.0
2021-10-25,83.76000213623047,85.41000366210938,83.38999938964844,83.9800033569336,568725.0
2021-10-26,84.6500015258789,84.87999725341797,82.97000122070312,83.72000122070312,467716.0
2021-10-27,82.66000366210938,84.51000213623047,82.01000213623047,84.38999938964844,529952.0
2021-10-28,82.80999755859375,83.20999908447266,80.58000183105469,82.25,491585.0
2021-10-29,83.56999969482422,83.73999786376953,81.41000366210938,83.08999633789062,507309.0
2021-10-30,83.56999969482422,83.73999786376953,81.41000366210938,83.08999633789062,507309.0
2021-10-31,83.56999969482422,83.73999786376953,81.41000366210938,83.08999633789062,507309.0
2021-11-01,84.05000305175781,84.87999725341797,82.73999786376953,83.36000061035156,412309.0
2021-11-02,83.91000366210938,84.41000366210938,82.91999816894531,83.87000274658203,429608.0
2021-11-03,80.86000061035156,83.08000183105469,79.69000244140625,83.06999969482422,546577.0
2021-11-04,78.80999755859375,83.41999816894531,78.25,80.18000030517578,701119.0
2021-11-05,81.2699966430664,81.80000305175781,78.95999908447266,79.37000274658203,531054.0
2021-11-06,81.2699966430664,81.80000305175781,78.95999908447266,79.37000274658203,531054.0
2021-11-07,81.2699966430664,81.80000305175781,78.95999908447266,79.37000274658203,531054.0
2021-11-08,81.93000030517578,82.66999816894531,81.05000305175781,81.12999725341797,393953.0
2021-11-09,84.1500015258789,84.62999725341797,81.77999877929688,82.16000366210938,504832.0
2021-11-10,81.33999633789062,84.97000122070312,80.80999755859375,84.52999877929688,555215.0
2021-11-11,81.58999633789062,82.33000183105469,80.19999694824219,81.41000366210938,475436.0
2021-11-12,80.79000091552734,81.62000274658203,79.77999877929688,81.20999908447266,390304.0
2021-11-13,80.79000091552734,81.62000274658203,79.77999877929688,81.20999908447266,390304.0
2021-11-14,80.79000091552734,81.62000274658203,79.77999877929688,81.20999908447266,390304.0
2021-11-15,80.87999725341797,81.19999694824219,79.30000305175781,80.66000366210938,343484.0
2021-11-16,80.76000213623047,81.80999755859375,80.02999877929688,80.93000030517578,325668.0
2021-11-17,78.36000061035156,80.69000244140625,77.69000244140625,80.54000091552734,174471.0
2021-11-18,79.01000213623047,79.36000061035156,77.08000183105469,78.33999633789062,83984.0
2021-11-19,76.0999984741211,79.91999816894531,75.37000274658203,78.76000213623047,623448.0
2021-11-20,76.0999984741211,79.91999816894531,75.37000274658203,78.76000213623047,623448.0
2021-11-21,76.0999984741211,79.91999816894531,75.37000274658203,78.76000213623047,623448.0
2021-11-22,76.75,77.16000366210938,74.76000213623047,75.75,465768.0
2021-11-23,78.5,78.86000061035156,75.30000305175781,76.45999908447266,506987.0
2021-11-24,78.38999938964844,79.2300033569336,77.9800033569336,78.4800033569336,328848.0
2021-11-25,78.38999938964844,79.2300033569336,77.9800033569336,78.4800033569336,328848.0
2021-11-26,68.1500015258789,78.6500015258789,67.4000015258789,78.33999633789062,844630.0
2021-11-27,68.1500015258789,78.6500015258789,67.4000015258789,78.33999633789062,844630.0
2021-11-28,68.1500015258789,78.6500015258789,67.4000015258789,78.33999633789062,844630.0
2021-11-29,69.94999694824219,72.93000030517578,68.86000061035156,69.2300033569336,675090.0
2021-11-30,66.18000030517578,71.22000122070312,64.43000030517578,70.04000091552734,722475.0
2021-12-01,65.56999969482422,69.48999786376953,64.83999633789062,67.01000213623047,602447.0
2021-12-02,66.5,67.48999786376953,62.43000030517578,65.62999725341797,668293.0
2021-12-03,66.26000213623047,69.22000122070312,65.5999984741211,67.5,449974.0
2021-12-04,66.26000213623047,69.22000122070312,65.5999984741211,67.5,449974.0
2021-12-05,66.26000213623047,69.22000122070312,65.5999984741211,67.5,449974.0
2021-12-06,69.48999786376953,70.1500015258789,66.72000122070312,67.0199966430664,401060.0
2021-12-07,72.05000305175781,73.02999877929688,69.5199966430664,69.72000122070312,496528.0
2021-12-08,72.36000061035156,73.0,70.91000366210938,71.86000061035156,464846.0
2021-12-09,70.94000244140625,73.33999633789062,70.38999938964844,72.5199966430664,393205.0
2021-12-10,71.66999816894531,72.33000183105469,70.31999969482422,70.68000030517578,397883.0
2021-12-11,71.66999816894531,72.33000183105469,70.31999969482422,70.68000030517578,397883.0
2021-12-12,71.66999816894531,72.33000183105469,70.31999969482422,70.68000030517578,397883.0
2021-12-13,71.29000091552734,73.0,70.70999908447266,72.04000091552734,406604.0
2021-12-14,70.7300033569336,72.02999877929688,69.51000213623047,71.12000274658203,359454.0
2021-12-15,70.87000274658203,71.66000366210938,69.38999938964844,70.3499984741211,294337.0
2021-12-16,72.37999725341797,72.98999786376953,71.02999877929688,71.4800033569336,142541.0
2021-12-17,70.86000061035156,72.26000213623047,69.88999938964844,71.91999816894531,78125.0
2021-12-18,70.86000061035156,72.26000213623047,69.88999938964844,71.91999816894531,78125.0
2021-12-19,70.86000061035156,72.26000213623047,69.88999938964844,71.91999816894531,78125.0
2021-12-20,68.2300033569336,70.06999969482422,66.04000091552734,70.06999969482422,492217.0
2021-12-21,71.12000274658203,71.55000305175781,68.55999755859375,69.20999908447266,358779.0
2021-12-22,72.76000213623047,73.16000366210938,70.80000305175781,71.2699966430664,306709.0
2021-12-23,73.79000091552734,73.94999694824219,72.2699966430664,73.02999877929688,270223.0
2021-12-24,73.79000091552734,73.94999694824219,72.2699966430664,73.02999877929688,270223.0
2021-12-25,73.79000091552734,73.94999694824219,72.2699966430664,73.02999877929688,270223.0
2021-12-26,73.79000091552734,73.94999694824219,72.2699966430664,73.02999877929688,270223.0
2021-12-27,75.56999969482422,76.08999633789062,72.56999969482422,73.37999725341797,268490.0
2021-12-28,75.9800033569336,76.91999816894531,75.52999877929688,75.97000122070312,249728.0
2021-12-29,76.55999755859375,77.37000274658203,75.36000061035156,76.04000091552734,283557.0
2021-12-30,76.98999786376953,77.44000244140625,75.77999877929688,76.58000183105469,231163.0
2021-12-31,75.20999908447266,77.08000183105469,74.94999694824219,76.66000366210938,237118.0
2022-01-01,75.20999908447266,77.08000183105469,74.94999694824219,76.66000366210938,237118.0
2022-01-02,75.20999908447266,77.08000183105469,74.94999694824219,76.66000366210938,237118.0
2022-01-03,76.08000183105469,76.45999908447266,74.2699966430664,75.69000244140625,317628.0
2022-01-04,76.98999786376953,77.63999938964844,75.69999694824219,76.0199966430664,372848.0
2022-01-05,77.8499984741211,78.58000183105469,76.51000213623047,77.18000030517578,397898.0
2022-01-06,79.45999908447266,80.23999786376953,76.7300033569336,77.23999786376953,476665.0
2022-01-07,78.9000015258789,80.47000122070312,78.5199966430664,79.62000274658203,414434.0
2022-01-08,78.9000015258789,80.47000122070312,78.5199966430664,79.62000274658203,414434.0
2022-01-09,78.9000015258789,80.47000122070312,78.5199966430664,79.62000274658203,414434.0
2022-01-10,78.2300033569336,79.44999694824219,77.83000183105469,78.87999725341797,389956.0
2022-01-11,81.22000122070312,81.58999633789062,78.36000061035156,78.41999816894531,481815.0
2022-01-12,82.63999938964844,83.0999984741211,81.16999816894531,81.37999725341797,420619.0
2022-01-13,82.12000274658203,82.94000244140625,81.38999938964844,82.81999969482422,364769.0
2022-01-14,83.81999969482422,84.44999694824219,81.58000183105469,81.7300033569336,364442.0
2022-01-15,83.81999969482422,84.44999694824219,81.58000183105469,81.7300033569336,364442.0
2022-01-16,83.81999969482422,84.44999694824219,81.58000183105469,81.7300033569336,364442.0
2022-01-17,83.81999969482422,84.44999694824219,81.58000183105469,81.7300033569336,364442.0
2022-01-18,85.43000030517578,86.62999725341797,83.5,84.31999969482422,163643.0
2022-01-19,86.95999908447266,87.91000366210938,85.7699966430664,86.61000061035156,113153.0
2022-01-20,86.9000015258789,87.81999969482422,86.0,86.2300033569336,532202.0
2022-01-21,85.13999938964844,85.55999755859375,82.77999877929688,84.56999969482422,509103.0
2022-01-22,85.13999938964844,85.55999755859375,82.77999877929688,84.56999969482422,509103.0
2022-01-23,85.13999938964844,85.55999755859375,82.77999877929688,84.56999969482422,509103.0
2022-01-24,83.30999755859375,86.08999633789062,81.9000015258789,84.91000366210938,511695.0
2022-01-25,85.5999984741211,85.70999908447266,82.98999786376953,84.1500015258789,507219.0
2022-01-26,87.3499984741211,87.94999694824219,85.01000213623047,85.26000213623047,459642.0
2022-01-27,86.61000061035156,88.54000091552734,86.19999694824219,87.1500015258789,427804.0
2022-01-28,86.81999969482422,88.83999633789062,86.44000244140625,87.5,436172.0
2022-01-29,86.81999969482422,88.83999633789062,86.44000244140625,87.5,436172.0
2022-01-30,86.81999969482422,88.83999633789062,86.44000244140625,87.5,436172.0
2022-01-31,88.1500015258789,88.38999938964844,86.33999633789062,87.44999694824219,359080.0
2022-02-01,88.19999694824219,88.87000274658203,86.55000305175781,88.1500015258789,376841.0
2022-02-02,88.26000213623047,89.72000122070312,87.0999984741211,88.3499984741211,456863.0
2022-02-03,90.2699966430664,90.44999694824219,86.75,87.9800033569336,465771.0
2022-02-04,92.30999755859375,93.16999816894531,90.06999969482422,90.19000244140625,410926.0
2022-02-05,92.30999755859375,93.16999816894531,90.06999969482422,90.19000244140625,410926.0
2022-02-06,92.30999755859375,93.16999816894531,90.06999969482422,90.19000244140625,410926.0
2022-02-07,91.31999969482422,92.7300033569336,90.7300033569336,91.81999969482422,497754.0
2022-02-08,89.36000061035156,91.68000030517578,88.51000213623047,91.63999938964844,467386.0
2022-02-09,89.66000366210938,90.58000183105469,88.41000366210938,89.86000061035156,445618.0
2022-02-10,89.87999725341797,91.73999786376953,89.02999877929688,90.01000213623047,492091.0
2022-02-11,93.0999984741211,94.66000366210938,89.19000244140625,90.0,554423.0
2022-02-12,93.0999984741211,94.66000366210938,89.19000244140625,90.0,554423.0
2022-02-13,93.0999984741211,94.66000366210938,89.19000244140625,90.0,554423.0
2022-02-14,95.45999908447266,95.81999969482422,92.08999633789062,93.91000366210938,467071.0
2022-02-15,92.06999969482422,95.16999816894531,90.66000366210938,94.83000183105469,442641.0
2022-02-16,93.66000366210938,95.01000213623047,90.0,92.20999908447266,401453.0
2022-02-17,91.76000213623047,93.36000061035156,90.62000274658203,90.9000015258789,212552.0
2022-02-18,91.06999969482422,92.66000366210938,89.02999877929688,91.62999725341797,150382.0
2022-02-19,91.06999969482422,92.66000366210938,89.02999877929688,91.62999725341797,150382.0
2022-02-20,91.06999969482422,92.66000366210938,89.02999877929688,91.62999725341797,150382.0
2022-02-21,91.06999969482422,92.66000366210938,89.02999877929688,91.62999725341797,150382.0
2022-02-22,92.3499984741211,96.0,90.3499984741211,91.75,789041.0
2022-02-23,92.0999984741211,93.9000015258789,90.63999938964844,91.73999786376953,440574.0
2022-02-24,92.80999755859375,100.54000091552734,91.44999694824219,92.5199966430664,872244.0
2022-02-25,91.58999633789062,95.63999938964844,90.05999755859375,93.31999969482422,523793.0
2022-02-26,91.58999633789062,95.63999938964844,90.05999755859375,93.31999969482422,523793.0
2022-02-27,91.58999633789062,95.63999938964844,90.05999755859375,93.31999969482422,523793.0
2022-02-28,95.72000122070312,99.0999984741211,94.43000030517578,94.98999786376953,490796.0
2022-03-01,103.41000366210938,106.77999877929688,95.31999969482422,96.08999633789062,698814.0
2022-03-02,110.5999984741211,112.51000213623047,105.18000030517578,107.12000274658203,651853.0
2022-03-03,107.66999816894531,116.56999969482422,106.43000030517578,111.33000183105469,592031.0
2022-03-04,115.68000030517578,116.0199966430664,107.25,107.95999908447266,493875.0
2022-03-05,115.68000030517578,116.0199966430664,107.25,107.95999908447266,493875.0
2022-03-06,115.68000030517578,116.0199966430664,107.25,107.95999908447266,493875.0
2022-03-07,119.4000015258789,130.5,115.54000091552734,121.33000183105469,576022.0
2022-03-08,123.69999694824219,129.44000244140625,117.06999969482422,120.66999816894531,583106.0
2022-03-09,108.69999694824219,126.83999633789062,103.62999725341797,124.66000366210938,594773.0
2022-03-10,106.0199966430664,114.87999725341797,105.52999877929688,110.41000366210938,437924.0
2022-03-11,109.33000183105469,110.29000091552734,104.4800033569336,105.98999786376953,368194.0
2022-03-12,109.33000183105469,110.29000091552734,104.4800033569336,105.98999786376953,368194.0
2022-03-13,109.33000183105469,110.29000091552734,104.4800033569336,105.98999786376953,368194.0
2022-03-14,103.01000213623047,109.72000122070312,99.76000213623047,109.41999816894531,344184.0
2022-03-15,96.44000244140625,102.58000183105469,93.52999877929688,102.27999877929688,401690.0
2022-03-16,95.04000091552734,99.22000122070312,94.06999969482422,95.2300033569336,293947.0
2022-03-17,102.9800033569336,104.23999786376953,94.8499984741211,95.33999633789062,210763.0
2022-03-18,104.69999694824219,106.27999877929688,102.30000305175781,103.62000274658203,74247.0
2022-03-19,104.69999694824219,106.27999877929688,102.30000305175781,103.62000274658203,74247.0
2022-03-20,104.69999694824219,106.27999877929688,102.30000305175781,103.62000274658203,74247.0
2022-03-21,112.12000274658203,112.69000244140625,104.08000183105469,105.12999725341797,77217.0
2022-03-22,111.76000213623047,115.01000213623047,109.30000305175781,112.9000015258789,318629.0
2022-03-23,114.93000030517578,115.4000015258789,108.37999725341797,108.8499984741211,289182.0
2022-03-24,112.33999633789062,116.63999938964844,110.61000061035156,114.47000122070312,307238.0
2022-03-25,113.9000015258789,114.12000274658203,108.68000030517578,111.75,320304.0
2022-03-26,113.9000015258789,114.12000274658203,108.68000030517578,111.75,320304.0
2022-03-27,113.9000015258789,114.12000274658203,108.68000030517578,111.75,320304.0
2022-03-28,105.95999908447266,112.93000030517578,102.83000183105469,112.91999816894531,372251.0
2022-03-29,104.23999786376953,107.83999633789062,98.44000244140625,103.47000122070312,387200.0
2022-03-30,107.81999969482422,108.75,104.55000305175781,105.23999786376953,284544.0
2022-03-31,100.27999877929688,107.80000305175781,99.66000366210938,107.44999694824219,450845.0
2022-04-01,99.2699966430664,101.75,97.77999877929688,101.2300033569336,324777.0
2022-04-02,99.2699966430664,101.75,97.77999877929688,101.2300033569336,324777.0
2022-04-03,99.2699966430664,101.75,97.77999877929688,101.2300033569336,324777.0
2022-04-04,103.27999877929688,103.94000244140625,98.05000305175781,98.94999694824219,288131.0
2022-04-05,101.95999908447266,105.58999633789062,99.87999725341797,103.66000366210938,280283.0
2022-04-06,96.2300033569336,104.0199966430664,95.7300033569336,101.23999786376953,366036.0
2022-04-07,96.02999877929688,98.81999969482422,93.80999755859375,97.16000366210938,367318.0
2022-04-08,98.26000213623047,98.76000213623047,95.29000091552734,97.16999816894531,310082.0
2022-04-09,98.26000213623047,98.76000213623047,95.29000091552734,97.16999816894531,310082.0
2022-04-10,98.26000213623047,98.76000213623047,95.29000091552734,97.16999816894531,310082.0
2022-04-11,94.29000091552734,98.5199966430664,92.93000030517578,98.4000015258789,315873.0
2022-04-12,100.5999984741211,101.3499984741211,94.83999633789062,95.16999816894531,329037.0
2022-04-13,104.25,104.47000122070312,99.87000274658203,100.91000366210938,312502.0
2022-04-14,106.94999694824219,107.63999938964844,102.12000274658203,104.19999694824219,244952.0
2022-04-15,106.94999694824219,107.63999938964844,102.12000274658203,104.19999694824219,244952.0
2022-04-16,106.94999694824219,107.63999938964844,102.12000274658203,104.19999694824219,244952.0
2022-04-17,106.94999694824219,107.63999938964844,102.12000274658203,104.19999694824219,244952.0
2022-04-18,108.20999908447266,109.80999755859375,106.0,107.02999877929688,68489.0
2022-04-19,102.55999755859375,108.91999816894531,102.0999984741211,107.75,71792.0
2022-04-20,102.75,104.16000366210938,100.69999694824219,103.05000305175781,299028.0
2022-04-21,103.79000091552734,105.41999816894531,102.01000213623047,102.5,280321.0
2022-04-22,102.06999969482422,104.22000122070312,101.05999755859375,104.06999969482422,246116.0
2022-04-23,102.06999969482422,104.22000122070312,101.05999755859375,104.06999969482422,246116.0
2022-04-24,102.06999969482422,104.22000122070312,101.05999755859375,104.06999969482422,246116.0
2022-04-25,98.54000091552734,101.55000305175781,95.27999877929688,101.37999725341797,328153.0
2022-04-26,101.69999694824219,102.77999877929688,97.05999755859375,98.63999938964844,351850.0
2022-04-27,102.0199966430664,102.98999786376953,99.80000305175781,101.76000213623047,278781.0
2022-04-28,105.36000061035156,105.68000030517578,100.12999725341797,102.11000061035156,312064.0
2022-04-29,104.69000244140625,107.98999786376953,103.77999877929688,105.16999816894531,294386.0
2022-04-30,104.69000244140625,107.98999786376953,103.77999877929688,105.16999816894531,294386.0
2022-05-01,104.69000244140625,107.98999786376953,103.77999877929688,105.16999816894531,294386.0
2022-05-02,105.16999816894531,105.94000244140625,100.27999877929688,104.0,261878.0
2022-05-03,102.41000366210938,105.80000305175781,102.0999984741211,105.08000183105469,239266.0
2022-05-04,107.80999755859375,108.61000061035156,102.94999694824219,103.5,272909.0
2022-05-05,108.26000213623047,111.37000274658203,106.44999694824219,107.58000183105469,286916.0
2022-05-06,109.7699966430664,111.18000030517578,107.23999786376953,108.69999694824219,294278.0
2022-05-07,109.7699966430664,111.18000030517578,107.23999786376953,108.69999694824219,294278.0
2022-05-08,109.7699966430664,111.18000030517578,107.23999786376953,108.69999694824219,294278.0
2022-05-09,103.08999633789062,110.48999786376953,102.12999725341797,110.43000030517578,368183.0
2022-05-10,99.76000213623047,104.16000366210938,98.86000061035156,102.6500015258789,389750.0
2022-05-11,105.70999908447266,106.44000244140625,98.19999694824219,99.0,382701.0
2022-05-12,106.12999725341797,107.37000274658203,102.66000366210938,105.62999725341797,323547.0
2022-05-13,110.48999786376953,110.63999938964844,106.29000091552734,106.6500015258789,240989.0
2022-05-14,110.48999786376953,110.63999938964844,106.29000091552734,106.6500015258789,240989.0
2022-05-15,110.48999786376953,110.63999938964844,106.29000091552734,106.6500015258789,240989.0
2022-05-16,114.19999694824219,114.9000015258789,108.11000061035156,110.9800033569336,289127.0
2022-05-17,112.4000015258789,115.55999755859375,111.75,113.87000274658203,252630.0
2022-05-18,109.58999633789062,115.41999816894531,108.45999908447266,113.66000366210938,103669.0
2022-05-19,112.20999908447266,112.62000274658203,105.12999725341797,109.08999633789062,68511.0
2022-05-20,113.2300033569336,114.04000091552734,110.8499984741211,111.44999694824219,229930.0
2022-05-21,113.2300033569336,114.04000091552734,110.8499984741211,111.44999694824219,229930.0
2022-05-22,113.2300033569336,114.04000091552734,110.8499984741211,111.44999694824219,229930.0
2022-05-23,110.29000091552734,111.95999908447266,109.1500015258789,110.55999755859375,215623.0
2022-05-24,109.7699966430664,111.43000030517578,108.61000061035156,110.41000366210938,224794.0
2022-05-25,110.33000183105469,111.68000030517578,109.2300033569336,110.38999938964844,191370.0
2022-05-26,114.08999633789062,114.83000183105469,110.2699966430664,110.69000244140625,234752.0
2022-05-27,115.06999969482422,115.30000305175781,112.8499984741211,114.19999694824219,217281.0
2022-05-28,115.06999969482422,115.30000305175781,112.8499984741211,114.19999694824219,217281.0
2022-05-29,115.06999969482422,115.30000305175781,112.8499984741211,114.19999694824219,217281.0
2022-05-30,115.06999969482422,115.30000305175781,112.8499984741211,114.19999694824219,217281.0
2022-05-31,114.66999816894531,119.9800033569336,114.1500015258789,114.95999908447266,440796.0
2022-06-01,115.26000213623047,117.87000274658203,114.58000183105469,115.4000015258789,290530.0
2022-06-02,116.87000274658203,117.7699966430664,111.19999694824219,114.80000305175781,327600.0
2022-06-03,118.87000274658203,120.45999908447266,115.2300033569336,117.55000305175781,240831.0
2022-06-04,118.87000274658203,120.45999908447266,115.2300033569336,117.55000305175781,240831.0
2022-06-05,118.87000274658203,120.45999908447266,115.2300033569336,117.55000305175781,240831.0
2022-06-06,118.5,120.98999786376953,117.62999725341797,120.81999969482422,246825.0
2022-06-07,119.41000366210938,120.36000061035156,117.13999938964844,119.0999984741211,341694.0
2022-06-08,122.11000061035156,123.18000030517578,119.30000305175781,119.79000091552734,340591.0
2022-06-09,121.51000213623047,122.72000122070312,120.79000091552734,122.43000030517578,293295.0
2022-06-10,120.66999816894531,122.75,118.33000183105469,121.45999908447266,352906.0
2022-06-11,120.66999816894531,122.75,118.33000183105469,121.45999908447266,352906.0
2022-06-12,120.66999816894531,122.75,118.33000183105469,121.45999908447266,352906.0
2022-06-13,120.93000030517578,122.25,117.47000122070312,120.19000244140625,372403.0
2022-06-14,118.93000030517578,123.68000030517578,116.62000274658203,121.08999633789062,366320.0
2022-06-15,115.30999755859375,119.61000061035156,114.5999984741211,119.06999969482422,301750.0
2022-06-16,117.58999633789062,118.08000183105469,112.30999755859375,115.9800033569336,162543.0
2022-06-17,109.55999755859375,118.97000122070312,108.25,117.08000183105469,103149.0
2022-06-18,109.55999755859375,118.97000122070312,108.25,117.08000183105469,103149.0
2022-06-19,109.55999755859375,118.97000122070312,108.25,117.08000183105469,103149.0
2022-06-20,109.55999755859375,118.97000122070312,108.25,117.08000183105469,103149.0
2022-06-21,110.6500015258789,112.47000122070312,108.72000122070312,110.58000183105469,427262.0
2022-06-22,106.19000244140625,109.76000213623047,101.52999877929688,109.54000091552734,432724.0
2022-06-23,104.2699966430664,107.05000305175781,102.31999969482422,104.41999816894531,346362.0
2022-06-24,107.62000274658203,108.58000183105469,103.63999938964844,103.98999786376953,321591.0
2022-06-25,107.62000274658203,108.58000183105469,103.63999938964844,103.98999786376953,321591.0
2022-06-26,107.62000274658203,108.58000183105469,103.63999938964844,103.98999786376953,321591.0
2022-06-27,109.56999969482422,110.54000091552734,105.5999984741211,107.22000122070312,282914.0
2022-06-28,111.76000213623047,112.22000122070312,109.62000274658203,110.18000030517578,306748.0
2022-06-29,109.77999877929688,114.05000305175781,109.22000122070312,111.86000061035156,322060.0
2022-06-30,105.76000213623047,110.44999694824219,105.0999984741211,109.69999694824219,362890.0
2022-07-01,108.43000030517578,109.33999633789062,104.55999755859375,106.01000213623047,305338.0
2022-07-02,108.43000030517578,109.33999633789062,104.55999755859375,106.01000213623047,305338.0
2022-07-03,108.43000030517578,109.33999633789062,104.55999755859375,106.01000213623047,305338.0
2022-07-04,108.43000030517578,109.33999633789062,104.55999755859375,106.01000213623047,305338.0
2022-07-05,99.5,111.44999694824219,97.43000030517578,108.80000305175781,594215.0
2022-07-06,98.52999877929688,102.13999938964844,95.0999984741211,100.36000061035156,444106.0
2022-07-07,102.7300033569336,104.4800033569336,96.56999969482422,98.22000122070312,379861.0
2022-07-08,104.79000091552734,105.23999786376953,101.51000213623047,102.22000122070312,327461.0
2022-07-09,104.79000091552734,105.23999786376953,101.51000213623047,102.22000122070312,327461.0
2022-07-10,104.79000091552734,105.23999786376953,101.51000213623047,102.22000122070312,327461.0
2022-07-11,104.08999633789062,105.05000305175781,100.88999938964844,104.79000091552734,348566.0
2022-07-12,95.83999633789062,103.48999786376953,95.3499984741211,103.45999908447266,398552.0
2022-07-13,96.30000305175781,97.95999908447266,93.66999816894531,95.88999938964844,347193.0
2022-07-14,95.77999877929688,97.0,90.55999755859375,96.56999969482422,387528.0
2022-07-15,97.58999633789062,99.02999877929688,94.56999969482422,96.38999938964844,240766.0
2022-07-16,97.58999633789062,99.02999877929688,94.56999969482422,96.38999938964844,240766.0
2022-07-17,97.58999633789062,99.02999877929688,94.56999969482422,96.38999938964844,240766.0
2022-07-18,102.5999984741211,102.80000305175781,95.8499984741211,97.2699966430664,84669.0
2022-07-19,104.22000122070312,104.45999908447266,99.8499984741211,102.0,63149.0
2022-07-20,102.26000213623047,104.38999938964844,101.51000213623047,103.5999984741211,315620.0
2022-07-21,96.3499984741211,99.98999786376953,94.58999633789062,99.91000366210938,318911.0
2022-07-22,94.69999694824219,97.94999694824219,94.2300033569336,96.51000213623047,307568.0
2022-07-23,94.69999694824219,97.94999694824219,94.2300033569336,96.51000213623047,307568.0
2022-07-24,94.69999694824219,97.94999694824219,94.2300033569336,96.51000213623047,307568.0
2022-07-25,96.69999694824219,96.94000244140625,93.01000213623047,95.0999984741211,278998.0
2022-07-26,94.9800033569336,99.0,94.76000213623047,96.33000183105469,310043.0
2022-07-27,97.26000213623047,98.58999633789062,94.30000305175781,95.5999984741211,321903.0
2022-07-28,96.41999816894531,99.83999633789062,96.04000091552734,98.16999816894531,318403.0
2022-07-29,98.62000274658203,101.87999725341797,96.41000366210938,97.30000305175781,349374.0
2022-07-30,98.62000274658203,101.87999725341797,96.41000366210938,97.30000305175781,349374.0
2022-07-31,98.62000274658203,101.87999725341797,96.41000366210938,97.30000305175781,349374.0
2022-08-01,93.88999938964844,98.6500015258789,92.41999816894531,98.45999908447266,365293.0
2022-08-02,94.41999816894531,96.47000122070312,92.58999633789062,93.75,328538.0
2022-08-03,90.66000366210938,96.56999969482422,90.37999725341797,93.83000183105469,395099.0
2022-08-04,88.54000091552734,91.9000015258789,87.55000305175781,90.94999694824219,334931.0
2022-08-05,89.01000213623047,90.76000213623047,87.01000213623047,88.05999755859375,350016.0
2022-08-06,89.01000213623047,90.76000213623047,87.01000213623047,88.05999755859375,350016.0
2022-08-07,89.01000213623047,90.76000213623047,87.01000213623047,88.05999755859375,350016.0
2022-08-08,90.76000213623047,90.88999938964844,87.22000122070312,88.45999908447266,340157.0
2022-08-09,90.5,92.6500015258789,89.05000305175781,90.69000244140625,347045.0
2022-08-10,91.93000030517578,92.43000030517578,87.66000366210938,90.51000213623047,383766.0
2022-08-11,94.33999633789062,95.05000305175781,91.23999786376953,91.55000305175781,341234.0
2022-08-12,92.08999633789062,94.80999755859375,91.16000366210938,94.08999633789062,264953.0
2022-08-13,92.08999633789062,94.80999755859375,91.16000366210938,94.08999633789062,264953.0
2022-08-14,92.08999633789062,94.80999755859375,91.16000366210938,94.08999633789062,264953.0
2022-08-15,89.41000366210938,92.0999984741211,86.81999969482422,91.94000244140625,275443.0
2022-08-16,86.52999877929688,90.6500015258789,85.7300033569336,87.93000030517578,305366.0
2022-08-17,88.11000061035156,89.16000366210938,85.87999725341797,87.0999984741211,230346.0
2022-08-18,90.5,91.45999908447266,87.31999969482422,87.38999938964844,80029.0
2022-08-19,90.7699966430664,92.08999633789062,88.37999725341797,90.38999938964844,58714.0
2022-08-20,90.7699966430664,92.08999633789062,88.37999725341797,90.38999938964844,58714.0
2022-08-21,90.7699966430664,92.08999633789062,88.37999725341797,90.38999938964844,58714.0
2022-08-22,90.2300033569336,91.26000213623047,86.5999984741211,89.6500015258789,352665.0
2022-08-23,93.73999786376953,94.22000122070312,90.41999816894531,90.55000305175781,285607.0
2022-08-24,94.88999938964844,95.4000015258789,92.79000091552734,93.77999877929688,320388.0
2022-08-25,92.5199966430664,95.76000213623047,92.29000091552734,95.3499984741211,279877.0
2022-08-26,93.05999755859375,94.0199966430664,91.08000183105469,93.05999755859375,288392.0
2022-08-27,93.05999755859375,94.0199966430664,91.08000183105469,93.05999755859375,288392.0
2022-08-28,93.05999755859375,94.0199966430664,91.08000183105469,93.05999755859375,288392.0
2022-08-29,97.01000213623047,97.37000274658203,92.29000091552734,92.95999908447266,283463.0
2022-08-30,91.63999938964844,97.66000366210938,90.54000091552734,96.9000015258789,386272.0
2022-08-31,89.55000305175781,92.7300033569336,88.2699966430664,92.30999755859375,344147.0
2022-09-01,86.61000061035156,89.62999725341797,85.9800033569336,88.83000183105469,305106.0
2022-09-02,86.87000274658203,89.66000366210938,86.3499984741211,86.55999755859375,277533.0
2022-09-03,86.87000274658203,89.66000366210938,86.3499984741211,86.55999755859375,277533.0
2022-09-04,86.87000274658203,89.66000366210938,86.3499984741211,86.55999755859375,277533.0
2022-09-05,86.87000274658203,89.66000366210938,86.3499984741211,86.55999755859375,277533.0
2022-09-06,86.87999725341797,90.38999938964844,86.18000030517578,86.83999633789062,420255.0
2022-09-07,81.94000244140625,87.76000213623047,81.5,86.93000030517578,380781.0
2022-09-08,83.54000091552734,84.25,81.19999694824219,81.91000366210938,342763.0
2022-09-09,86.79000091552734,87.19999694824219,82.70999908447266,82.80000305175781,305188.0
2022-09-10,86.79000091552734,87.19999694824219,82.70999908447266,82.80000305175781,305188.0
2022-09-11,86.79000091552734,87.19999694824219,82.70999908447266,82.80000305175781,305188.0
2022-09-12,87.77999877929688,89.0999984741211,85.16000366210938,86.25,275104.0
2022-09-13,87.30999755859375,89.30999755859375,85.05999755859375,88.08999633789062,347998.0
2022-09-14,88.4800033569336,90.19000244140625,86.18000030517578,87.94000244140625,335381.0
2022-09-15,85.0999984741211,89.1500015258789,84.52999877929688,88.91000366210938,235358.0
2022-09-16,85.11000061035156,86.58999633789062,84.2699966430664,85.16000366210938,87829.0
2022-09-17,85.11000061035156,86.58999633789062,84.2699966430664,85.16000366210938,87829.0
2022-09-18,85.11000061035156,86.58999633789062,84.2699966430664,85.16000366210938,87829.0
2022-09-19,85.7300033569336,86.22000122070312,82.0999984741211,85.20999908447266,59626.0
2022-09-20,84.44999694824219,86.44999694824219,83.5199966430664,85.61000061035156,279813.0
2022-09-21,82.94000244140625,86.68000030517578,82.48999786376953,84.25,339683.0
2022-09-22,83.48999786376953,86.0,82.4000015258789,83.06999969482422,303492.0
2022-09-23,78.73999786376953,83.91999816894531,78.04000091552734,83.54000091552734,334271.0
2022-09-24,78.73999786376953,83.91999816894531,78.04000091552734,83.54000091552734,334271.0
2022-09-25,78.73999786376953,83.91999816894531,78.04000091552734,83.54000091552734,334271.0
2022-09-26,76.70999908447266,80.30999755859375,76.25,79.2300033569336,280927.0
2022-09-27,78.5,79.51000213623047,76.41999816894531,76.47000122070312,283614.0
2022-09-28,82.1500015258789,82.33999633789062,76.55000305175781,78.08000183105469,324678.0
2022-09-29,81.2300033569336,82.94000244140625,80.33999633789062,81.9000015258789,286126.0
2022-09-30,79.48999786376953,82.55999755859375,79.13999938964844,81.73999786376953,253154.0
2022-10-01,79.48999786376953,82.55999755859375,79.13999938964844,81.73999786376953,253154.0
2022-10-02,79.48999786376953,82.55999755859375,79.13999938964844,81.73999786376953,253154.0
2022-10-03,83.62999725341797,84.55999755859375,80.87000274658203,81.0199966430664,287168.0
2022-10-04,86.5199966430664,86.9800033569336,83.22000122070312,83.22000122070312,302549.0
2022-10-05,87.76000213623047,88.41999816894531,85.41999816894531,86.37000274658203,329790.0
2022-10-06,88.44999694824219,89.06999969482422,87.04000091552734,88.08000183105469,235296.0
2022-10-07,92.63999938964844,93.30999755859375,88.0,88.93000030517578,429162.0
2022-10-08,92.63999938964844,93.30999755859375,88.0,88.93000030517578,429162.0
2022-10-09,92.63999938964844,93.30999755859375,88.0,88.93000030517578,429162.0
2022-10-10,91.12999725341797,93.63999938964844,90.54000091552734,93.4800033569336,289508.0
2022-10-11,89.3499984741211,91.3499984741211,87.91000366210938,91.13999938964844,333158.0
2022-10-12,87.2699966430664,90.06999969482422,86.27999877929688,88.66999816894531,332271.0
2022-10-13,89.11000061035156,89.66000366210938,85.55999755859375,87.08000183105469,298032.0
2022-10-14,85.61000061035156,89.7300033569336,85.19999694824219,89.2699966430664,237026.0
2022-10-15,85.61000061035156,89.7300033569336,85.19999694824219,89.2699966430664,237026.0
2022-10-16,85.61000061035156,89.7300033569336,85.19999694824219,89.2699966430664,237026.0
2022-10-17,85.45999908447266,87.12000274658203,84.61000061035156,85.58999633789062,172020.0
2022-10-18,82.81999969482422,86.51000213623047,82.08999633789062,85.69999694824219,97304.0
2022-10-19,85.55000305175781,86.19999694824219,82.58999633789062,83.69000244140625,71309.0
2022-10-20,85.9800033569336,88.16999816894531,85.22000122070312,85.94000244140625,338344.0
2022-10-21,85.05000305175781,85.9000015258789,83.1500015258789,85.06999969482422,272803.0
2022-10-22,85.05000305175781,85.9000015258789,83.1500015258789,85.06999969482422,272803.0
2022-10-23,85.05000305175781,85.9000015258789,83.1500015258789,85.06999969482422,272803.0
2022-10-24,84.58000183105469,85.91999816894531,82.62999725341797,85.23999786376953,250726.0
2022-10-25,85.31999969482422,86.02999877929688,83.05999755859375,84.87999725341797,240441.0
2022-10-26,87.91000366210938,88.41000366210938,84.13999938964844,85.06999969482422,287182.0
2022-10-27,89.08000183105469,89.79000091552734,87.33000183105469,88.26000213623047,292556.0
2022-10-28,87.9000015258789,88.76000213623047,87.08000183105469,88.66999816894531,263404.0
2022-10-29,87.9000015258789,88.76000213623047,87.08000183105469,88.66999816894531,263404.0
2022-10-30,87.9000015258789,88.76000213623047,87.08000183105469,88.66999816894531,263404.0
2022-10-31,86.52999877929688,88.6500015258789,85.30000305175781,88.38999938964844,285342.0
2022-11-01,88.37000274658203,89.44999694824219,85.91999816894531,86.43000030517578,274321.0
2022-11-02,90.0,90.36000061035156,87.72000122070312,88.62000274658203,280961.0
2022-11-03,88.16999816894531,89.66999816894531,87.5999984741211,89.3499984741211,239816.0
2022-11-04,92.61000061035156,92.87000274658203,87.81999969482422,87.9000015258789,354060.0
2022-11-05,92.61000061035156,92.87000274658203,87.81999969482422,87.9000015258789,354060.0
2022-11-06,92.61000061035156,92.87000274658203,87.81999969482422,87.9000015258789,354060.0
2022-11-07,91.79000091552734,93.73999786376953,90.4000015258789,91.0,322419.0
2022-11-08,88.91000366210938,92.16999816894531,88.5199966430664,91.87000274658203,344223.0
2022-11-09,85.83000183105469,89.23999786376953,85.5,88.56999969482422,388301.0
2022-11-10,86.47000122070312,87.3499984741211,84.69999694824219,85.8499984741211,340007.0
2022-11-11,88.95999908447266,90.0999984741211,86.18000030517578,86.2699966430664,301664.0
2022-11-12,88.95999908447266,90.0999984741211,86.18000030517578,86.2699966430664,301664.0
2022-11-13,88.95999908447266,90.0999984741211,86.18000030517578,86.2699966430664,301664.0
2022-11-14,85.87000274658203,89.83999633789062,85.1500015258789,89.0199966430664,315450.0
2022-11-15,86.91999816894531,88.68000030517578,84.05999755859375,85.25,331709.0
2022-11-16,85.58999633789062,87.51000213623047,84.19999694824219,86.88999938964844,225668.0
2022-11-17,81.63999938964844,85.44999694824219,81.4000015258789,85.22000122070312,138476.0
2022-11-18,80.08000183105469,82.63999938964844,77.23999786376953,82.08999633789062,96583.0
2022-11-19,80.08000183105469,82.63999938964844,77.23999786376953,82.08999633789062,96583.0
2022-11-20,80.08000183105469,82.63999938964844,77.23999786376953,82.08999633789062,96583.0
2022-11-21,79.7300033569336,80.30000305175781,75.08000183105469,80.30000305175781,475104.0
2022-11-22,80.94999694824219,82.36000061035156,79.8499984741211,80.22000122070312,269615.0
2022-11-23,77.94000244140625,81.94999694824219,76.83000183105469,81.08000183105469,379145.0
2022-11-24,77.94000244140625,81.94999694824219,76.83000183105469,81.08000183105469,379145.0
2022-11-25,76.27999877929688,79.9000015258789,76.22000122070312,77.51000213623047,266451.0
2022-11-26,76.27999877929688,79.9000015258789,76.22000122070312,77.51000213623047,266451.0
2022-11-27,76.27999877929688,79.9000015258789,76.22000122070312,77.51000213623047,266451.0
2022-11-28,77.23999786376953,77.83999633789062,73.5999984741211,75.93000030517578,405033.0
2022-11-29,78.19999694824219,79.6500015258789,76.29000091552734,76.54000091552734,381869.0
2022-11-30,80.55000305175781,81.37999725341797,78.4000015258789,79.0,287534.0
2022-12-01,81.22000122070312,83.33999633789062,79.93000030517578,80.4000015258789,321432.0
2022-12-02,79.9800033569336,82.22000122070312,79.6500015258789,81.47000122070312,280235.0
2022-12-03,79.9800033569336,82.22000122070312,79.6500015258789,81.47000122070312,280235.0
2022-12-04,79.9800033569336,82.22000122070312,79.6500015258789,81.47000122070312,280235.0
2022-12-05,76.93000030517578,82.72000122070312,76.7699966430664,79.98999786376953,346657.0
2022-12-06,74.25,77.87999725341797,73.41000366210938,77.3499984741211,380598.0
2022-12-07,72.01000213623047,75.37999725341797,71.75,74.55000305175781,392236.0
2022-12-08,71.45999908447266,75.44000244140625,71.12000274658203,72.37999725341797,474459.0
2022-12-09,71.0199966430664,72.91999816894531,70.08000183105469,71.8499984741211,356722.0
2022-12-10,71.0199966430664,72.91999816894531,70.08000183105469,71.8499984741211,356722.0
2022-12-11,71.0199966430664,72.91999816894531,70.08000183105469,71.8499984741211,356722.0
2022-12-12,73.16999816894531,73.98999786376953,70.25,71.79000091552734,323553.0
2022-12-13,75.38999938964844,76.37000274658203,73.20999908447266,73.29000091552734,352858.0
2022-12-14,77.27999877929688,77.75,74.9000015258789,75.2699966430664,292488.0
2022-12-15,76.11000061035156,77.7699966430664,75.33000183105469,77.37000274658203,224663.0
2022-12-16,74.29000091552734,76.56999969482422,73.33000183105469,76.37000274658203,99205.0
2022-12-17,74.29000091552734,76.56999969482422,73.33000183105469,76.37000274658203,99205.0
2022-12-18,74.29000091552734,76.56999969482422,73.33000183105469,76.37000274658203,99205.0
2022-12-19,75.19000244140625,76.41000366210938,73.80999755859375,74.5,69348.0
2022-12-20,76.08999633789062,76.75,74.30999755859375,75.69999694824219,254792.0
2022-12-21,78.29000091552734,78.61000061035156,75.80000305175781,75.98999786376953,234624.0
2022-12-22,77.48999786376953,79.9000015258789,77.02999877929688,78.43000030517578,219142.0
2022-12-23,79.55999755859375,80.33000183105469,77.9800033569336,78.18000030517578,237711.0
2022-12-24,79.55999755859375,80.33000183105469,77.9800033569336,78.18000030517578,237711.0
2022-12-25,79.55999755859375,80.33000183105469,77.9800033569336,78.18000030517578,237711.0
2022-12-26,79.55999755859375,80.33000183105469,77.9800033569336,78.18000030517578,237711.0
2022-12-27,79.52999877929688,81.18000030517578,79.16000366210938,79.9000015258789,199601.0
2022-12-28,78.95999908447266,79.91999816894531,77.30000305175781,79.88999938964844,207717.0
2022-12-29,78.4000015258789,78.81999969482422,76.79000091552734,78.81999969482422,199858.0
2022-12-30,80.26000213623047,80.66999816894531,77.70999908447266,78.7300033569336,205909.0
2022-12-31,80.26000213623047,80.66999816894531,77.70999908447266,78.7300033569336,205909.0
2023-01-01,80.26000213623047,80.66999816894531,77.70999908447266,78.7300033569336,205909.0
2023-01-02,80.26000213623047,80.66999816894531,77.70999908447266,78.7300033569336,205909.0
2023-01-03,76.93000030517578,81.5,76.5999984741211,80.56999969482422,338520.0
2023-01-04,72.83999633789062,77.41999816894531,72.7300033569336,77.25,352434.0
2023-01-05,73.66999816894531,74.91999816894531,72.45999908447266,73.25,300731.0
2023-01-06,73.7699966430664,75.47000122070312,73.23999786376953,73.97000122070312,258128.0
2023-01-07,73.7699966430664,75.47000122070312,73.23999786376953,73.97000122070312,258128.0
2023-01-08,73.7699966430664,75.47000122070312,73.23999786376953,73.97000122070312,258128.0
2023-01-09,74.62999725341797,76.73999786376953,73.47000122070312,73.47000122070312,329290.0
2023-01-10,75.12000274658203,75.91999816894531,73.83999633789062,74.86000061035156,307430.0
2023-01-11,77.41000366210938,77.83999633789062,74.30999755859375,74.77999877929688,350891.0
2023-01-12,78.38999938964844,79.16000366210938,77.0999984741211,77.69999694824219,307705.0
2023-01-13,79.86000061035156,80.11000061035156,77.97000122070312,78.31999969482422,283539.0
2023-01-14,79.86000061035156,80.11000061035156,77.97000122070312,78.31999969482422,283539.0
2023-01-15,79.86000061035156,80.11000061035156,77.97000122070312,78.31999969482422,283539.0
2023-01-16,79.86000061035156,80.11000061035156,77.97000122070312,78.31999969482422,283539.0
2023-01-17,80.18000030517578,81.2300033569336,78.52999877929688,80.0999984741211,312275.0
2023-01-18,79.4800033569336,82.37999725341797,78.94000244140625,80.97000122070312,92549.0
2023-01-19,80.33000183105469,81.18000030517578,78.12999725341797,79.13999938964844,58863.0
2023-01-20,81.30999755859375,81.63999938964844,79.69000244140625,80.5999984741211,300145.0
2023-01-21,81.30999755859375,81.63999938964844,79.69000244140625,80.5999984741211,300145.0
2023-01-22,81.30999755859375,81.63999938964844,79.69000244140625,80.5999984741211,300145.0
2023-01-23,81.62000274658203,82.63999938964844,81.05000305175781,81.79000091552734,297076.0
2023-01-24,80.12999725341797,82.22000122070312,79.66000366210938,81.62000274658203,288207.0
2023-01-25,80.1500015258789,81.2300033569336,79.44999694824219,80.26000213623047,297234.0
2023-01-26,81.01000213623047,82.13999938964844,79.91999816894531,80.4800033569336,291060.0
2023-01-27,79.68000030517578,82.4800033569336,79.04000091552734,81.22000122070312,367588.0
2023-01-28,79.68000030517578,82.4800033569336,79.04000091552734,81.22000122070312,367588.0
2023-01-29,79.68000030517578,82.4800033569336,79.04000091552734,81.22000122070312,367588.0
2023-01-30,77.9000015258789,80.48999786376953,77.66000366210938,80.04000091552734,327426.0
2023-01-31,78.87000274658203,79.25,76.55000305175781,77.91000366210938,312734.0
2023-02-01,76.41000366210938,79.7300033569336,76.05000305175781,79.05999755859375,360859.0
2023-02-02,75.87999725341797,77.23999786376953,74.97000122070312,76.79000091552734,339755.0
2023-02-03,73.38999938964844,78.0,73.0999984741211,75.91999816894531,413414.0
2023-02-04,73.38999938964844,78.0,73.0999984741211,75.91999816894531,413414.0
2023-02-05,73.38999938964844,78.0,73.0999984741211,75.91999816894531,413414.0
2023-02-06,74.11000061035156,74.51000213623047,72.25,73.2300033569336,380028.0
2023-02-07,77.13999938964844,77.5999984741211,74.3499984741211,74.56999969482422,408279.0
2023-02-08,78.47000122070312,78.56999969482422,77.08000183105469,77.48999786376953,353468.0
2023-02-09,78.05999755859375,78.83999633789062,76.5199966430664,78.44999694824219,324156.0
2023-02-10,79.72000122070312,80.33000183105469,77.47000122070312,77.68000030517578,356062.0
2023-02-11,79.72000122070312,80.33000183105469,77.47000122070312,77.68000030517578,356062.0
2023-02-12,79.72000122070312,80.33000183105469,77.47000122070312,77.68000030517578,356062.0
2023-02-13,80.13999938964844,80.62000274658203,78.44999694824219,79.94000244140625,301299.0
2023-02-14,79.05999755859375,79.61000061035156,77.45999908447266,79.05999755859375,299938.0
2023-02-15,78.58999633789062,79.1500015258789,77.25,78.83000183105469,264486.0
2023-02-16,78.48999786376953,79.54000091552734,77.91999816894531,78.54000091552734,117600.0
2023-02-17,76.33999633789062,78.25,75.05999755859375,78.06999969482422,93267.0
2023-02-18,76.33999633789062,78.25,75.05999755859375,78.06999969482422,93267.0
2023-02-19,76.33999633789062,78.25,75.05999755859375,78.06999969482422,93267.0
2023-02-20,76.33999633789062,78.25,75.05999755859375,78.06999969482422,93267.0
2023-02-21,76.16000366210938,77.51000213623047,75.69000244140625,76.52999877929688,402351.0
2023-02-22,73.94999694824219,76.55000305175781,73.80000305175781,76.11000061035156,332018.0
2023-02-23,75.38999938964844,75.98999786376953,73.83000183105469,73.91999816894531,333838.0
2023-02-24,76.31999969482422,76.62999725341797,74.08999633789062,75.5999984741211,329254.0
2023-02-25,76.31999969482422,76.62999725341797,74.08999633789062,75.5999984741211,329254.0
2023-02-26,76.31999969482422,76.62999725341797,74.08999633789062,75.5999984741211,329254.0
2023-02-27,75.68000030517578,76.81999969482422,74.98999786376953,76.41999816894531,266091.0
2023-02-28,77.05000305175781,77.83000183105469,75.55000305175781,75.76000213623047,300093.0
2023-03-01,77.69000244140625,77.8499984741211,76.12000274658203,76.8499984741211,342121.0
2023-03-02,78.16000366210938,78.58999633789062,77.2300033569336,77.73999786376953,260331.0
2023-03-03,79.68000030517578,79.9000015258789,75.83000183105469,77.88999938964844,374201.0
2023-03-04,79.68000030517578,79.9000015258789,75.83000183105469,77.88999938964844,374201.0
2023-03-05,79.68000030517578,79.9000015258789,75.83000183105469,77.88999938964844,374201.0
2023-03-06,80.45999908447266,80.62999725341797,78.31999969482422,79.91999816894531,292351.0
2023-03-07,77.58000183105469,80.94000244140625,77.05999755859375,80.5,398241.0
2023-03-08,76.66000366210938,77.7300033569336,76.11000061035156,77.31999969482422,335930.0
2023-03-09,75.72000122070312,78.05999755859375,75.43000030517578,76.5,349960.0
2023-03-10,76.68000030517578,77.11000061035156,74.7699966430664,75.6500015258789,371834.0
2023-03-11,76.68000030517578,77.11000061035156,74.7699966430664,75.6500015258789,371834.0
2023-03-12,76.68000030517578,77.11000061035156,74.7699966430664,75.6500015258789,371834.0
2023-03-13,74.80000305175781,77.47000122070312,72.30000305175781,76.5999984741211,457423.0
2023-03-14,71.33000183105469,74.9000015258789,70.77999877929688,74.69999694824219,432858.0
2023-03-15,67.61000061035156,72.55999755859375,65.6500015258789,71.55999755859375,555164.0
2023-03-16,68.3499984741211,69.37999725341797,65.70999908447266,68.22000122070312,327120.0
2023-03-17,66.73999786376953,69.63999938964844,65.16999816894531,68.26000213623047,152255.0
2023-03-18,66.73999786376953,69.63999938964844,65.16999816894531,68.26000213623047,152255.0
2023-03-19,66.73999786376953,69.63999938964844,65.16999816894531,68.26000213623047,152255.0
2023-03-20,67.63999938964844,67.69999694824219,64.12000274658203,66.62000274658203,76873.0
2023-03-21,69.33000183105469,69.5999984741211,66.7699966430664,67.62000274658203,409495.0
2023-03-22,70.9000015258789,71.30999755859375,68.88999938964844,69.4800033569336,337639.0
2023-03-23,69.95999908447266,71.66999816894531,69.13999938964844,69.94999694824219,335241.0
2023-03-24,69.26000213623047,70.37999725341797,66.81999969482422,69.51000213623047,380852.0
2023-03-25,69.26000213623047,70.37999725341797,66.81999969482422,69.51000213623047,380852.0
2023-03-26,69.26000213623047,70.37999725341797,66.81999969482422,69.51000213623047,380852.0
2023-03-27,72.80999755859375,73.0999984741211,69.12999725341797,69.41999816894531,353598.0
2023-03-28,73.19999694824219,73.93000030517578,72.19000244140625,72.86000061035156,328472.0
2023-03-29,72.97000122070312,74.37000274658203,72.76000213623047,73.61000061035156,312669.0
2023-03-30,74.37000274658203,74.62999725341797,72.61000061035156,72.9800033569336,269743.0
2023-03-31,75.66999816894531,75.72000122070312,73.7699966430664,74.37000274658203,304361.0
2023-04-01,75.66999816894531,75.72000122070312,73.7699966430664,74.37000274658203,304361.0
2023-04-02,75.66999816894531,75.72000122070312,73.7699966430664,74.37000274658203,304361.0
2023-04-03,80.41999816894531,81.69000244140625,79.0,80.0999984741211,547126.0
2023-04-04,80.70999908447266,81.80999755859375,79.61000061035156,80.44000244140625,343570.0
2023-04-05,80.61000061035156,81.23999786376953,79.72000122070312,81.01000213623047,254974.0
2023-04-06,80.69999694824219,80.95999908447266,79.6500015258789,80.37000274658203,0.0
2023-04-07,80.69999694824219,80.95999908447266,79.6500015258789,80.37000274658203,0.0
2023-04-08,80.69999694824219,80.95999908447266,79.6500015258789,80.37000274658203,0.0
2023-04-09,80.69999694824219,80.95999908447266,79.6500015258789,80.37000274658203,0.0
2023-04-10,79.73999786376953,81.22000122070312,79.61000061035156,80.5,264906.0
2023-04-11,81.52999877929688,81.58999633789062,79.37000274658203,79.87999725341797,309683.0
2023-04-12,83.26000213623047,83.52999877929688,81.27999877929688,81.44000244140625,356133.0
2023-04-13,82.16000366210938,83.44000244140625,82.11000061035156,83.22000122070312,261230.0
2023-04-14,82.5199966430664,83.12000274658203,81.76000213623047,82.4000015258789,275129.0
2023-04-15,82.5199966430664,83.12000274658203,81.76000213623047,82.4000015258789,275129.0
2023-04-16,82.5199966430664,83.12000274658203,81.76000213623047,82.4000015258789,275129.0
2023-04-17,80.83000183105469,82.70999908447266,80.47000122070312,82.4800033569336,217048.0
2023-04-18,80.86000061035156,81.4800033569336,79.87000274658203,81.0,96290.0
2023-04-19,79.16000366210938,81.18000030517578,78.45999908447266,80.91999816894531,78310.0
2023-04-20,77.29000091552734,78.88999938964844,76.97000122070312,78.87000274658203,361413.0
2023-04-21,77.87000274658203,78.38999938964844,76.72000122070312,77.12999725341797,291114.0
2023-04-22,77.87000274658203,78.38999938964844,76.72000122070312,77.12999725341797,291114.0
2023-04-23,77.87000274658203,78.38999938964844,76.72000122070312,77.12999725341797,291114.0
2023-04-24,78.76000213623047,79.18000030517578,76.72000122070312,77.97000122070312,306720.0
2023-04-25,77.06999969482422,79.06999969482422,76.5,78.73999786376953,361646.0
2023-04-26,74.30000305175781,77.93000030517578,74.05000305175781,77.08000183105469,497778.0
2023-04-27,74.76000213623047,75.27999877929688,74.02999877929688,74.37999725341797,345880.0
2023-04-28,76.77999877929688,76.91999816894531,73.93000030517578,74.91000366210938,328399.0
2023-04-29,76.77999877929688,76.91999816894531,73.93000030517578,74.91000366210938,328399.0
2023-04-30,76.77999877929688,76.91999816894531,73.93000030517578,74.91000366210938,328399.0
2023-05-01,75.66000366210938,76.69000244140625,74.52999877929688,76.66000366210938,215017.0
2023-05-02,71.66000366210938,76.11000061035156,71.41999816894531,75.76000213623047,417820.0
2023-05-03,68.5999984741211,71.79000091552734,67.94999694824219,71.55999755859375,490523.0
2023-05-04,68.55999755859375,69.83999633789062,63.63999938964844,68.16000366210938,412495.0
2023-05-05,71.33999633789062,71.80999755859375,68.4800033569336,68.69999694824219,330585.0
2023-05-06,71.33999633789062,71.80999755859375,68.4800033569336,68.69999694824219,330585.0
2023-05-07,71.33999633789062,71.80999755859375,68.4800033569336,68.69999694824219,330585.0
2023-05-08,73.16000366210938,73.69000244140625,71.04000091552734,71.3499984741211,290076.0
2023-05-09,73.70999908447266,73.77999877929688,71.33999633789062,72.83999633789062,317493.0
2023-05-10,72.55999755859375,73.88999938964844,71.80000305175781,73.58000183105469,351506.0
2023-05-11,70.87000274658203,73.5,70.62999725341797,72.7699966430664,365892.0
2023-05-12,70.04000091552734,71.77999877929688,69.93000030517578,71.41999816894531,275435.0
2023-05-13,70.04000091552734,71.77999877929688,69.93000030517578,71.41999816894531,275435.0
2023-05-14,70.04000091552734,71.77999877929688,69.93000030517578,71.41999816894531,275435.0
2023-05-15,71.11000061035156,71.69000244140625,69.41000366210938,70.04000091552734,259013.0
2023-05-16,70.86000061035156,71.79000091552734,70.44999694824219,71.31999969482422,232328.0
2023-05-17,72.83000183105469,73.26000213623047,70.04000091552734,70.5999984741211,273708.0
2023-05-18,71.86000061035156,72.87000274658203,71.41999816894531,72.75,80864.0
2023-05-19,71.55000305175781,73.4000015258789,71.02999877929688,71.94000244140625,69949.0
2023-05-20,71.55000305175781,73.4000015258789,71.02999877929688,71.94000244140625,69949.0
2023-05-21,71.55000305175781,73.4000015258789,71.02999877929688,71.94000244140625,69949.0
2023-05-22,71.98999786376953,72.36000061035156,70.55000305175781,71.69999694824219,263977.0
2023-05-23,72.91000366210938,73.79000091552734,71.70999908447266,72.0999984741211,317586.0
2023-05-24,74.33999633789062,74.7300033569336,73.12999725341797,73.7699966430664,386611.0
2023-05-25,71.83000183105469,74.37000274658203,70.9800033569336,74.20999908447266,422637.0
2023-05-26,72.66999816894531,73.05000305175781,71.48999786376953,71.88999938964844,261498.0
2023-05-27,72.66999816894531,73.05000305175781,71.48999786376953,71.88999938964844,261498.0
2023-05-28,72.66999816894531,73.05000305175781,71.48999786376953,71.88999938964844,261498.0
2023-05-29,72.66999816894531,73.05000305175781,71.48999786376953,71.88999938964844,261498.0
2023-05-30,69.45999908447266,73.55000305175781,69.0199966430664,73.2300033569336,440862.0
2023-05-31,68.08999633789062,69.69000244140625,67.02999877929688,69.62000274658203,444787.0
2023-06-01,70.0999984741211,71.06999969482422,67.51000213623047,67.5999984741211,395393.0
2023-06-02,71.73999786376953,72.16999816894531,70.0,70.20999908447266,322596.0
2023-06-03,71.73999786376953,72.16999816894531,70.0,70.20999908447266,322596.0
2023-06-04,71.73999786376953,72.16999816894531,70.0,70.20999908447266,322596.0
2023-06-05,72.1500015258789,75.05999755859375,71.7300033569336,75.02999877929688,383943.0
2023-06-06,71.73999786376953,72.33000183105469,70.12999725341797,71.98999786376953,314962.0
2023-06-07,72.52999877929688,73.19000244140625,71.01000213623047,71.55999755859375,299127.0
2023-06-08,71.29000091552734,73.27999877929688,69.02999877929688,72.47000122070312,485396.0
2023-06-09,70.16999816894531,71.7699966430664,70.0999984741211,70.94000244140625,300724.0
2023-06-10,70.16999816894531,71.7699966430664,70.0999984741211,70.94000244140625,300724.0
2023-06-11,70.16999816894531,71.7699966430664,70.0999984741211,70.94000244140625,300724.0
2023-06-12,67.12000274658203,70.33000183105469,66.80000305175781,70.2699966430664,404769.0
2023-06-13,69.41999816894531,69.83000183105469,67.1500015258789,67.30999755859375,366354.0
2023-06-14,68.2699966430664,70.48999786376953,68.06999969482422,69.3499984741211,304449.0
2023-06-15,70.62000274658203,70.95999908447266,67.97000122070312,68.69999694824219,115613.0
2023-06-16,71.77999877929688,71.88999938964844,69.94999694824219,70.55000305175781,99185.0
2023-06-17,71.77999877929688,71.88999938964844,69.94999694824219,70.55000305175781,99185.0
2023-06-18,71.77999877929688,71.88999938964844,69.94999694824219,70.55000305175781,99185.0
2023-06-19,71.77999877929688,71.88999938964844,69.94999694824219,70.55000305175781,99185.0
2023-06-20,70.5,72.08999633789062,69.6500015258789,71.44999694824219,430492.0
2023-06-21,72.52999877929688,72.72000122070312,70.80000305175781,70.9000015258789,264656.0
2023-06-22,69.51000213623047,72.6500015258789,68.93000030517578,72.43000030517578,421348.0
2023-06-23,69.16000366210938,69.6500015258789,67.3499984741211,69.52999877929688,322475.0
2023-06-24,69.16000366210938,69.6500015258789,67.3499984741211,69.52999877929688,322475.0
2023-06-25,69.16000366210938,69.6500015258789,67.3499984741211,69.52999877929688,322475.0
2023-06-26,69.37000274658203,70.11000061035156,68.70999908447266,69.83999633789062,280116.0
2023-06-27,67.69999694824219,70.1500015258789,67.5,69.48999786376953,384752.0
2023-06-28,69.55999755859375,69.7300033569336,67.05000305175781,68.01000213623047,368295.0
2023-06-29,69.86000061035156,70.5999984741211,68.93000030517578,69.25,292865.0
2023-06-30,70.63999938964844,71.04000091552734,69.52999877929688,69.81999969482422,299873.0
2023-07-01,70.63999938964844,71.04000091552734,69.52999877929688,69.81999969482422,299873.0
2023-07-02,70.63999938964844,71.04000091552734,69.52999877929688,69.81999969482422,299873.0
2023-07-03,69.79000091552734,71.7699966430664,69.69000244140625,70.44999694824219,303479.0
2023-07-04,69.79000091552734,71.7699966430664,69.69000244140625,70.44999694824219,303479.0
2023-07-05,71.79000091552734,72.16999816894531,69.9000015258789,70.1500015258789,456809.0
2023-07-06,71.80000305175781,72.33999633789062,70.22000122070312,71.80000305175781,395381.0
2023-07-07,73.86000061035156,73.91999816894531,71.19000244140625,71.88999938964844,362632.0
2023-07-08,73.86000061035156,73.91999816894531,71.19000244140625,71.88999938964844,362632.0
2023-07-09,73.86000061035156,73.91999816894531,71.19000244140625,71.88999938964844,362632.0
2023-07-10,72.98999786376953,74.1500015258789,72.66999816894531,73.86000061035156,301014.0
2023-07-11,74.83000183105469,74.95999908447266,72.9800033569336,73.19000244140625,326883.0
2023-07-12,75.75,76.1500015258789,74.66999816894531,74.83000183105469,352887.0
2023-07-13,76.88999938964844,77.33000183105469,75.31999969482422,75.8499984741211,379728.0
2023-07-14,75.41999816894531,77.30000305175781,75.11000061035156,77.16000366210938,299576.0
2023-07-15,75.41999816894531,77.30000305175781,75.11000061035156,77.16000366210938,299576.0
2023-07-16,75.41999816894531,77.30000305175781,75.11000061035156,77.16000366210938,299576.0
2023-07-17,74.1500015258789,76.08999633789062,73.83999633789062,75.0199966430664,244785.0
2023-07-18,75.75,75.95999908447266,73.87999725341797,74.18000030517578,125092.0
2023-07-19,75.3499984741211,76.97000122070312,75.06999969482422,75.83999633789062,92920.0
2023-07-20,75.62999725341797,76.1500015258789,74.72000122070312,75.3499984741211,340962.0
2023-07-21,77.06999969482422,77.29000091552734,75.69000244140625,75.69999694824219,308106.0
2023-07-22,77.06999969482422,77.29000091552734,75.69000244140625,75.69999694824219,308106.0
2023-07-23,77.06999969482422,77.29000091552734,75.69000244140625,75.69999694824219,308106.0
2023-07-24,78.73999786376953,79.27999877929688,76.44000244140625,77.01000213623047,368285.0
2023-07-25,79.62999725341797,79.9000015258789,78.29000091552734,78.8499984741211,349600.0
2023-07-26,78.77999877929688,79.7699966430664,78.55000305175781,79.33999633789062,322031.0
2023-07-27,80.08999633789062,80.5999984741211,78.87000274658203,78.9000015258789,374358.0
2023-07-28,80.58000183105469,80.70999908447266,79.06999969482422,79.83999633789062,299547.0
2023-07-29,80.58000183105469,80.70999908447266,79.06999969482422,79.83999633789062,299547.0
2023-07-30,80.58000183105469,80.70999908447266,79.06999969482422,79.83999633789062,299547.0
2023-07-31,81.80000305175781,82.0,80.12999725341797,80.6500015258789,297270.0
2023-08-01,81.37000274658203,82.22000122070312,80.58999633789062,81.7300033569336,307859.0
2023-08-02,79.48999786376953,82.43000030517578,79.05000305175781,82.05000305175781,414825.0
2023-08-03,81.55000305175781,81.86000061035156,78.69000244140625,79.7699966430664,402641.0
2023-08-04,82.81999969482422,83.23999786376953,81.51000213623047,81.7300033569336,320873.0
2023-08-05,82.81999969482422,83.23999786376953,81.51000213623047,81.7300033569336,320873.0
2023-08-06,82.81999969482422,83.23999786376953,81.51000213623047,81.7300033569336,320873.0
2023-08-07,81.94000244140625,83.30000305175781,81.5199966430664,82.81999969482422,293036.0
2023-08-08,82.91999816894531,83.08000183105469,79.9000015258789,82.52999877929688,424545.0
2023-08-09,84.4000015258789,84.6500015258789,82.66999816894531,82.87999725341797,478140.0
2023-08-10,82.81999969482422,84.88999938964844,82.58000183105469,84.25,362188.0
2023-08-11,83.19000244140625,83.80999755859375,82.2300033569336,82.83000183105469,331254.0
2023-08-12,83.19000244140625,83.80999755859375,82.2300033569336,82.83000183105469,331254.0
2023-08-13,83.19000244140625,83.80999755859375,82.2300033569336,82.83000183105469,331254.0
2023-08-14,82.51000213623047,83.19999694824219,81.76000213623047,83.08999633789062,277352.0
2023-08-15,80.98999786376953,82.91000366210938,80.4000015258789,82.5199966430664,303207.0
2023-08-16,79.37999725341797,81.43000030517578,79.05000305175781,81.2300033569336,325403.0
2023-08-17,80.38999938964844,81.08000183105469,78.94999694824219,79.25,235581.0
2023-08-18,81.25,81.61000061035156,79.58999633789062,80.04000091552734,128090.0
2023-08-19,81.25,81.61000061035156,79.58999633789062,80.04000091552734,128090.0
2023-08-20,81.25,81.61000061035156,79.58999633789062,80.04000091552734,128090.0
2023-08-21,80.72000122070312,82.47000122070312,80.61000061035156,81.43000030517578,115874.0
2023-08-22,80.3499984741211,80.98999786376953,80.0999984741211,80.80000305175781,287489.0
2023-08-23,78.88999938964844,79.91000366210938,77.62000274658203,79.63999938964844,378146.0
2023-08-24,79.05000305175781,79.27999877929688,77.58999633789062,78.56999969482422,349230.0
2023-08-25,79.83000183105469,80.44999694824219,78.13999938964844,78.87999725341797,411409.0
2023-08-26,79.83000183105469,80.44999694824219,78.13999938964844,78.87999725341797,411409.0
2023-08-27,79.83000183105469,80.44999694824219,78.13999938964844,78.87999725341797,411409.0
2023-08-28,80.0999984741211,80.87000274658203,79.61000061035156,80.1500015258789,246584.0
2023-08-29,81.16000366210938,81.41000366210938,79.33999633789062,79.9800033569336,284168.0
2023-08-30,81.62999725341797,82.05000305175781,80.87999725341797,81.29000091552734,299418.0
2023-08-31,83.62999725341797,83.69000244140625,81.4800033569336,81.69999694824219,368848.0
2023-09-01,85.55000305175781,86.05999755859375,83.45999908447266,83.62999725341797,420461.0
2023-09-02,85.55000305175781,86.05999755859375,83.45999908447266,83.62999725341797,420461.0
2023-09-03,85.55000305175781,86.05999755859375,83.45999908447266,83.62999725341797,420461.0
2023-09-04,85.55000305175781,86.05999755859375,83.45999908447266,83.62999725341797,420461.0
2023-09-05,86.69000244140625,88.06999969482422,85.0199966430664,86.05999755859375,452908.0
2023-09-06,87.54000091552734,88.08000183105469,85.93000030517578,86.72000122070312,307115.0
2023-09-07,86.87000274658203,87.73999786376953,86.38999938964844,87.54000091552734,270736.0
2023-09-08,87.51000213623047,87.94999694824219,86.1500015258789,86.77999877929688,294437.0
2023-09-09,87.51000213623047,87.94999694824219,86.1500015258789,86.77999877929688,294437.0
2023-09-10,87.51000213623047,87.94999694824219,86.1500015258789,86.77999877929688,294437.0
2023-09-11,87.29000091552734,88.1500015258789,86.70999908447266,87.4000015258789,292388.0
2023-09-12,88.83999633789062,89.37000274658203,87.22000122070312,87.2699966430664,341137.0
2023-09-13,88.5199966430664,89.63999938964844,88.29000091552734,88.75,345972.0
2023-09-14,90.16000366210938,90.79000091552734,88.68000030517578,88.80999755859375,325270.0
2023-09-15,90.7699966430664,91.2300033569336,89.22000122070312,90.66999816894531,315003.0
2023-09-16,90.7699966430664,91.2300033569336,89.22000122070312,90.66999816894531,315003.0
2023-09-17,90.7699966430664,91.2300033569336,89.22000122070312,90.66999816894531,315003.0
2023-09-18,91.4800033569336,92.43000030517578,90.75,91.19999694824219,119258.0
2023-09-19,91.19999694824219,93.73999786376953,91.06999969482422,92.22000122070312,94597.0
2023-09-20,90.27999877929688,91.9800033569336,89.87000274658203,91.55000305175781,457854.0
2023-09-21,89.62999725341797,90.9800033569336,88.37000274658203,89.30000305175781,351032.0
2023-09-22,90.02999877929688,91.33000183105469,89.30999755859375,89.62000274658203,402087.0
2023-09-23,90.02999877929688,91.33000183105469,89.30999755859375,89.62000274658203,402087.0
2023-09-24,90.02999877929688,91.33000183105469,89.30999755859375,89.62000274658203,402087.0
2023-09-25,89.68000030517578,90.83000183105469,89.02999877929688,90.55000305175781,328369.0
2023-09-26,90.38999938964844,90.73999786376953,88.19000244140625,89.87999725341797,318016.0
2023-09-27,93.68000030517578,94.16999816894531,90.4000015258789,90.52999877929688,504630.0
2023-09-28,91.70999908447266,95.02999877929688,91.38999938964844,93.77999877929688,406709.0
2023-09-29,90.79000091552734,93.0999984741211,90.3499984741211,91.76000213623047,355782.0
2023-09-30,90.79000091552734,93.0999984741211,90.3499984741211,91.76000213623047,355782.0
2023-10-01,90.79000091552734,93.0999984741211,90.3499984741211,91.76000213623047,355782.0
2023-10-02,88.81999969482422,91.87999725341797,88.45999908447266,90.81999969482422,334493.0
2023-10-03,89.2300033569336,90.2699966430664,87.76000213623047,88.66999816894531,350659.0
2023-10-04,84.22000122070312,89.58999633789062,84.16000366210938,89.41999816894531,459995.0
2023-10-05,82.30999755859375,84.91999816894531,82.1500015258789,84.44999694824219,465997.0
2023-10-06,82.79000091552734,83.27999877929688,81.5,82.27999877929688,461139.0
2023-10-07,82.79000091552734,83.27999877929688,81.5,82.27999877929688,461139.0
2023-10-08,82.79000091552734,83.27999877929688,81.5,82.27999877929688,461139.0
2023-10-09,86.37999725341797,87.23999786376953,84.66999816894531,85.25,435037.0
2023-10-10,85.97000122070312,86.73999786376953,85.12000274658203,86.43000030517578,337654.0
2023-10-11,83.48999786376953,86.51000213623047,83.11000061035156,85.95999908447266,425395.0
2023-10-12,82.91000366210938,85.19999694824219,82.30999755859375,83.19999694824219,373492.0
2023-10-13,87.69000244140625,87.83000183105469,83.3499984741211,83.51000213623047,356863.0
2023-10-14,87.69000244140625,87.83000183105469,83.3499984741211,83.51000213623047,356863.0
2023-10-15,87.69000244140625,87.83000183105469,83.3499984741211,83.51000213623047,356863.0
2023-10-16,86.66000366210938,88.33000183105469,86.31999969482422,87.72000122070312,235780.0
2023-10-17,86.66000366210938,87.75,85.5999984741211,87.05999755859375,197124.0
2023-10-18,88.31999969482422,89.87999725341797,87.19999694824219,87.80999755859375,92797.0
2023-10-19,89.37000274658203,90.68000030517578,86.5999984741211,88.23999786376953,72058.0
2023-10-20,88.75,90.77999877929688,88.33000183105469,90.27999877929688,311917.0
2023-10-21,88.75,90.77999877929688,88.33000183105469,90.27999877929688,311917.0
2023-10-22,88.75,90.77999877929688,88.33000183105469,90.27999877929688,311917.0
2023-10-23,85.48999786376953,88.29000091552734,85.3499984741211,88.0,315517.0
2023-10-24,83.73999786376953,86.30000305175781,82.94000244140625,86.1500015258789,370591.0
2023-10-25,85.38999938964844,85.55999755859375,82.08000183105469,83.69000244140625,429459.0
2023-10-26,83.20999908447266,85.58999633789062,82.55999755859375,85.37000274658203,341792.0
2023-10-27,85.54000091552734,85.9000015258789,83.0999984741211,83.52999877929688,333760.0
2023-10-28,85.54000091552734,85.9000015258789,83.0999984741211,83.52999877929688,333760.0
2023-10-29,85.54000091552734,85.9000015258789,83.0999984741211,83.52999877929688,333760.0
2023-10-30,82.30999755859375,85.30000305175781,81.81999969482422,85.0,356928.0
2023-10-31,81.0199966430664,83.37000274658203,80.73999786376953,82.58999633789062,346007.0
2023-11-01,80.44000244140625,83.41999816894531,80.30000305175781,81.4800033569336,321592.0
2023-11-02,82.45999908447266,82.83000183105469,80.22000122070312,80.81999969482422,307122.0
2023-11-03,80.51000213623047,83.5999984741211,80.0999984741211,82.58000183105469,457281.0
2023-11-04,80.51000213623047,83.5999984741211,80.0999984741211,82.58000183105469,457281.0
2023-11-05,80.51000213623047,83.5999984741211,80.0999984741211,82.58000183105469,457281.0
2023-11-06,80.81999969482422,82.23999786376953,80.66000366210938,81.12999725341797,271131.0
2023-11-07,77.37000274658203,81.05000305175781,77.08999633789062,80.93000030517578,396289.0
2023-11-08,75.33000183105469,77.52999877929688,74.91000366210938,77.12000274658203,429647.0
2023-11-09,75.73999786376953,77.16000366210938,75.20999908447266,75.6500015258789,303430.0
2023-11-10,77.16999816894531,77.7300033569336,75.30999755859375,75.58999633789062,266998.0
2023-11-11,77.16999816894531,77.7300033569336,75.30999755859375,75.58999633789062,266998.0
2023-11-12,77.16999816894531,77.7300033569336,75.30999755859375,75.58999633789062,266998.0
2023-11-13,78.26000213623047,78.63999938964844,76.20999908447266,77.1500015258789,262903.0
2023-11-14,78.26000213623047,79.7699966430664,77.79000091552734,78.52999877929688,263002.0
2023-11-15,76.66000366210938,78.7699966430664,76.30999755859375,78.16999816894531,282301.0
2023-11-16,72.9000015258789,76.62999725341797,72.16000366210938,76.5999984741211,125165.0
2023-11-17,75.88999938964844,75.98999786376953,72.75,72.97000122070312,101484.0
2023-11-18,75.88999938964844,75.98999786376953,72.75,72.97000122070312,101484.0
2023-11-19,75.88999938964844,75.98999786376953,72.75,72.97000122070312,101484.0
2023-11-20,77.5999984741211,78.22000122070312,75.6500015258789,75.6500015258789,270638.0
2023-11-21,77.7699966430664,77.91999816894531,76.91999816894531,77.6500015258789,238629.0
2023-11-22,77.0999984741211,77.97000122070312,73.79000091552734,77.7699966430664,389325.0
2023-11-23,77.0999984741211,77.97000122070312,73.79000091552734,77.7699966430664,389325.0
2023-11-24,75.54000091552734,77.08999633789062,75.06999969482422,76.79000091552734,281147.0
2023-11-25,75.54000091552734,77.08999633789062,75.06999969482422,76.79000091552734,281147.0
2023-11-26,75.54000091552734,77.08999633789062,75.06999969482422,76.79000091552734,281147.0
2023-11-27,74.86000061035156,76.2300033569336,74.05999755859375,75.30999755859375,289562.0
2023-11-28,76.41000366210938,77.0199966430664,74.63999938964844,75.06999969482422,286618.0
2023-11-29,77.86000061035156,78.08999633789062,75.66999816894531,76.55999755859375,322170.0
2023-11-30,75.95999908447266,79.5999984741211,75.05000305175781,77.75,559169.0
2023-12-01,74.06999969482422,76.76000213623047,73.93000030517578,75.58999633789062,358976.0
2023-12-02,74.06999969482422,76.76000213623047,73.93000030517578,75.58999633789062,358976.0
2023-12-03,74.06999969482422,76.76000213623047,73.93000030517578,75.58999633789062,358976.0
2023-12-04,73.04000091552734,75.02999877929688,72.62999725341797,74.58000183105469,388832.0
2023-12-05,72.31999969482422,74.12000274658203,72.0199966430664,73.30000305175781,358703.0
2023-12-06,69.37999725341797,72.5999984741211,69.11000061035156,72.0999984741211,436803.0
2023-12-07,69.33999633789062,70.4800033569336,68.80000305175781,69.27999877929688,339000.0
2023-12-08,71.2300033569336,71.62999725341797,69.5,69.76000213623047,302250.0
2023-12-09,71.2300033569336,71.62999725341797,69.5,69.76000213623047,302250.0
2023-12-10,71.2300033569336,71.62999725341797,69.5,69.76000213623047,302250.0
2023-12-11,71.31999969482422,71.80999755859375,70.3499984741211,71.1500015258789,274414.0
2023-12-12,68.61000061035156,71.95999908447266,68.22000122070312,71.43000030517578,324530.0
2023-12-13,69.47000122070312,69.88999938964844,67.70999908447266,68.7300033569336,306996.0
2023-12-14,71.58000183105469,72.45999908447266,69.54000091552734,69.8499984741211,275688.0
2023-12-15,71.43000030517578,72.22000122070312,70.30000305175781,71.61000061035156,95513.0
2023-12-16,71.43000030517578,72.22000122070312,70.30000305175781,71.61000061035156,95513.0
2023-12-17,71.43000030517578,72.22000122070312,70.30000305175781,71.61000061035156,95513.0
2023-12-18,72.47000122070312,74.26000213623047,70.63999938964844,71.68000030517578,73941.0
2023-12-19,73.44000244140625,74.01000213623047,71.8499984741211,72.4800033569336,230042.0
2023-12-20,74.22000122070312,75.37000274658203,73.5999984741211,74.05999755859375,273364.0
2023-12-21,73.88999938964844,74.58000183105469,72.44000244140625,73.80999755859375,251982.0
2023-12-22,73.55999755859375,74.9800033569336,73.38999938964844,73.91000366210938,222600.0
2023-12-23,73.55999755859375,74.9800033569336,73.38999938964844,73.91000366210938,222600.0
2023-12-24,73.55999755859375,74.9800033569336,73.38999938964844,73.91000366210938,222600.0
2023-12-25,73.55999755859375,74.9800033569336,73.38999938964844,73.91000366210938,222600.0
2023-12-26,75.56999969482422,76.18000030517578,73.12999725341797,73.55999755859375,208715.0
2023-12-27,74.11000061035156,75.66000366210938,73.7699966430664,75.31999969482422,253323.0
2023-12-28,71.7699966430664,74.4000015258789,71.72000122070312,73.80000305175781,262748.0
2023-12-29,71.6500015258789,72.62000274658203,71.25,71.98999786376953,214486.0
2023-12-30,71.6500015258789,72.62000274658203,71.25,71.98999786376953,214486.0
2023-12-31,71.6500015258789,72.62000274658203,71.25,71.98999786376953,214486.0
2024-01-01,71.6500015258789,72.62000274658203,71.25,71.98999786376953,214486.0
2024-01-02,70.37999725341797,73.63999938964844,70.05999755859375,71.70999908447266,330992.0
2024-01-03,72.69999694824219,73.2300033569336,69.27999877929688,70.5,334861.0
2024-01-04,72.19000244140625,74.0,71.05999755859375,73.04000091552734,344467.0
2024-01-05,73.80999755859375,74.23999786376953,72.20999908447266,72.4000015258789,325525.0
2024-01-06,73.80999755859375,74.23999786376953,72.20999908447266,72.4000015258789,325525.0
2024-01-07,73.80999755859375,74.23999786376953,72.20999908447266,72.4000015258789,325525.0
2024-01-08,70.7699966430664,73.94999694824219,70.12999725341797,73.51000213623047,392249.0
2024-01-09,72.23999786376953,72.93000030517578,70.47000122070312,70.91000366210938,363445.0
2024-01-10,71.37000274658203,73.58999633789062,71.01000213623047,72.16999816894531,352772.0
2024-01-11,72.0199966430664,73.80999755859375,71.16999816894531,71.33000183105469,373645.0
2024-01-12,72.68000030517578,75.25,72.36000061035156,73.01000213623047,403636.0
2024-01-13,72.68000030517578,75.25,72.36000061035156,73.01000213623047,403636.0
2024-01-14,72.68000030517578,75.25,72.36000061035156,73.01000213623047,403636.0
2024-01-15,72.68000030517578,75.25,72.36000061035156,73.01000213623047,403636.0
2024-01-16,72.4000015258789,73.55999755859375,71.2300033569336,72.62999725341797,430437.0
2024-01-17,72.55999755859375,72.94999694824219,70.5,72.0,315679.0
2024-01-18,74.08000183105469,74.37999725341797,72.18000030517578,72.77999877929688,86646.0
2024-01-19,73.41000366210938,74.91000366210938,73.19999694824219,74.08000183105469,78234.0
2024-01-20,73.41000366210938,74.91000366210938,73.19999694824219,74.08000183105469,78234.0
2024-01-21,73.41000366210938,74.91000366210938,73.19999694824219,74.08000183105469,78234.0
2024-01-22,75.19000244140625,75.75,72.88999938964844,73.41000366210938,372284.0
2024-01-23,74.37000274658203,75.25,73.41000366210938,74.68000030517578,306060.0
2024-01-24,75.08999633789062,75.83000183105469,73.94000244140625,74.56999969482422,323726.0
2024-01-25,77.36000061035156,77.51000213623047,75.16000366210938,75.30000305175781,320177.0
2024-01-26,78.01000213623047,78.26000213623047,76.05999755859375,77.1500015258789,365456.0
2024-01-27,78.01000213623047,78.26000213623047,76.05999755859375,77.1500015258789,365456.0
2024-01-28,78.01000213623047,78.26000213623047,76.05999755859375,77.1500015258789,365456.0
2024-01-29,76.77999877929688,79.29000091552734,76.41000366210938,78.9000015258789,331925.0
2024-01-30,77.81999969482422,78.13999938964844,75.8499984741211,77.0199966430664,347242.0
2024-01-31,75.8499984741211,78.11000061035156,75.5199966430664,77.83999633789062,344493.0
2024-02-01,73.81999969482422,76.94999694824219,73.69999694824219,75.95999908447266,577936.0
2024-02-02,72.27999877929688,74.5199966430664,71.79000091552734,73.91000366210938,467768.0
2024-02-03,72.27999877929688,74.5199966430664,71.79000091552734,73.91000366210938,467768.0
2024-02-04,72.27999877929688,74.5199966430664,71.79000091552734,73.91000366210938,467768.0
2024-02-05,72.77999877929688,73.27999877929688,71.41000366210938,72.75,350843.0
2024-02-06,73.30999755859375,73.81999969482422,72.37999725341797,72.76000213623047,310955.0
2024-02-07,73.86000061035156,74.22000122070312,73.2300033569336,73.5,294955.0
2024-02-08,76.22000122070312,76.58999633789062,73.55999755859375,74.08000183105469,377906.0
2024-02-09,76.83999633789062,77.29000091552734,75.93000030517578,76.41999816894531,302612.0
2024-02-10,76.83999633789062,77.29000091552734,75.93000030517578,76.41999816894531,302612.0
2024-02-11,76.83999633789062,77.29000091552734,75.93000030517578,76.41999816894531,302612.0
2024-02-12,76.91999816894531,77.08999633789062,75.54000091552734,76.5999984741211,248476.0
2024-02-13,77.87000274658203,78.47000122070312,76.87000274658203,77.02999877929688,338174.0
2024-02-14,76.63999938964844,78.7699966430664,76.37999725341797,77.80999755859375,296131.0
2024-02-15,78.02999877929688,78.44000244140625,75.77999877929688,76.5999984741211,122432.0
2024-02-16,79.19000244140625,79.3499984741211,77.22000122070312,78.11000061035156,113713.0
2024-02-17,79.19000244140625,79.3499984741211,77.22000122070312,78.11000061035156,113713.0
2024-02-18,79.19000244140625,79.3499984741211,77.22000122070312,78.11000061035156,113713.0
2024-02-19,79.19000244140625,79.3499984741211,77.22000122070312,78.11000061035156,113713.0
2024-02-20,78.18000030517578,79.80000305175781,77.66999816894531,78.9800033569336,435235.0
2024-02-21,77.91000366210938,78.08000183105469,76.31999969482422,77.1500015258789,323243.0
2024-02-22,78.61000061035156,78.91999816894531,77.2300033569336,78.08999633789062,330511.0
2024-02-23,76.48999786376953,78.38999938964844,76.3499984741211,78.37000274658203,353437.0
2024-02-24,76.48999786376953,78.38999938964844,76.3499984741211,78.37000274658203,353437.0
2024-02-25,76.48999786376953,78.38999938964844,76.3499984741211,78.37000274658203,353437.0
2024-02-26,77.58000183105469,78.02999877929688,75.83999633789062,76.4000015258789,274710.0
2024-02-27,78.87000274658203,79.0,77.16999816894531,77.62000274658203,269236.0
2024-02-28,78.54000091552734,79.62000274658203,77.77999877929688,78.4800033569336,330043.0
2024-02-29,78.26000213623047,79.27999877929688,77.94000244140625,78.19999694824219,317939.0
2024-03-01,79.97000122070312,80.8499984741211,78.05000305175781,78.27999877929688,363417.0
2024-03-02,79.97000122070312,80.8499984741211,78.05000305175781,78.27999877929688,363417.0
2024-03-03,79.97000122070312,80.8499984741211,78.05000305175781,78.27999877929688,363417.0
2024-03-04,78.73999786376953,80.41000366210938,78.55999755859375,80.13999938964844,347214.0
2024-03-05,78.1500015258789,79.48999786376953,77.5199966430664,78.73999786376953,436521.0
2024-03-06,79.12999725341797,80.66999816894531,77.98999786376953,78.1500015258789,371049.0
2024-03-07,78.93000030517578,79.52999877929688,78.0199966430664,79.12999725341797,432923.0
2024-03-08,78.01000213623047,79.98999786376953,77.55999755859375,79.51000213623047,347533.0
2024-03-09,78.01000213623047,79.98999786376953,77.55999755859375,79.51000213623047,347533.0
2024-03-10,78.01000213623047,79.98999786376953,77.55999755859375,79.51000213623047,347533.0
2024-03-11,77.93000030517578,78.47000122070312,76.79000091552734,77.80000305175781,329873.0
2024-03-12,77.55999755859375,78.7300033569336,77.33999633789062,78.08999633789062,309922.0
2024-03-13,79.72000122070312,79.9000015258789,77.56999969482422,78.05999755859375,316390.0
2024-03-14,81.26000213623047,81.62000274658203,79.56999969482422,79.62999725341797,297450.0
2024-03-15,81.04000091552734,81.44999694824219,80.48999786376953,81.13999938964844,185078.0
2024-03-16,81.04000091552734,81.44999694824219,80.48999786376953,81.13999938964844,185078.0
2024-03-17,81.04000091552734,81.44999694824219,80.48999786376953,81.13999938964844,185078.0
2024-03-18,82.72000122070312,83.08999633789062,81.01000213623047,81.02999877929688,84718.0
2024-03-19,83.47000122070312,83.8499984741211,82.38999938964844,82.8499984741211,76814.0
2024-03-20,81.68000030517578,83.20999908447266,81.44000244140625,83.19999694824219,351161.0
2024-03-21,81.06999969482422,81.91999816894531,80.30000305175781,81.48999786376953,266860.0
2024-03-22,80.62999725341797,81.44999694824219,80.41999816894531,80.83999633789062,231101.0
2024-03-23,80.62999725341797,81.44999694824219,80.41999816894531,80.83999633789062,231101.0
2024-03-24,80.62999725341797,81.44999694824219,80.41999816894531,80.83999633789062,231101.0
2024-03-25,81.94999694824219,82.4800033569336,80.58999633789062,80.8499984741211,300360.0
2024-03-26,81.62000274658203,82.36000061035156,81.22000122070312,81.94000244140625,235845.0
2024-03-27,81.3499984741211,81.73999786376953,80.55000305175781,81.29000091552734,249964.0
2024-03-28,83.16999816894531,83.20999908447266,81.5199966430664,81.70999908447266,293774.0
2024-03-29,83.16999816894531,83.20999908447266,81.5199966430664,81.70999908447266,293774.0
2024-03-30,83.16999816894531,83.20999908447266,81.5199966430664,81.70999908447266,293774.0
2024-03-31,83.16999816894531,83.20999908447266,81.5199966430664,81.70999908447266,293774.0
2024-04-01,83.70999908447266,84.48999786376953,82.5999984741211,83.13999938964844,321059.0
2024-04-02,85.1500015258789,85.5,83.8499984741211,84.04000091552734,344040.0
2024-04-03,85.43000030517578,86.19999694824219,84.8499984741211,85.45999908447266,322549.0
2024-04-04,86.58999633789062,87.22000122070312,84.63999938964844,85.66000366210938,359534.0
2024-04-05,86.91000366210938,87.62999725341797,86.31999969482422,86.86000061035156,353206.0
2024-04-06,86.91000366210938,87.62999725341797,86.31999969482422,86.86000061035156,353206.0
2024-04-07,86.91000366210938,87.62999725341797,86.31999969482422,86.86000061035156,353206.0
2024-04-08,86.43000030517578,87.0999984741211,84.69000244140625,86.0999984741211,393734.0
2024-04-09,85.2300033569336,86.9800033569336,85.08999633789062,86.58999633789062,314994.0
2024-04-10,86.20999908447266,86.37999725341797,84.55000305175781,85.33999633789062,373939.0
2024-04-11,85.0199966430664,86.62999725341797,84.83999633789062,86.31999969482422,388128.0
2024-04-12,85.66000366210938,87.66999816894531,85.23999786376953,85.5999984741211,369958.0
2024-04-13,85.66000366210938,87.66999816894531,85.23999786376953,85.5999984741211,369958.0
2024-04-14,85.66000366210938,87.66999816894531,85.23999786376953,85.5999984741211,369958.0
2024-04-15,85.41000366210938,86.11000061035156,84.05000305175781,85.93000030517578,343894.0
2024-04-16,85.36000061035156,86.18000030517578,84.75,85.69999694824219,241343.0
2024-04-17,82.69000244140625,85.51000213623047,82.55000305175781,85.36000061035156,259540.0
2024-04-18,82.7300033569336,83.47000122070312,81.55999755859375,82.79000091552734,84468.0
2024-04-19,83.13999938964844,86.27999877929688,81.80000305175781,82.62000274658203,76901.0
2024-04-20,83.13999938964844,86.27999877929688,81.80000305175781,82.62000274658203,76901.0
2024-04-21,83.13999938964844,86.27999877929688,81.80000305175781,82.62000274658203,76901.0
2024-04-22,82.8499984741211,83.3499984741211,81.8499984741211,83.05000305175781,313914.0
2024-04-23,83.36000061035156,83.43000030517578,80.87999725341797,82.12999725341797,355814.0
2024-04-24,82.80999755859375,83.70999908447266,82.44000244140625,83.4000015258789,329077.0
2024-04-25,83.56999969482422,83.83000183105469,81.98999786376953,82.83000183105469,314116.0
2024-04-26,83.8499984741211,84.45999908447266,83.3499984741211,83.80999755859375,244090.0
2024-04-27,83.8499984741211,84.45999908447266,83.3499984741211,83.80999755859375,244090.0
2024-04-28,83.8499984741211,84.45999908447266,83.3499984741211,83.80999755859375,244090.0
2024-04-29,82.62999725341797,83.91000366210938,82.4000015258789,83.69000244140625,336984.0
2024-04-30,81.93000030517578,83.30000305175781,80.94999694824219,82.76000213623047,400680.0
2024-05-01,79.0,81.56999969482422,78.83000183105469,81.4800033569336,441978.0
2024-05-02,78.94999694824219,79.9000015258789,78.41000366210938,79.1500015258789,359652.0
2024-05-03,78.11000061035156,79.62999725341797,77.95999908447266,79.06999969482422,324438.0
2024-05-04,78.11000061035156,79.62999725341797,77.95999908447266,79.06999969482422,324438.0
2024-05-05,78.11000061035156,79.62999725341797,77.95999908447266,79.06999969482422,324438.0
2024-05-06,78.4800033569336,79.08999633789062,77.91000366210938,78.16000366210938,297369.0
2024-05-07,78.37999725341797,79.16999816894531,77.55000305175781,78.72000122070312,327593.0
2024-05-08,78.98999786376953,79.2699966430664,76.88999938964844,78.33999633789062,355449.0
2024-05-09,79.26000213623047,79.80000305175781,78.91000366210938,79.2300033569336,272712.0
2024-05-10,78.26000213623047,79.95999908447266,78.13999938964844,79.58999633789062,281169.0
2024-05-11,78.26000213623047,79.95999908447266,78.13999938964844,79.58999633789062,281169.0
2024-05-12,78.26000213623047,79.95999908447266,78.13999938964844,79.58999633789062,281169.0
2024-05-13,79.12000274658203,79.48999786376953,77.77999877929688,78.18000030517578,287701.0
2024-05-14,78.0199966430664,79.37999725341797,77.68000030517578,79.2300033569336,307410.0
2024-05-15,78.62999725341797,78.91999816894531,76.69999694824219,78.44000244140625,321267.0
2024-05-16,79.2300033569336,79.8499984741211,78.19999694824219,78.83999633789062,230277.0
2024-05-17,80.05999755859375,80.13999938964844,79.0,79.37999725341797,94152.0
2024-05-18,80.05999755859375,80.13999938964844,79.0,79.37999725341797,94152.0
2024-05-19,80.05999755859375,80.13999938964844,79.0,79.37999725341797,94152.0
2024-05-20,79.80000305175781,80.5999984741211,79.16999816894531,80.01000213623047,85072.0
2024-05-21,79.26000213623047,79.72000122070312,78.08000183105469,79.69999694824219,371672.0
2024-05-22,77.56999969482422,78.41000366210938,77.25,78.20999908447266,314145.0
2024-05-23,76.87000274658203,78.66000366210938,76.43000030517578,77.29000091552734,330273.0
2024-05-24,77.72000122070312,78.05000305175781,76.1500015258789,77.04000091552734,299075.0
2024-05-25,77.72000122070312,78.05000305175781,76.1500015258789,77.04000091552734,299075.0
2024-05-26,77.72000122070312,78.05000305175781,76.1500015258789,77.04000091552734,299075.0
2024-05-27,77.72000122070312,78.05000305175781,76.1500015258789,77.04000091552734,299075.0
2024-05-28,79.83000183105469,80.29000091552734,77.69000244140625,77.80999755859375,334074.0
2024-05-29,79.2300033569336,80.62000274658203,78.98999786376953,80.26000213623047,259594.0
2024-05-30,77.91000366210938,79.41999816894531,77.62999725341797,79.27999877929688,373779.0
2024-05-31,76.98999786376953,78.62000274658203,76.66999816894531,77.91000366210938,345120.0
2024-06-01,76.98999786376953,78.62000274658203,76.66999816894531,77.91000366210938,345120.0
2024-06-02,76.98999786376953,78.62000274658203,76.66999816894531,77.91000366210938,345120.0
2024-06-03,74.22000122070312,77.5199966430664,73.9800033569336,76.97000122070312,443271.0
2024-06-04,73.25,74.12999725341797,72.4800033569336,74.0199966430664,408721.0
2024-06-05,74.06999969482422,74.33000183105469,72.81999969482422,72.9000015258789,307701.0
2024-06-06,75.55000305175781,75.79000091552734,74.05999755859375,74.30000305175781,291082.0
2024-06-07,75.52999877929688,76.25,75.20999908447266,75.66999816894531,280253.0
2024-06-08,75.52999877929688,76.25,75.20999908447266,75.66999816894531,280253.0
2024-06-09,75.52999877929688,76.25,75.20999908447266,75.66999816894531,280253.0
2024-06-10,77.73999786376953,78.29000091552734,75.2300033569336,75.3499984741211,317031.0
2024-06-11,77.9000015258789,78.36000061035156,77.22000122070312,78.12000274658203,314874.0
2024-06-12,78.5,79.31999969482422,77.87999725341797,78.22000122070312,322285.0
2024-06-13,78.62000274658203,78.88999938964844,77.66999816894531,78.37000274658203,307638.0
2024-06-14,78.44999694824219,79.1500015258789,77.7300033569336,77.95999908447266,245827.0
2024-06-15,78.44999694824219,79.1500015258789,77.7300033569336,77.95999908447266,245827.0
2024-06-16,78.44999694824219,79.1500015258789,77.7300033569336,77.95999908447266,245827.0
2024-06-17,80.33000183105469,80.66000366210938,77.9800033569336,78.4800033569336,126733.0
2024-06-18,81.56999969482422,81.66999816894531,79.7699966430664,80.43000030517578,140709.0
2024-06-19,81.56999969482422,81.66999816894531,79.7699966430664,80.43000030517578,140709.0
2024-06-20,82.16999816894531,82.41000366210938,81.12999725341797,81.5199966430664,420499.0
2024-06-21,80.7300033569336,81.79000091552734,80.3499984741211,81.2699966430664,290500.0
2024-06-22,80.7300033569336,81.79000091552734,80.3499984741211,81.2699966430664,290500.0
2024-06-23,80.7300033569336,81.79000091552734,80.3499984741211,81.2699966430664,290500.0
2024-06-24,81.62999725341797,81.77999877929688,80.2300033569336,80.44999694824219,271745.0
2024-06-25,80.83000183105469,81.9000015258789,80.55000305175781,81.69999694824219,286038.0
2024-06-26,80.9000015258789,81.62999725341797,80.18000030517578,80.72000122070312,308410.0
2024-06-27,81.73999786376953,82.04000091552734,80.51000213623047,80.86000061035156,306342.0
2024-06-28,81.54000091552734,82.72000122070312,80.97000122070312,81.86000061035156,260252.0
2024-06-29,81.54000091552734,82.72000122070312,80.97000122070312,81.86000061035156,260252.0
2024-06-30,81.54000091552734,82.72000122070312,80.97000122070312,81.86000061035156,260252.0
2024-07-01,83.37999725341797,83.63999938964844,81.37999725341797,81.44999694824219,345780.0
2024-07-02,82.80999755859375,84.37999725341797,82.72000122070312,83.43000030517578,367787.0
2024-07-03,83.87999725341797,83.93000030517578,82.45999908447266,83.19999694824219,289685.0
2024-07-04,83.87999725341797,83.93000030517578,82.45999908447266,83.19999694824219,289685.0
2024-07-05,83.16000366210938,84.5199966430664,83.0199966430664,83.5999984741211,361357.0
2024-07-06,83.16000366210938,84.5199966430664,83.0199966430664,83.5999984741211,361357.0
2024-07-07,83.16000366210938,84.5199966430664,83.0199966430664,83.5999984741211,361357.0
2024-07-08,82.33000183105469,83.31999969482422,82.08000183105469,83.1500015258789,251774.0
2024-07-09,81.41000366210938,82.4800033569336,81.25,82.22000122070312,297325.0
2024-07-10,82.0999984741211,82.66000366210938,80.80999755859375,81.80999755859375,334380.0
2024-07-11,82.62000274658203,83.12999725341797,81.62999725341797,82.4000015258789,324170.0
2024-07-12,82.20999908447266,83.73999786376953,82.0999984741211,82.86000061035156,370062.0
2024-07-13,82.20999908447266,83.73999786376953,82.0999984741211,82.86000061035156,370062.0
2024-07-14,82.20999908447266,83.73999786376953,82.0999984741211,82.86000061035156,370062.0
2024-07-15,81.91000366210938,82.58000183105469,81.47000122070312,82.16000366210938,296520.0
2024-07-16,80.76000213623047,81.93000030517578,80.22000122070312,81.91999816894531,308186.0
2024-07-17,82.8499984741211,83.0999984741211,80.44999694824219,80.8499984741211,257437.0
2024-07-18,82.81999969482422,83.81999969482422,82.04000091552734,83.11000061035156,95704.0
2024-07-19,80.12999725341797,82.87999725341797,80.06999969482422,82.47000122070312,83795.0
2024-07-20,80.12999725341797,82.87999725341797,80.06999969482422,82.47000122070312,83795.0
2024-07-21,80.12999725341797,82.87999725341797,80.06999969482422,82.47000122070312,83795.0
2024-07-22,79.77999877929688,80.69000244140625,79.16999816894531,80.38999938964844,345235.0
2024-07-23,76.95999908447266,78.7300033569336,76.4000015258789,78.2699966430664,417941.0
2024-07-24,77.58999633789062,78.19000244140625,76.9800033569336,77.44999694824219,355971.0
2024-07-25,78.27999877929688,78.47000122070312,76.04000091552734,77.5,457288.0
2024-07-26,77.16000366210938,78.5999984741211,76.19000244140625,78.3499984741211,365121.0
2024-07-27,77.16000366210938,78.5999984741211,76.19000244140625,78.3499984741211,365121.0
2024-07-28,77.16000366210938,78.5999984741211,76.19000244140625,78.3499984741211,365121.0
2024-07-29,75.80999755859375,77.69000244140625,75.3499984741211,77.30000305175781,362635.0
2024-07-30,74.7300033569336,75.97000122070312,74.58999633789062,75.91000366210938,419478.0
2024-07-31,77.91000366210938,78.66000366210938,75.18000030517578,75.23999786376953,460315.0
2024-08-01,76.30999755859375,78.87999725341797,76.23999786376953,78.58999633789062,383014.0
2024-08-02,73.5199966430664,77.29000091552734,72.97000122070312,76.87000274658203,467786.0
2024-08-03,73.5199966430664,77.29000091552734,72.97000122070312,76.87000274658203,467786.0
2024-08-04,73.5199966430664,77.29000091552734,72.97000122070312,76.87000274658203,467786.0
2024-08-05,72.94000244140625,74.45999908447266,71.66999816894531,74.20999908447266,500151.0
2024-08-06,73.19999694824219,74.55999755859375,72.19999694824219,73.86000061035156,352250.0
2024-08-07,75.2300033569336,75.83999633789062,72.58000183105469,72.83999633789062,427995.0
2024-08-08,76.19000244140625,76.5199966430664,74.5999984741211,75.47000122070312,327301.0
2024-08-09,76.83999633789062,77.08999633789062,75.8499984741211,76.0199966430664,263007.0
2024-08-10,76.83999633789062,77.08999633789062,75.8499984741211,76.0199966430664,263007.0
2024-08-11,76.83999633789062,77.08999633789062,75.8499984741211,76.0199966430664,263007.0
2024-08-12,80.05999755859375,80.16000366210938,76.69999694824219,76.98999786376953,376747.0
2024-08-13,78.3499984741211,80.1500015258789,78.16000366210938,79.73999786376953,370763.0
2024-08-14,76.9800033569336,79.0999984741211,76.83000183105469,78.7300033569336,357636.0
2024-08-15,78.16000366210938,78.5999984741211,76.93000030517578,77.5199966430664,195122.0
2024-08-16,76.6500015258789,78.16000366210938,75.54000091552734,78.16000366210938,100810.0
2024-08-17,76.6500015258789,78.16000366210938,75.54000091552734,78.16000366210938,100810.0
2024-08-18,76.6500015258789,78.16000366210938,75.54000091552734,78.16000366210938,100810.0
2024-08-19,74.37000274658203,76.87000274658203,74.16999816894531,76.58000183105469,118172.0
2024-08-20,74.04000091552734,75.02999877929688,73.5,74.33999633789062,329276.0
2024-08-21,71.93000030517578,74.16000366210938,71.45999908447266,73.12000274658203,390527.0
2024-08-22,73.01000213623047,73.5199966430664,71.58000183105469,71.93000030517578,334117.0
2024-08-23,74.83000183105469,75.06999969482422,72.83000183105469,72.95999908447266,313764.0
2024-08-24,74.83000183105469,75.06999969482422,72.83000183105469,72.95999908447266,313764.0
2024-08-25,74.83000183105469,75.06999969482422,72.83000183105469,72.95999908447266,313764.0
2024-08-26,77.41999816894531,77.5999984741211,75.04000091552734,75.0999984741211,409675.0
2024-08-27,75.52999877929688,77.4800033569336,75.4000015258789,77.19999694824219,331162.0
2024-08-28,74.5199966430664,75.94999694824219,73.81999969482422,75.75,337361.0
2024-08-29,75.91000366210938,76.91000366210938,74.05000305175781,74.41999816894531,408147.0
2024-08-30,73.55000305175781,76.58999633789062,73.36000061035156,75.87000274658203,427273.0
2024-08-31,73.55000305175781,76.58999633789062,73.36000061035156,75.87000274658203,427273.0
2024-09-01,73.55000305175781,76.58999633789062,73.36000061035156,75.87000274658203,427273.0
2024-09-02,73.55000305175781,76.58999633789062,73.36000061035156,75.87000274658203,427273.0
2024-09-03,70.33999633789062,74.41000366210938,70.0999984741211,73.52999877929688,546617.0
2024-09-04,69.19999694824219,71.45999908447266,68.81999969482422,70.27999877929688,482025.0
2024-09-05,69.1500015258789,70.81999969482422,68.75,69.2699966430664,405596.0
2024-09-06,67.66999816894531,70.12999725341797,67.16999816894531,69.33000183105469,351074.0
2024-09-07,67.66999816894531,70.12999725341797,67.16999816894531,69.33000183105469,351074.0
2024-09-08,67.66999816894531,70.12999725341797,67.16999816894531,69.33000183105469,351074.0
2024-09-09,68.70999908447266,68.95999908447266,67.30999755859375,68.12999725341797,351074.0
2024-09-10,65.75,69.08000183105469,65.2699966430664,68.77999877929688,442855.0
2024-09-11,67.30999755859375,67.97000122070312,65.62999725341797,66.27999877929688,393311.0
2024-09-12,68.97000122070312,69.80999755859375,67.23999786376953,67.38999938964844,351976.0
2024-09-13,68.6500015258789,70.31999969482422,68.47000122070312,69.30999755859375,308983.0
2024-09-14,68.6500015258789,70.31999969482422,68.47000122070312,69.30999755859375,308983.0
2024-09-15,68.6500015258789,70.31999969482422,68.47000122070312,69.30999755859375,308983.0
2024-09-16,70.08999633789062,70.69999694824219,68.6500015258789,69.16000366210938,295176.0
2024-09-17,71.19000244140625,71.91999816894531,69.61000061035156,70.5,251629.0
2024-09-18,70.91000366210938,71.4800033569336,69.7300033569336,71.13999938964844,102907.0
2024-09-19,71.94999694824219,72.48999786376953,70.12999725341797,70.12999725341797,86630.0
2024-09-20,71.91999816894531,72.4000015258789,71.36000061035156,72.0999984741211,306997.0
2024-09-21,71.91999816894531,72.4000015258789,71.36000061035156,72.0999984741211,306997.0
2024-09-22,71.91999816894531,72.4000015258789,71.36000061035156,72.0999984741211,306997.0
2024-09-23,70.37000274658203,71.80999755859375,69.48999786376953,71.30999755859375,338267.0
2024-09-24,71.55999755859375,72.4000015258789,70.44000244140625,70.76000213623047,318516.0
2024-09-25,69.69000244140625,71.72000122070312,69.2300033569336,71.54000091552734,476237.0
2024-09-26,67.66999816894531,70.01000213623047,66.94999694824219,69.88999938964844,478069.0
2024-09-27,68.18000030517578,68.6500015258789,67.05999755859375,67.44999694824219,341133.0
2024-09-28,68.18000030517578,68.6500015258789,67.05999755859375,67.44999694824219,341133.0
2024-09-29,68.18000030517578,68.6500015258789,67.05999755859375,67.44999694824219,341133.0
2024-09-30,68.16999816894531,69.31999969482422,67.56999969482422,68.62999725341797,350115.0
2024-10-01,69.83000183105469,71.94000244140625,66.33000183105469,68.41000366210938,668216.0
2024-10-02,70.0999984741211,72.48999786376953,69.87000274658203,70.80000305175781,429225.0
2024-10-03,73.70999908447266,74.08999633789062,70.5199966430664,70.9800033569336,460554.0
2024-10-04,74.37999725341797,75.56999969482422,73.45999908447266,73.94999694824219,428815.0
2024-10-05,74.37999725341797,75.56999969482422,73.45999908447266,73.94999694824219,428815.0
2024-10-06,74.37999725341797,75.56999969482422,73.45999908447266,73.94999694824219,428815.0
2024-10-07,77.13999938964844,77.4000015258789,73.62000274658203,74.4000015258789,419018.0
2024-10-08,73.56999969482422,78.45999908447266,72.69000244140625,77.33000183105469,496760.0
2024-10-09,73.23999786376953,74.44999694824219,71.52999877929688,73.83999633789062,401159.0
2024-10-10,75.8499984741211,76.23999786376953,73.26000213623047,73.38999938964844,321453.0
2024-10-11,75.55999755859375,76.04000091552734,74.52999877929688,75.73999786376953,315302.0
2024-10-12,75.55999755859375,76.04000091552734,74.52999877929688,75.73999786376953,315302.0
2024-10-13,75.55999755859375,76.04000091552734,74.52999877929688,75.73999786376953,315302.0
2024-10-14,73.83000183105469,75.08000183105469,71.80999755859375,75.05000305175781,273455.0
2024-10-15,70.58000183105469,72.12000274658203,69.70999908447266,71.51000213623047,328738.0
2024-10-16,70.38999938964844,71.30999755859375,69.63999938964844,70.98999786376953,222437.0
2024-10-17,70.66999816894531,71.11000061035156,69.44000244140625,70.68000030517578,188161.0
2024-10-18,69.22000122070312,71.2300033569336,68.69000244140625,70.75,95768.0
2024-10-19,69.22000122070312,71.2300033569336,68.69000244140625,70.75,95768.0
2024-10-20,69.22000122070312,71.2300033569336,68.69000244140625,70.75,95768.0
2024-10-21,70.55999755859375,71.02999877929688,69.0,69.45999908447266,92584.0
2024-10-22,72.08999633789062,72.66000366210938,70.05000305175781,70.48999786376953,330456.0
2024-10-23,70.7699966430664,71.72000122070312,70.12999725341797,71.3499984741211,293835.0
2024-10-24,70.19000244140625,72.33999633789062,69.7699966430664,71.0199966430664,286571.0
2024-10-25,71.77999877929688,71.91999816894531,69.95999908447266,70.33000183105469,287189.0
2024-10-26,71.77999877929688,71.91999816894531,69.95999908447266,70.33000183105469,287189.0
2024-10-27,71.77999877929688,71.91999816894531,69.95999908447266,70.33000183105469,287189.0
2024-10-28,67.37999725341797,69.0,66.91999816894531,68.9800033569336,419623.0
2024-10-29,67.20999908447266,68.5199966430664,66.72000122070312,68.0199966430664,291929.0
2024-10-30,68.61000061035156,69.16999816894531,67.27999877929688,67.47000122070312,284795.0
2024-10-31,69.26000213623047,70.80999755859375,68.30000305175781,69.0999984741211,311055.0
2024-11-01,69.48999786376953,71.44999694824219,69.31999969482422,70.44000244140625,320572.0
2024-11-02,69.48999786376953,71.44999694824219,69.31999969482422,70.44000244140625,320572.0
2024-11-03,69.48999786376953,71.44999694824219,69.31999969482422,70.44000244140625,320572.0
2024-11-04,71.47000122070312,71.80999755859375,70.25,70.29000091552734,286947.0
2024-11-05,71.98999786376953,72.66999816894531,71.29000091552734,71.62000274658203,247311.0
2024-11-06,71.69000244140625,72.62999725341797,69.73999786376953,72.0199966430664,388265.0
2024-11-07,72.36000061035156,72.87999725341797,70.66000366210938,71.87000274658203,353595.0
2024-11-08,70.37999725341797,72.25,69.98999786376953,72.20999908447266,362038.0
2024-11-09,70.37999725341797,72.25,69.98999786376953,72.20999908447266,362038.0
2024-11-10,70.37999725341797,72.25,69.98999786376953,72.20999908447266,362038.0
2024-11-11,68.04000091552734,70.55999755859375,67.91999816894531,70.25,364506.0
2024-11-12,68.12000274658203,69.12999725341797,67.75,68.1500015258789,286926.0
2024-11-13,68.43000030517578,68.86000061035156,66.94000244140625,67.9800033569336,386027.0
2024-11-14,68.69999694824219,69.38999938964844,67.91999816894531,68.12999725341797,232270.0
2024-11-15,67.0199966430664,68.69000244140625,66.81999969482422,68.62000274658203,205235.0
2024-11-16,67.0199966430664,68.69000244140625,66.81999969482422,68.62000274658203,205235.0
2024-11-17,67.0199966430664,68.69000244140625,66.81999969482422,68.62000274658203,205235.0
2024-11-18,69.16000366210938,69.38999938964844,66.61000061035156,66.86000061035156,110375.0
2024-11-19,69.38999938964844,69.69000244140625,68.44999694824219,69.01000213623047,89360.0
2024-11-20,68.87000274658203,70.1500015258789,68.75,69.55000305175781,235637.0
2024-11-21,70.0999984741211,70.37999725341797,68.86000061035156,69.04000091552734,283850.0
2024-11-22,71.23999786376953,71.51000213623047,69.29000091552734,70.18000030517578,408207.0
2024-11-23,71.23999786376953,71.51000213623047,69.29000091552734,70.18000030517578,408207.0
2024-11-24,71.23999786376953,71.51000213623047,69.29000091552734,70.18000030517578,408207.0
2024-11-25,68.94000244140625,71.4800033569336,68.73999786376953,71.44000244140625,380922.0
2024-11-26,68.7699966430664,70.30000305175781,68.05000305175781,69.08000183105469,292138.0
2024-11-27,68.72000122070312,69.37000274658203,68.18000030517578,68.91000366210938,227215.0
2024-11-28,68.72000122070312,69.37000274658203,68.18000030517578,68.91000366210938,227215.0
2024-11-29,68.0,69.69000244140625,67.87000274658203,68.7699966430664,291408.0
2024-11-30,68.0,69.69000244140625,67.87000274658203,68.7699966430664,291408.0
2024-12-01,68.0,69.69000244140625,67.87000274658203,68.7699966430664,291408.0
2024-12-02,68.0999984741211,69.11000061035156,67.70999908447266,68.0,264883.0
2024-12-03,69.94000244140625,70.2300033569336,67.91000366210938,68.16000366210938,303752.0
2024-12-04,68.54000091552734,70.51000213623047,68.48999786376953,70.0199966430664,325636.0
2024-12-05,68.30000305175781,69.16000366210938,67.9800033569336,68.73999786376953,286701.0
2024-12-06,67.19999694824219,68.48999786376953,66.9800033569336,68.44000244140625,341593.0
2024-12-07,67.19999694824219,68.48999786376953,66.9800033569336,68.44000244140625,341593.0
2024-12-08,67.19999694824219,68.48999786376953,66.9800033569336,68.44000244140625,341593.0
2024-12-09,68.37000274658203,68.87999725341797,67.08000183105469,67.1500015258789,297085.0
2024-12-10,68.58999633789062,69.05999755859375,67.72000122070312,68.19000244140625,286003.0
2024-12-11,70.29000091552734,70.52999877929688,68.44000244140625,68.5,335892.0
2024-12-12,70.0199966430664,70.72000122070312,69.13999938964844,70.43000030517578,326046.0
2024-12-13,71.29000091552734,71.41999816894531,69.87000274658203,70.05999755859375,230429.0
2024-12-14,71.29000091552734,71.41999816894531,69.87000274658203,70.05999755859375,230429.0
2024-12-15,71.29000091552734,71.41999816894531,69.87000274658203,70.05999755859375,230429.0
2024-12-16,70.70999908447266,71.44000244140625,70.37000274658203,71.44000244140625,204296.0
2024-12-17,70.08000183105469,70.91999816894531,69.18000030517578,70.61000061035156,99604.0
2024-12-18,70.58000183105469,71.37999725341797,69.98999786376953,70.22000122070312,99386.0
2024-12-19,69.91000366210938,71.26000213623047,69.69999694824219,70.13999938964844,291660.0
2024-12-20,69.45999908447266,69.8499984741211,68.41999816894531,69.2300033569336,231592.0
2024-12-21,69.45999908447266,69.8499984741211,68.41999816894531,69.2300033569336,231592.0
2024-12-22,69.45999908447266,69.8499984741211,68.41999816894531,69.2300033569336,231592.0
2024-12-23,69.23999786376953,69.94000244140625,68.58999633789062,69.4000015258789,188843.0
2024-12-24,70.0999984741211,70.43000030517578,69.36000061035156,69.55999755859375,122602.0
2024-12-25,70.0999984741211,70.43000030517578,69.36000061035156,69.55999755859375,122602.0
2024-12-26,69.62000274658203,70.75,69.33000183105469,70.19999694824219,144877.0
2024-12-27,70.5999984741211,70.75,69.44000244140625,69.68000030517578,172641.0
2024-12-28,70.5999984741211,70.75,69.44000244140625,69.68000030517578,172641.0
2024-12-29,70.5999984741211,70.75,69.44000244140625,69.68000030517578,172641.0
2024-12-30,70.98999786376953,71.55999755859375,70.12000274658203,70.41999816894531,199296.0
2024-12-31,71.72000122070312,72.0199966430664,70.87000274658203,71.1500015258789,151155.0
2025-01-01,71.72000122070312,72.0199966430664,70.87000274658203,71.1500015258789,151155.0
2025-01-02,73.12999725341797,73.7300033569336,71.79000091552734,71.8499984741211,306498.0
2025-01-03,73.95999908447266,74.3499984741211,72.69999694824219,73.12999725341797,296040.0
2025-01-04,73.95999908447266,74.3499984741211,72.69999694824219,73.12999725341797,296040.0
2025-01-05,73.95999908447266,74.3499984741211,72.69999694824219,73.12999725341797,296040.0
2025-01-06,73.55999755859375,74.98999786376953,73.19999694824219,74.05000305175781,306042.0
2025-01-07,74.25,74.52999877929688,73.11000061035156,73.44000244140625,277328.0
2025-01-08,73.31999969482422,75.29000091552734,73.16000366210938,74.5199966430664,328617.0
2025-01-09,73.91999816894531,74.31999969482422,72.83999633789062,73.31999969482422,213421.0
2025-01-10,76.56999969482422,77.86000061035156,74.0199966430664,74.29000091552734,478432.0
2025-01-11,76.56999969482422,77.86000061035156,74.0199966430664,74.29000091552734,478432.0
2025-01-12,76.56999969482422,77.86000061035156,74.0199966430664,74.29000091552734,478432.0
2025-01-13,78.81999969482422,79.2699966430664,76.54000091552734,76.54000091552734,460942.0
2025-01-14,77.5,79.08999633789062,77.41000366210938,78.81999969482422,326729.0
2025-01-15,80.04000091552734,80.7699966430664,77.23999786376953,78.02999877929688,321422.0
2025-01-16,78.68000030517578,80.58999633789062,77.87000274658203,80.4000015258789,159948.0
2025-01-17,77.87999725341797,79.44000244140625,77.76000213623047,78.75,112409.0
2025-01-18,77.87999725341797,79.44000244140625,77.76000213623047,78.75,112409.0
2025-01-19,77.87999725341797,79.44000244140625,77.76000213623047,78.75,112409.0
2025-01-20,77.87999725341797,79.44000244140625,77.76000213623047,78.75,112409.0
2025-01-21,75.88999938964844,78.47000122070312,75.48999786376953,78.19000244140625,568807.0
2025-01-22,75.44000244140625,76.44999694824219,75.27999877929688,75.87999725341797,315333.0
2025-01-23,74.62000274658203,76.0,74.13999938964844,75.38999938964844,350688.0
2025-01-24,74.66000366210938,75.20999908447266,74.01000213623047,74.30000305175781,319679.0
2025-01-25,74.66000366210938,75.20999908447266,74.01000213623047,74.30000305175781,319679.0
2025-01-26,74.66000366210938,75.20999908447266,74.01000213623047,74.30000305175781,319679.0
2025-01-27,73.16999816894531,75.1500015258789,72.37999725341797,74.54000091552734,334418.0
2025-01-28,73.7699966430664,74.30999755859375,72.93000030517578,73.1500015258789,326075.0
2025-01-29,72.62000274658203,74.08000183105469,72.33000183105469,73.94999694824219,312733.0
2025-01-30,72.7300033569336,73.83999633789062,72.0199966430664,73.0,336475.0
2025-01-31,72.52999877929688,73.83999633789062,71.94000244140625,73.19999694824219,376335.0
2025-02-01,72.52999877929688,73.83999633789062,71.94000244140625,73.19999694824219,376335.0
2025-02-02,72.52999877929688,73.83999633789062,71.94000244140625,73.19999694824219,376335.0
2025-02-03,73.16000366210938,75.18000030517578,72.05000305175781,74.13999938964844,517853.0
2025-02-04,72.69999694824219,73.3499984741211,70.66999816894531,72.3499984741211,452961.0
2025-02-05,71.02999877929688,72.97000122070312,70.95999908447266,72.76000213623047,289902.0
2025-02-06,70.61000061035156,71.8499984741211,70.43000030517578,71.18000030517578,299037.0
2025-02-07,71.0,71.41000366210938,70.47000122070312,70.55999755859375,273766.0
2025-02-08,71.0,71.41000366210938,70.47000122070312,70.55999755859375,273766.0
2025-02-09,71.0,71.41000366210938,70.47000122070312,70.55999755859375,273766.0
2025-02-10,72.31999969482422,72.54000091552734,70.83999633789062,71.0,255941.0
2025-02-11,73.31999969482422,73.68000030517578,72.30999755859375,72.48999786376953,266819.0
2025-02-12,71.37000274658203,73.22000122070312,71.16999816894531,73.19999694824219,318123.0
2025-02-13,71.29000091552734,71.5999984741211,70.22000122070312,71.23999786376953,278197.0
2025-02-14,70.73999786376953,72.0199966430664,70.5199966430664,71.5199966430664,207719.0
2025-02-15,70.73999786376953,72.0199966430664,70.5199966430664,71.5199966430664,207719.0
2025-02-16,70.73999786376953,72.0199966430664,70.5199966430664,71.5199966430664,207719.0
2025-02-17,70.73999786376953,72.0199966430664,70.5199966430664,71.5199966430664,207719.0
2025-02-18,71.8499984741211,72.06999969482422,70.12000274658203,70.69999694824219,130937.0
2025-02-19,72.25,73.04000091552734,71.70999908447266,71.77999877929688,69012.0
2025-02-20,72.56999969482422,73.25,71.8499984741211,72.18000030517578,240060.0
2025-02-21,70.4000015258789,72.7699966430664,70.16999816894531,72.58000183105469,268470.0
2025-02-22,70.4000015258789,72.7699966430664,70.16999816894531,72.58000183105469,268470.0
2025-02-23,70.4000015258789,72.7699966430664,70.16999816894531,72.58000183105469,268470.0
2025-02-24,70.69999694824219,70.94000244140625,69.80000305175781,69.80000305175781,205468.0
2025-02-25,68.93000030517578,71.26000213623047,68.68000030517578,70.91999816894531,267310.0
2025-02-26,68.62000274658203,69.27999877929688,68.36000061035156,69.11000061035156,255601.0
2025-02-27,70.3499984741211,70.54000091552734,68.61000061035156,68.81999969482422,265933.0
2025-02-28,69.76000213623047,70.29000091552734,69.13999938964844,70.16999816894531,250074.0
2025-03-01,69.76000213623047,70.29000091552734,69.13999938964844,70.16999816894531,250074.0
2025-03-02,69.76000213623047,70.29000091552734,69.13999938964844,70.16999816894531,250074.0
2025-03-03,68.37000274658203,70.5999984741211,67.88999938964844,69.94999694824219,332751.0
2025-03-04,68.26000213623047,68.55999755859375,66.7699966430664,68.45999908447266,386750.0
2025-03-05,66.30999755859375,68.0999984741211,65.22000122070312,68.08000183105469,382493.0
2025-03-06,66.36000061035156,67.08999633789062,65.58999633789062,66.38999938964844,341632.0
2025-03-07,67.04000091552734,68.22000122070312,66.12000274658203,66.33999633789062,329710.0
2025-03-08,67.04000091552734,68.22000122070312,66.12000274658203,66.33999633789062,329710.0
2025-03-09,67.04000091552734,68.22000122070312,66.12000274658203,66.33999633789062,329710.0
2025-03-10,66.02999877929688,67.5999984741211,65.80000305175781,67.11000061035156,249633.0
2025-03-11,66.25,67.16999816894531,65.29000091552734,65.94999694824219,222511.0
2025-03-12,67.68000030517578,67.87999725341797,66.1500015258789,66.62000274658203,246675.0
2025-03-13,66.55000305175781,67.94000244140625,66.37000274658203,67.69000244140625,268590.0
2025-03-14,67.18000030517578,67.4800033569336,66.58999633789062,66.77999877929688,180495.0
2025-03-15,67.18000030517578,67.4800033569336,66.58999633789062,66.77999877929688,180495.0
2025-03-16,67.18000030517578,67.4800033569336,66.58999633789062,66.77999877929688,180495.0
2025-03-17,67.58000183105469,68.37000274658203,67.25,67.3499984741211,161298.0
2025-03-18,66.9000015258789,68.72000122070312,66.55999755859375,67.4000015258789,110338.0
2025-03-19,67.16000366210938,67.62999725341797,66.20999908447266,66.72000122070312,73077.0
2025-03-20,68.26000213623047,68.47000122070312,66.87999725341797,67.29000091552734,283376.0
2025-03-21,68.27999877929688,68.6500015258789,67.6500015258789,68.3499984741211,198964.0
2025-03-22,68.27999877929688,68.6500015258789,67.6500015258789,68.3499984741211,198964.0
2025-03-23,68.27999877929688,68.6500015258789,67.6500015258789,68.3499984741211,198964.0
2025-03-24,69.11000061035156,69.33000183105469,67.94999694824219,68.3499984741211,247024.0
2025-03-25,69.0,69.68000030517578,68.5199966430664,69.16000366210938,258411.0
2025-03-26,69.6500015258789,70.22000122070312,69.05999755859375,69.16000366210938,262413.0
2025-03-27,69.91999816894531,69.97000122070312,69.12000274658203,69.95999908447266,211825.0
2025-03-28,69.36000061035156,70.08999633789062,68.87000274658203,69.91000366210938,246650.0
2025-03-29,69.36000061035156,70.08999633789062,68.87000274658203,69.91000366210938,246650.0
2025-03-30,69.36000061035156,70.08999633789062,68.87000274658203,69.91000366210938,246650.0
2025-03-31,71.4800033569336,71.83000183105469,68.80999755859375,69.43000030517578,313087.0
2025-04-01,71.19999694824219,72.0999984741211,71.02999877929688,71.38999938964844,272832.0
2025-04-02,71.70999908447266,72.27999877929688,70.58999633789062,71.19999694824219,286501.0
2025-04-03,66.94999694824219,70.41000366210938,65.9800033569336,70.37999725341797,459238.0
2025-04-04,61.9900016784668,66.9000015258789,60.45000076293945,66.63999938964844,559638.0
2025-04-05,61.9900016784668,66.9000015258789,60.45000076293945,66.63999938964844,559638.0
2025-04-06,61.9900016784668,66.9000015258789,60.45000076293945,66.63999938964844,559638.0
2025-04-07,60.70000076293945,63.900001525878906,58.95000076293945,61.119998931884766,597617.0
2025-04-08,59.58000183105469,61.75,57.880001068115234,61.029998779296875,557655.0
2025-04-09,62.349998474121094,62.93000030517578,55.119998931884766,58.31999969482422,592250.0
2025-04-10,60.06999969482422,63.34000015258789,58.7599983215332,62.709999084472656,391826.0
2025-04-11,61.5,61.869998931884766,59.43000030517578,60.20000076293945,306231.0
2025-04-12,61.5,61.869998931884766,59.43000030517578,60.20000076293945,306231.0
2025-04-13,61.5,61.869998931884766,59.43000030517578,60.20000076293945,306231.0
2025-04-14,61.529998779296875,62.68000030517578,60.59000015258789,61.70000076293945,238068.0
2025-04-15,61.33000183105469,62.060001373291016,60.880001068115234,61.58000183105469,197404.0
2025-04-16,62.470001220703125,62.97999954223633,60.439998626708984,61.540000915527344,213194.0
2025-04-17,64.68000030517578,64.86000061035156,62.61000061035156,62.630001068115234,111479.0
2025-04-18,64.68000030517578,64.86000061035156,62.61000061035156,62.630001068115234,111479.0
2025-04-19,64.68000030517578,64.86000061035156,62.61000061035156,62.630001068115234,111479.0
2025-04-20,64.68000030517578,64.86000061035156,62.61000061035156,62.630001068115234,111479.0
2025-04-21,63.08000183105469,64.41999816894531,62.45000076293945,64.30000305175781,82671.0
2025-04-22,64.30999755859375,65.08999633789062,63.43000030517578,63.43000030517578,297928.0
2025-04-23,62.27000045776367,64.87000274658203,61.529998779296875,64.0,397841.0
2025-04-24,62.790000915527344,63.310001373291016,61.9900016784668,62.34000015258789,264908.0
2025-04-25,63.02000045776367,63.40999984741211,61.79999923706055,62.86000061035156,283758.0
2025-04-26,63.02000045776367,63.40999984741211,61.79999923706055,62.86000061035156,283758.0
2025-04-27,63.02000045776367,63.40999984741211,61.79999923706055,62.86000061035156,283758.0
2025-04-28,62.04999923706055,63.91999816894531,61.47999954223633,63.4900016784668,276116.0
2025-04-29,60.41999816894531,62.06999969482422,60.119998931884766,61.869998931884766,312373.0
2025-04-30,58.209999084472656,60.43000030517578,57.90999984741211,60.15999984741211,419549.0
2025-05-01,59.2400016784668,59.5,56.38999938964844,58.15999984741211,364216.0
2025-05-02,58.290000915527344,59.869998931884766,57.7400016784668,58.9900016784668,322096.0
2025-05-03,58.290000915527344,59.869998931884766,57.7400016784668,58.9900016784668,322096.0
2025-05-04,58.290000915527344,59.869998931884766,57.7400016784668,58.9900016784668,322096.0
2025-05-05,57.130001068115234,57.70000076293945,55.29999923706055,56.7599983215332,308387.0
2025-05-06,59.09000015258789,59.84000015258789,57.029998779296875,57.25,343893.0
2025-05-07,58.06999969482422,60.2599983215332,57.810001373291016,58.97999954223633,295238.0
2025-05-08,59.90999984741211,60.290000915527344,57.7400016784668,57.93000030517578,281000.0
2025-05-09,61.02000045776367,61.45000076293945,59.88999938964844,60.25,239640.0
2025-05-10,61.02000045776367,61.45000076293945,59.88999938964844,60.25,239640.0
2025-05-11,61.02000045776367,61.45000076293945,59.88999938964844,60.25,239640.0
2025-05-12,61.95000076293945,63.61000061035156,61.02000045776367,61.38999938964844,325865.0
2025-05-13,63.66999816894531,63.900001525878906,61.650001525878906,62.0,258795.0
2025-05-14,63.150001525878906,63.68000030517578,62.75,63.619998931884766,225626.0
2025-05-15,61.619998931884766,62.90999984741211,60.470001220703125,62.880001068115234,258404.0
2025-05-16,62.4900016784668,62.709999084472656,61.25,61.70000076293945,121556.0
2025-05-17,62.4900016784668,62.709999084472656,61.25,61.70000076293945,121556.0
2025-05-18,62.4900016784668,62.709999084472656,61.25,61.70000076293945,121556.0
2025-05-19,62.689998626708984,63.400001525878906,61.56999969482422,62.75,95570.0
2025-05-20,62.560001373291016,63.16999816894531,62.189998626708984,62.68000030517578,250414.0
2025-05-21,61.56999969482422,64.19000244140625,61.279998779296875,62.27000045776367,302702.0
2025-05-22,61.20000076293945,61.75,60.25,61.33000183105469,258549.0
2025-05-23,61.529998779296875,61.880001068115234,60.02000045776367,60.810001373291016,273392.0
2025-05-24,61.529998779296875,61.880001068115234,60.02000045776367,60.810001373291016,273392.0
2025-05-25,61.529998779296875,61.880001068115234,60.02000045776367,60.810001373291016,273392.0
2025-05-26,61.529998779296875,61.880001068115234,60.02000045776367,60.810001373291016,273392.0
2025-05-27,60.88999938964844,62.13999938964844,60.2599983215332,61.70000076293945,291317.0
2025-05-28,61.84000015258789,62.540000915527344,60.849998474121094,61.040000915527344,260374.0
2025-05-29,60.939998626708984,63.06999969482422,60.54999923706055,61.83000183105469,299859.0
2025-05-30,60.790000915527344,61.720001220703125,59.7400016784668,60.939998626708984,384927.0
2025-05-31,60.790000915527344,61.720001220703125,59.7400016784668,60.939998626708984,384927.0
2025-06-01,60.790000915527344,61.720001220703125,59.7400016784668,60.939998626708984,384927.0
2025-06-02,62.52000045776367,63.880001068115234,61.060001373291016,61.11000061035156,403580.0
2025-06-03,63.40999984741211,63.88999938964844,62.400001525878906,63.02000045776367,291260.0
2025-06-04,62.849998474121094,63.959999084472656,62.16999816894531,63.36000061035156,321128.0
2025-06-05,63.369998931884766,63.97999954223633,62.5,62.7599983215332,232423.0
2025-06-06,64.58000183105469,64.80000305175781,62.81999969482422,63.33000183105469,310133.0
2025-06-07,64.58000183105469,64.80000305175781,62.81999969482422,63.33000183105469,310133.0
2025-06-08,64.58000183105469,64.80000305175781,62.81999969482422,63.33000183105469,310133.0
2025-06-09,65.29000091552734,65.43000030517578,64.19999694824219,64.80000305175781,235900.0
2025-06-10,64.9800033569336,66.27999877929688,64.56999969482422,65.45999908447266,279021.0
2025-06-11,68.1500015258789,68.37000274658203,64.5999984741211,64.76000213623047,378473.0
2025-06-12,68.04000091552734,69.29000091552734,66.72000122070312,69.02999877929688,379394.0
2025-06-13,72.9800033569336,77.62000274658203,68.48999786376953,68.9000015258789,715652.0
2025-06-14,72.9800033569336,77.62000274658203,68.48999786376953,68.9000015258789,715652.0
2025-06-15,72.9800033569336,77.62000274658203,68.48999786376953,68.9000015258789,715652.0
2025-06-16,71.7699966430664,77.48999786376953,69.37999725341797,76.54000091552734,367312.0
2025-06-17,74.83999633789062,75.54000091552734,71.0,71.11000061035156,154264.0
2025-06-18,75.13999938964844,76.06999969482422,72.94000244140625,75.61000061035156,0.0
2025-06-19,75.13999938964844,76.06999969482422,72.94000244140625,75.61000061035156,0.0
2025-06-20,74.93000030517578,77.58000183105469,74.30000305175781,74.5999984741211,678377.0
2025-06-21,74.93000030517578,77.58000183105469,74.30000305175781,74.5999984741211,678377.0
2025-06-22,74.93000030517578,77.58000183105469,74.30000305175781,74.5999984741211,678377.0
2025-06-23,68.51000213623047,78.4000015258789,66.5999984741211,78.0,728868.0
2025-06-24,64.37000274658203,67.83000183105469,64.0,67.73999786376953,541475.0
2025-06-25,64.91999816894531,66.02999877929688,64.51000213623047,65.12000274658203,278504.0
2025-06-26,65.23999786376953,66.41999816894531,64.66000366210938,64.9800033569336,233771.0
2025-06-27,65.5199966430664,66.08999633789062,64.80000305175781,65.30000305175781,236284.0
2025-06-28,65.5199966430664,66.08999633789062,64.80000305175781,65.30000305175781,236284.0
2025-06-29,65.5199966430664,66.08999633789062,64.80000305175781,65.30000305175781,236284.0
2025-06-30,65.11000061035156,65.81999969482422,64.5,65.1500015258789,193289.0
2025-07-01,65.44999694824219,65.9800033569336,64.66999816894531,64.95999908447266,193162.0
2025-07-02,67.44999694824219,67.58000183105469,65.2300033569336,65.55999755859375,265200.0
2025-07-03,67.0,67.58000183105469,66.52999877929688,67.5,0.0
2025-07-04,66.5,67.18000030517578,66.04000091552734,67.12999725341797,0.0
2025-07-05,66.5,67.18000030517578,66.04000091552734,67.12999725341797,0.0
2025-07-06,66.5,67.18000030517578,66.04000091552734,67.12999725341797,0.0
2025-07-07,67.93000030517578,68.31999969482422,65.4000015258789,65.69999694824219,332949.0
2025-07-08,68.33000183105469,68.91000366210938,67.33000183105469,67.95999908447266,219882.0
2025-07-09,68.37999725341797,68.94000244140625,67.69999694824219,68.18000030517578,223945.0
2025-07-10,66.56999969482422,68.6500015258789,66.44999694824219,68.29000091552734,258654.0
2025-07-11,68.44999694824219,68.7699966430664,66.5,66.8499984741211,226297.0
2025-07-12,68.44999694824219,68.7699966430664,66.5,66.8499984741211,226297.0
2025-07-13,68.44999694824219,68.7699966430664,66.5,66.8499984741211,226297.0
2025-07-14,66.9800033569336,69.6500015258789,66.80000305175781,68.68000030517578,263877.0
2025-07-15,66.5199966430664,67.12999725341797,66.22000122070312,66.86000061035156,252724.0
2025-07-16,66.37999725341797,67.01000213623047,65.41999816894531,66.7300033569336,248346.0
2025-07-17,67.54000091552734,67.69000244140625,66.29000091552734,66.5999984741211,188802.0
2025-07-18,67.33999633789062,68.95999908447266,67.19999694824219,67.5999984741211,107628.0
2025-07-19,67.33999633789062,68.95999908447266,67.19999694824219,67.5999984741211,107628.0
2025-07-20,67.33999633789062,68.95999908447266,67.19999694824219,67.5999984741211,107628.0
2025-07-21,67.19999694824219,67.76000213623047,66.45999908447266,67.31999969482422,81194.0
2025-07-22,66.20999908447266,67.12999725341797,65.98999786376953,67.12000274658203,269991.0
2025-07-23,65.25,65.77999877929688,64.70999908447266,65.48999786376953,251825.0
2025-07-24,66.02999877929688,66.38999938964844,65.33000183105469,65.41999816894531,281209.0
2025-07-25,65.16000366210938,66.73999786376953,65.0,66.1500015258789,234283.0
2025-07-26,65.16000366210938,66.73999786376953,65.0,66.1500015258789,234283.0
2025-07-27,65.16000366210938,66.73999786376953,65.0,66.1500015258789,234283.0
2025-07-28,66.70999908447266,67.13999938964844,65.05000305175781,65.1500015258789,262038.0
2025-07-29,69.20999908447266,69.76000213623047,66.52999877929688,67.04000091552734,329112.0
2025-07-30,70.0,70.51000213623047,68.44999694824219,69.33999633789062,345336.0
2025-07-31,69.26000213623047,70.41000366210938,68.55999755859375,70.30000305175781,247031.0
2025-08-01,67.33000183105469,69.58000183105469,67.05000305175781,69.3499984741211,355819.0
2025-08-02,67.33000183105469,69.58000183105469,67.05000305175781,69.3499984741211,355819.0
2025-08-03,67.33000183105469,69.58000183105469,67.05000305175781,69.3499984741211,355819.0
2025-08-04,66.29000091552734,67.73999786376953,65.45999908447266,66.8499984741211,277375.0
2025-08-05,65.16000366210938,66.38999938964844,65.02999877929688,66.20999908447266,279030.0
2025-08-06,64.3499984741211,66.75,63.63999938964844,65.1500015258789,353827.0
2025-08-07,63.880001068115234,65.11000061035156,63.70000076293945,64.36000061035156,300518.0
2025-08-08,63.880001068115234,64.58000183105469,62.77000045776367,63.849998474121094,322939.0
2025-08-09,63.880001068115234,64.58000183105469,62.77000045776367,63.849998474121094,322939.0
2025-08-10,63.880001068115234,64.58000183105469,62.77000045776367,63.849998474121094,322939.0
2025-08-11,63.959999084472656,64.44000244140625,63.02000045776367,63.47999954223633,234807.0
2025-08-12,63.16999816894531,64.33999633789062,63.060001373291016,64.0,304441.0
2025-08-13,62.650001525878906,63.380001068115234,61.939998626708984,63.06999969482422,298939.0
2025-08-14,63.959999084472656,64.0999984741211,62.58000183105469,62.790000915527344,251652.0
2025-08-15,62.79999923706055,64.1500015258789,62.68000030517578,63.90999984741211,197390.0
2025-08-16,62.79999923706055,64.1500015258789,62.68000030517578,63.90999984741211,197390.0
2025-08-17,62.79999923706055,64.1500015258789,62.68000030517578,63.90999984741211,197390.0
2025-08-18,63.41999816894531,63.790000915527344,62.18000030517578,63.0,95113.0
2025-08-19,62.349998474121094,63.38999938964844,62.25,63.27000045776367,99484.0
2025-08-20,63.209999084472656,63.54999923706055,62.38999938964844,62.599998474121094,280663.0
2025-08-21,63.52000045776367,63.66999816894531,62.52000045776367,62.849998474121094,250166.0
2025-08-22,63.65999984741211,63.93000030517578,63.310001373291016,63.5,223169.0
2025-08-23,63.65999984741211,63.93000030517578,63.310001373291016,63.5,223169.0
2025-08-24,63.65999984741211,63.93000030517578,63.310001373291016,63.5,223169.0
2025-08-25,64.80000305175781,65.0999984741211,63.529998779296875,63.880001068115234,185270.0
2025-08-26,63.25,64.76000213623047,63.130001068115234,64.75,199101.0
2025-08-27,64.1500015258789,64.2300033569336,62.95000076293945,63.310001373291016,193476.0
2025-08-28,64.5999984741211,64.69999694824219,63.349998474121094,63.869998931884766,208931.0
2025-08-29,64.01000213623047,64.55000305175781,63.880001068115234,64.26000213623047,0.0
2025-08-30,64.01000213623047,64.55000305175781,63.880001068115234,64.26000213623047,0.0
2025-08-31,64.01000213623047,64.55000305175781,63.880001068115234,64.26000213623047,0.0
2025-09-01,64.01000213623047,64.55000305175781,63.880001068115234,64.26000213623047,0.0
2025-09-02,65.58999633789062,66.02999877929688,63.65999984741211,63.95000076293945,320218.0
2025-09-03,63.970001220703125,65.72000122070312,63.720001220703125,65.62000274658203,298737.0
2025-09-04,63.47999954223633,63.84000015258789,62.720001220703125,63.81999969482422,251689.0
2025-09-05,61.869998931884766,63.4900016784668,61.45000076293945,63.33000183105469,294540.0
2025-09-06,61.869998931884766,63.4900016784668,61.45000076293945,63.33000183105469,294540.0
2025-09-07,61.869998931884766,63.4900016784668,61.45000076293945,63.33000183105469,294540.0
2025-09-08,62.2599983215332,63.34000015258789,61.849998474121094,62.0,237288.0
2025-09-09,62.630001068115234,63.66999816894531,62.369998931884766,62.43000030517578,268529.0
2025-09-10,63.66999816894531,64.08000183105469,62.720001220703125,62.7400016784668,260684.0
2025-09-11,62.369998931884766,63.79999923706055,62.209999084472656,63.79999923706055,222661.0
2025-09-12,62.689998626708984,63.97999954223633,61.689998626708984,62.27000045776367,313265.0
2025-09-13,62.689998626708984,63.97999954223633,61.689998626708984,62.27000045776367,313265.0
2025-09-14,62.689998626708984,63.97999954223633,61.689998626708984,62.27000045776367,313265.0
2025-09-15,63.29999923706055,63.66999816894531,62.52000045776367,62.970001220703125,205560.0
2025-09-16,64.5199966430664,64.76000213623047,62.88999938964844,63.310001373291016,234250.0
2025-09-17,64.05000305175781,64.66999816894531,63.689998626708984,64.58999633789062,165427.0
2025-09-18,63.56999969482422,64.55000305175781,63.33000183105469,63.9900016784668,82321.0
2025-09-19,62.68000030517578,63.650001525878906,62.599998474121094,63.59000015258789,87165.0
2025-09-20,62.68000030517578,63.650001525878906,62.599998474121094,63.59000015258789,87165.0
2025-09-21,62.68000030517578,63.650001525878906,62.599998474121094,63.59000015258789,87165.0
2025-09-22,62.63999938964844,63.18000030517578,61.97999954223633,62.7400016784668,223779.0
2025-09-23,63.40999984741211,63.88999938964844,61.849998474121094,62.33000183105469,265948.0
2025-09-24,64.98999786376953,65.05000305175781,63.25,63.63999938964844,282721.0
2025-09-25,64.9800033569336,65.33999633789062,64.05999755859375,64.80000305175781,258353.0
2025-09-26,65.72000122070312,66.41999816894531,64.66000366210938,65.19999694824219,284990.0
2025-09-27,65.72000122070312,66.41999816894531,64.66000366210938,65.19999694824219,284990.0
2025-09-28,65.72000122070312,66.41999816894531,64.66000366210938,65.19999694824219,284990.0
2025-09-29,63.45000076293945,65.4000015258789,62.97999954223633,65.06999969482422,294292.0
2025-09-30,62.369998931884766,63.2599983215332,62.029998779296875,63.13999938964844,271649.0
2025-10-01,61.779998779296875,62.88999938964844,61.400001525878906,62.459999084472656,274339.0
2025-10-02,60.47999954223633,62.540000915527344,60.400001525878906,61.779998779296875,290507.0
2025-10-03,60.880001068115234,61.380001068115234,60.54999923706055,60.70000076293945,240044.0
2025-10-04,60.880001068115234,61.380001068115234,60.54999923706055,60.70000076293945,240044.0
2025-10-05,60.880001068115234,61.380001068115234,60.54999923706055,60.70000076293945,240044.0
2025-10-06,61.689998626708984,62.119998931884766,61.040000915527344,61.13999938964844,224682.0
2025-10-07,61.72999954223633,62.11000061035156,60.720001220703125,61.72999954223633,245121.0
2025-10-08,62.54999923706055,62.91999816894531,62.04999923706055,62.04999923706055,273318.0
2025-10-09,61.5099983215332,62.869998931884766,61.25,62.310001373291016,259171.0
2025-10-10,58.900001525878906,61.66999816894531,58.220001220703125,61.4900016784668,339103.0
2025-10-11,58.900001525878906,61.66999816894531,58.220001220703125,61.4900016784668,339103.0
2025-10-12,58.900001525878906,61.66999816894531,58.220001220703125,61.4900016784668,339103.0
2025-10-13,59.4900016784668,60.16999816894531,59.0,59.0,339103.0
2025-10-14,58.70000076293945,59.81999969482422,57.68000030517578,59.58000183105469,259200.0
2025-10-15,58.27000045776367,59.41999816894531,58.20000076293945,58.599998474121094,224919.0
2025-10-16,57.459999084472656,59.11000061035156,57.2599983215332,58.77000045776367,203866.0
2025-10-17,57.540000915527344,57.720001220703125,56.599998474121094,57.5,108748.0
2025-10-18,57.540000915527344,57.720001220703125,56.599998474121094,57.5,108748.0
2025-10-19,57.540000915527344,57.720001220703125,56.599998474121094,57.5,108748.0
2025-10-20,57.52000045776367,57.810001373291016,56.349998474121094,57.72999954223633,108146.0
2025-10-21,57.81999969482422,58.279998779296875,56.9900016784668,57.369998931884766,314207.0
2025-10-22,58.5,59.83000183105469,57.34000015258789,57.59000015258789,378637.0
2025-10-23,61.790000915527344,62.20000076293945,59.63999938964844,59.939998626708984,735186.0
2025-10-24,61.5,62.59000015258789,61.209999084472656,61.790000915527344,373744.0
2025-10-25,61.5,62.59000015258789,61.209999084472656,61.790000915527344,373744.0
2025-10-26,61.5,62.59000015258789,61.209999084472656,61.790000915527344,373744.0
2025-10-27,61.310001373291016,62.16999816894531,60.66999816894531,61.81999969482422,272191.0
2025-10-28,60.150001525878906,61.5,59.7599983215332,61.5,307568.0
2025-10-29,60.47999954223633,61.02000045776367,59.70000076293945,60.18000030517578,276875.0
2025-10-30,60.56999969482422,60.790000915527344,59.63999938964844,60.38999938964844,247917.0
2025-10-31,60.97999954223633,61.380001068115234,59.9900016784668,60.29999923706055,278598.0
2025-11-01,60.97999954223633,61.380001068115234,59.9900016784668,60.29999923706055,278598.0
2025-11-02,60.97999954223633,61.380001068115234,59.9900016784668,60.29999923706055,278598.0
2025-11-03,61.04999923706055,61.5,60.5099983215332,61.400001525878906,0.0
2025-11-04,60.560001373291016,61.029998779296875,59.939998626708984,61.029998779296875,219300.0
2025-11-05,59.599998474121094,61.09000015258789,59.52000045776367,60.43000030517578,292518.0
2025-11-06,59.43000030517578,60.5099983215332,58.83000183105469,59.68000030517578,277768.0
2025-11-07,59.75,60.459999084472656,59.31999969482422,59.650001525878906,259446.0
2025-11-08,59.75,60.459999084472656,59.31999969482422,59.650001525878906,259446.0
2025-11-09,59.75,60.459999084472656,59.31999969482422,59.650001525878906,259446.0
2025-11-10,60.130001068115234,60.47999954223633,59.40999984741211,59.869998931884766,222879.0
2025-11-11,61.040000915527344,61.279998779296875,59.65999984741211,60.06999969482422,264427.0
2025-11-12,58.4900016784668,61.060001373291016,58.29999923706055,61.04999923706055,329517.0
2025-11-13,58.689998626708984,59.209999084472656,58.119998931884766,58.470001220703125,247349.0
2025-11-14,60.09000015258789,60.650001525878906,58.709999084472656,58.709999084472656,334116.0
2025-11-15,60.09000015258789,60.650001525878906,58.709999084472656,58.709999084472656,334116.0
2025-11-16,60.09000015258789,60.650001525878906,58.709999084472656,58.709999084472656,334116.0
2025-11-17,59.90999984741211,60.439998626708984,59.31999969482422,59.79999923706055,189638.0
2025-11-18,60.7400016784668,60.93000030517578,59.310001373291016,59.7400016784668,105325.0
2025-11-19,59.439998626708984,60.790000915527344,58.77000045776367,60.619998931884766,79622.0
2025-11-20,59.13999938964844,60.33000183105469,58.86000061035156,59.630001068115234,324282.0
2025-11-21,58.060001373291016,58.79999923706055,57.380001068115234,58.79999923706055,345014.0
2025-11-22,58.060001373291016,58.79999923706055,57.380001068115234,58.79999923706055,345014.0
2025-11-23,58.060001373291016,58.79999923706055,57.380001068115234,58.79999923706055,345014.0
2025-11-24,58.84000015258789,59.060001373291016,57.41999816894531,58.04999923706055,238138.0
2025-11-25,57.95000076293945,58.959999084472656,57.099998474121094,58.88999938964844,334442.0
2025-11-26,58.650001525878906,58.720001220703125,57.65999984741211,58.04999923706055,228285.0
2025-11-27,58.650001525878906,58.720001220703125,57.65999984741211,58.04999923706055,228285.0
2025-11-28,58.54999923706055,59.63999938964844,58.27000045776367,58.58000183105469,153758.0
2025-11-29,58.54999923706055,59.63999938964844,58.27000045776367,58.58000183105469,153758.0
2025-11-30,58.54999923706055,59.63999938964844,58.27000045776367,58.58000183105469,153758.0
2025-12-01,59.31999969482422,59.970001220703125,58.83000183105469,58.959999084472656,232770.0
2025-12-02,58.63999938964844,59.66999816894531,58.279998779296875,59.52000045776367,255513.0
2025-12-03,58.95000076293945,59.63999938964844,58.369998931884766,58.650001525878906,260974.0
2025-12-04,59.66999816894531,60.02000045776367,58.810001373291016,59.09000015258789,264993.0
2025-12-05,60.08000183105469,60.5,59.41999816894531,59.70000076293945,255075.0
2025-12-06,60.08000183105469,60.5,59.41999816894531,59.70000076293945,255075.0
2025-12-07,60.08000183105469,60.5,59.41999816894531,59.70000076293945,255075.0
2025-12-08,58.880001068115234,60.29999923706055,58.68000030517578,60.150001525878906,263009.0
2025-12-09,58.25,59.16999816894531,58.119998931884766,58.869998931884766,260206.0
2025-12-10,58.459999084472656,59.04999923706055,57.65999984741211,58.369998931884766,256508.0
2025-12-11,57.599998474121094,58.939998626708984,57.0099983215332,58.90999984741211,286808.0
2025-12-12,57.439998626708984,58.189998626708984,57.150001525878906,57.88999938964844,212806.0
2025-12-13,57.439998626708984,58.189998626708984,57.150001525878906,57.88999938964844,212806.0
2025-12-14,57.439998626708984,58.189998626708984,57.150001525878906,57.88999938964844,212806.0
2025-12-15,56.81999969482422,57.79999923706055,56.400001525878906,57.5,229310.0
2025-12-16,55.27000045776367,56.70000076293945,54.97999954223633,56.68000030517578,230933.0
2025-12-17,55.939998626708984,56.97999954223633,55.20000076293945,55.22999954223633,125608.0
2025-12-18,56.150001525878906,57.029998779296875,55.880001068115234,56.900001525878906,85735.0
2025-12-19,56.65999984741211,56.900001525878906,55.81999969482422,56.029998779296875,209264.0
2025-12-20,56.65999984741211,56.900001525878906,55.81999969482422,56.029998779296875,209264.0
2025-12-21,56.65999984741211,56.900001525878906,55.81999969482422,56.029998779296875,209264.0
2025-12-22,58.0099983215332,58.130001068115234,56.599998474121094,56.630001068115234,221576.0
2025-12-23,58.380001068115234,58.560001373291016,57.7400016784668,57.95000076293945,183633.0
2025-12-24,58.349998474121094,58.75,58.130001068115234,58.470001220703125,111762.0
2025-12-25,58.349998474121094,58.75,58.130001068115234,58.470001220703125,111762.0
2025-12-26,56.7400016784668,58.880001068115234,56.650001525878906,58.349998474121094,166669.0
2025-12-27,56.7400016784668,58.880001068115234,56.650001525878906,58.349998474121094,166669.0
2025-12-28,56.7400016784668,58.880001068115234,56.650001525878906,58.349998474121094,166669.0
2025-12-29,58.08000183105469,58.29999923706055,56.90999984741211,57.040000915527344,178590.0
2025-12-30,57.95000076293945,58.470001220703125,57.599998474121094,57.810001373291016,143802.0
2025-12-31,57.41999816894531,58.54999923706055,57.20000076293945,57.95000076293945,157160.0
2026-01-01,57.41999816894531,58.54999923706055,57.20000076293945,57.95000076293945,157160.0
2026-01-02,57.31999969482422,57.93000030517578,56.599998474121094,57.40999984741211,189503.0
2026-01-03,57.31999969482422,57.93000030517578,56.599998474121094,57.40999984741211,189503.0
2026-01-04,57.31999969482422,57.93000030517578,56.599998474121094,57.40999984741211,189503.0
2026-01-05,58.31999969482422,58.5099983215332,56.310001373291016,57.470001220703125,301483.0
2026-01-06,57.130001068115234,58.869998931884766,56.84000015258789,58.34000015258789,292067.0
2026-01-07,55.9900016784668,57.16999816894531,55.7599983215332,57.0,383128.0
2026-01-08,57.7599983215332,58.7400016784668,55.970001220703125,56.41999816894531,334134.0
2026-01-09,59.119998931884766,59.77000045776367,57.61000061035156,58.400001525878906,360309.0
2026-01-10,59.119998931884766,59.77000045776367,57.61000061035156,58.400001525878906,360309.0
2026-01-11,59.119998931884766,59.77000045776367,57.61000061035156,58.400001525878906,360309.0
2026-01-12,59.5,59.90999984741211,58.45000076293945,59.0,309700.0
2026-01-13,61.150001525878906,61.5,59.470001220703125,59.95000076293945,411190.0
2026-01-14,62.02000045776367,62.36000061035156,59.189998626708984,61.119998931884766,410261.0
2026-01-15,59.189998626708984,61.13999938964844,58.880001068115234,61.060001373291016,113642.0
2026-01-16,59.439998626708984,60.18000030517578,58.939998626708984,59.2599983215332,113794.0
2026-01-17,59.439998626708984,60.18000030517578,58.939998626708984,59.2599983215332,113794.0
2026-01-18,59.439998626708984,60.18000030517578,58.939998626708984,59.2599983215332,113794.0
2026-01-19,59.439998626708984,60.18000030517578,58.939998626708984,59.2599983215332,113794.0
2026-01-20,60.34000015258789,60.68000030517578,58.70000076293945,59.0099983215332,499595.0
2026-01-21,60.619998931884766,60.88999938964844,59.220001220703125,59.56999969482422,333062.0
2026-01-22,59.36000061035156,60.81999969482422,58.959999084472656,60.68000030517578,324349.0
2026-01-23,61.06999969482422,61.36000061035156,59.52000045776367,59.65999984741211,283419.0
2026-01-24,61.06999969482422,61.36000061035156,59.52000045776367,59.65999984741211,283419.0
2026-01-25,61.06999969482422,61.36000061035156,59.52000045776367,59.65999984741211,283419.0
2026-01-26,60.630001068115234,61.709999084472656,60.31999969482422,61.220001220703125,281062.0
2026-01-27,62.38999938964844,62.630001068115234,60.13999938964844,60.779998779296875,360208.0
2026-01-28,63.209999084472656,63.56999969482422,62.06999969482422,62.58000183105469,354864.0
2026-01-29,65.41999816894531,66.4800033569336,63.279998779296875,63.5,560007.0
2026-01-30,65.20999908447266,66.11000061035156,63.63999938964844,65.5199966430664,449325.0
2026-01-31,65.20999908447266,66.11000061035156,63.63999938964844,65.5199966430664,449325.0
2026-02-01,65.20999908447266,66.11000061035156,63.63999938964844,65.5199966430664,449325.0
2026-02-02,62.13999938964844,64.73999786376953,61.38999938964844,64.72000122070312,414083.0
2026-02-03,63.209999084472656,64.20999908447266,61.119998931884766,62.279998779296875,381144.0
2026-02-04,65.13999938964844,65.52999877929688,62.86000061035156,63.79999923706055,446588.0
2026-02-05,63.290000915527344,64.66999816894531,62.650001525878906,64.48999786376953,389763.0
2026-02-06,63.54999923706055,64.58000183105469,62.20000076293945,63.099998474121094,448924.0
2026-02-07,63.54999923706055,64.58000183105469,62.20000076293945,63.099998474121094,448924.0
2026-02-08,63.54999923706055,64.58000183105469,62.20000076293945,63.099998474121094,448924.0
2026-02-09,64.36000061035156,64.87999725341797,62.619998931884766,62.9900016784668,298005.0
2026-02-10,63.959999084472656,64.70999908447266,63.650001525878906,64.44000244140625,276292.0
2026-02-11,64.62999725341797,65.83000183105469,64.1500015258789,64.19999694824219,340194.0
2026-02-12,62.84000015258789,65.0999984741211,62.38999938964844,64.87000274658203,369303.0
2026-02-13,62.88999938964844,63.2599983215332,62.13999938964844,62.9900016784668,255793.0
2026-02-14,62.88999938964844,63.2599983215332,62.13999938964844,62.9900016784668,255793.0
2026-02-15,62.88999938964844,63.2599983215332,62.13999938964844,62.9900016784668,255793.0
2026-02-16,62.88999938964844,63.2599983215332,62.13999938964844,62.9900016784668,255793.0
2026-02-17,62.33000183105469,64.13999938964844,61.869998931884766,63.29999923706055,328727.0
2026-02-18,65.19000244140625,65.55999755859375,62.119998931884766,62.29999923706055,115379.0
2026-02-19,66.43000030517578,66.9000015258789,64.87999725341797,65.0999984741211,113408.0
2026-02-20,66.38999938964844,67.05000305175781,65.94000244140625,66.66999816894531,351351.0
2026-02-21,66.38999938964844,67.05000305175781,65.94000244140625,66.66999816894531,351351.0
2026-02-22,66.38999938964844,67.05000305175781,65.94000244140625,66.66999816894531,351351.0
2026-02-23,66.30999755859375,67.27999877929688,65.37999725341797,65.88999938964844,270365.0
2026-02-24,65.62999725341797,67.1500015258789,65.55000305175781,66.30999755859375,312124.0
2026-02-25,65.41999816894531,66.5999984741211,65.12000274658203,66.06999969482422,306780.0
2026-02-26,65.20999908447266,66.70999908447266,63.599998474121094,65.6500015258789,498542.0
2026-02-27,67.0199966430664,67.83000183105469,64.8499984741211,65.3499984741211,437053.0
2026-02-28,67.0199966430664,67.83000183105469,64.8499984741211,65.3499984741211,437053.0
2026-03-01,67.0199966430664,67.83000183105469,64.8499984741211,65.3499984741211,437053.0
2026-03-02,71.2300033569336,75.33000183105469,69.19999694824219,75.0,881329.0
2026-03-03,74.55999755859375,77.9800033569336,70.41000366210938,71.2300033569336,1009753.0
2026-03-04,74.66000366210938,77.2300033569336,73.27999877929688,74.73999786376953,617822.0
2026-03-05,81.01000213623047,82.16000366210938,74.97000122070312,76.1500015258789,707030.0
2026-03-06,90.9000015258789,92.61000061035156,78.23999786376953,79.08000183105469,996251.0
2026-03-07,90.9000015258789,92.61000061035156,78.23999786376953,79.08000183105469,996251.0
2026-03-08,90.9000015258789,92.61000061035156,78.23999786376953,79.08000183105469,996251.0
2026-03-09,94.7699966430664,119.4800033569336,81.19000244140625,98.0,1107193.0
2026-03-10,83.44999694824219,91.4800033569336,76.7300033569336,85.75,801564.0
2026-03-11,87.25,88.98999786376953,81.79000091552734,86.88999938964844,538020.0
2026-03-12,95.7300033569336,97.19000244140625,88.61000061035156,89.31999969482422,548999.0
2026-03-13,98.70999908447266,99.31999969482422,92.04000091552734,96.73999786376953,436700.0
2026-03-14,98.70999908447266,99.31999969482422,92.04000091552734,96.73999786376953,436700.0
2026-03-15,98.70999908447266,99.31999969482422,92.04000091552734,96.73999786376953,436700.0
2026-03-16,93.5,102.44000244140625,92.93000030517578,100.93000030517578,455454.0
2026-03-17,96.20999908447266,98.41999816894531,93.83000183105469,94.41000366210938,308425.0
2026-03-18,96.31999969482422,100.55000305175781,91.95999908447266,96.0,157222.0
2026-03-19,96.13999938964844,101.4800033569336,92.80000305175781,99.12999725341797,118719.0
2026-03-20,98.31999969482422,99.66999816894531,93.41999816894531,95.0,461845.0
2026-03-21,98.31999969482422,99.66999816894531,93.41999816894531,95.0,461845.0
2026-03-22,98.31999969482422,99.66999816894531,93.41999816894531,95.0,461845.0
2026-03-23,88.12999725341797,101.66999816894531,84.37000274658203,100.51000213623047,666790.0
2026-03-24,92.3499984741211,93.36000061035156,86.33999633789062,88.77999877929688,420067.0
2026-03-25,90.31999969482422,91.7300033569336,86.45999908447266,88.48999786376953,405170.0
2026-03-26,94.4800033569336,95.44000244140625,89.51000213623047,91.37999725341797,350768.0
2026-03-27,99.63999938964844,101.23999786376953,92.08000183105469,93.30999755859375,374920.0
2026-03-28,99.63999938964844,101.23999786376953,92.08000183105469,93.30999755859375,374920.0
2026-03-29,99.63999938964844,101.23999786376953,92.08000183105469,93.30999755859375,374920.0
2026-03-30,102.87999725341797,105.36000061035156,99.43000030517578,102.5999984741211,374075.0
2026-03-31,101.37999725341797,106.86000061035156,99.62000274658203,105.06999969482422,495395.0
2026-04-01,100.12000274658203,103.30999755859375,96.5,101.72000122070312,434561.0
2026-04-02,111.54000091552734,113.97000122070312,97.5,98.91999816894531,0.0
2026-04-03,111.54000091552734,113.97000122070312,97.5,98.91999816894531,0.0
2026-04-04,111.54000091552734,113.97000122070312,97.5,98.91999816894531,0.0
2026-04-05,111.54000091552734,113.97000122070312,97.5,98.91999816894531,0.0
2026-04-06,112.41000366210938,115.4800033569336,108.88999938964844,112.95999908447266,271742.0
2026-04-07,112.94999694824219,117.62999725341797,109.19999694824219,112.62000274658203,429331.0
2026-04-08,94.41000366210938,109.19000244140625,91.05000305175781,108.73999786376953,599576.0
2026-04-09,97.87000274658203,102.69999694824219,95.25,96.77999877929688,427201.0
2026-04-10,96.56999969482422,100.41999816894531,95.51000213623047,98.2300033569336,314855.0
2026-04-11,96.56999969482422,100.41999816894531,95.51000213623047,98.2300033569336,314855.0
2026-04-12,96.56999969482422,100.41999816894531,95.51000213623047,98.2300033569336,314855.0
2026-04-13,99.08000183105469,105.62999725341797,97.02999877929688,102.0,344337.0
2026-04-14,91.27999877929688,98.0,91.05999755859375,97.98999786376953,315821.0
2026-04-15,91.29000091552734,93.30000305175781,86.95999908447266,92.0199966430664,240397.0
2026-04-16,94.69000244140625,95.44000244140625,90.5199966430664,91.47000122070312,194354.0
2026-04-17,83.8499984741211,94.04000091552734,80.55999755859375,93.18000030517578,116624.0
2026-04-18,83.8499984741211,94.04000091552734,80.55999755859375,93.18000030517578,116624.0
2026-04-19,83.8499984741211,94.04000091552734,80.55999755859375,93.18000030517578,116624.0
2026-04-20,89.61000061035156,91.19999694824219,87.0199966430664,89.0,115578.0
2026-04-21,92.12999725341797,94.44999694824219,87.76000213623047,87.88999938964844,383596.0
2026-04-22,92.95999908447266,93.7300033569336,87.63999938964844,90.0,299675.0
2026-04-23,95.8499984741211,98.38999938964844,92.30000305175781,92.9000015258789,365210.0
2026-04-24,94.4000015258789,97.8499984741211,92.68000030517578,96.62000274658203,330280.0
2026-04-25,94.4000015258789,97.8499984741211,92.68000030517578,96.62000274658203,330280.0
2026-04-26,94.4000015258789,97.8499984741211,92.68000030517578,96.62000274658203,330280.0
2026-04-27,96.37000274658203,97.66999816894531,94.58999633789062,95.5999984741211,219055.0
2026-04-28,99.93000030517578,101.8499984741211,96.23999786376953,96.66999816894531,281078.0
2026-04-29,106.87999725341797,108.5999984741211,98.41999816894531,99.70999908447266,318841.0
2026-04-30,105.06999969482422,110.93000030517578,103.33999633789062,109.06999969482422,341994.0
2026-05-01,101.94000244140625,106.6500015258789,99.30000305175781,105.13999938964844,268707.0
2026-05-02,101.94000244140625,106.6500015258789,99.30000305175781,105.13999938964844,268707.0
2026-05-03,101.94000244140625,106.6500015258789,99.30000305175781,105.13999938964844,268707.0
2026-05-04,106.41999816894531,107.45999908447266,99.11000061035156,99.7300033569336,342843.0
2026-05-05,102.2699966430664,105.4800033569336,101.08000183105469,104.93000030517578,241150.0
2026-05-06,95.08000183105469,102.69999694824219,88.66000366210938,102.69999694824219,423491.0
2026-05-07,94.80999755859375,97.98999786376953,89.8499984741211,96.30000305175781,392091.0
2026-05-08,95.41999816894531,98.63999938964844,93.81999969482422,98.25,243423.0
2026-05-09,95.41999816894531,98.63999938964844,93.81999969482422,98.25,243423.0
2026-05-10,95.41999816894531,98.63999938964844,93.81999969482422,98.25,243423.0
2026-05-11,98.06999969482422,100.37000274658203,96.12999725341797,98.19000244140625,256251.0
2026-05-12,102.18000030517578,102.72000122070312,98.0,98.38999938964844,231747.0
2026-05-13,101.0199966430664,103.66999816894531,100.55999755859375,102.16000366210938,212582.0
2026-05-14,101.16999816894531,102.3499984741211,99.38999938964844,101.0199966430664,173862.0
2026-05-15,105.41999816894531,106.0,101.4800033569336,102.05999755859375,96552.0
2026-05-16,105.41999816894531,106.0,101.4800033569336,102.05999755859375,96552.0
2026-05-17,105.41999816894531,106.0,101.4800033569336,102.05999755859375,96552.0
2026-05-18,108.66000366210938,109.47000122070312,102.6500015258789,106.0,117910.0
2026-05-19,107.7699966430664,109.23999786376953,106.76000213623047,107.11000061035156,206472.0
2026-05-20,98.26000213623047,104.44999694824219,96.94000244140625,104.12000274658203,320034.0
2026-05-21,96.3499984741211,102.66000366210938,95.76000213623047,98.94999694824219,345482.0
2026-05-22,96.5999984741211,99.43000030517578,94.7300033569336,98.0,261142.0
2026-05-23,96.5999984741211,99.43000030517578,94.7300033569336,98.0,261142.0
2026-05-24,96.5999984741211,99.43000030517578,94.7300033569336,98.0,261142.0
2026-05-25,96.5999984741211,99.43000030517578,94.7300033569336,98.0,261142.0
2026-05-26,93.88999938964844,94.69999694824219,89.41000366210938,93.87999725341797,358867.0
2026-05-27,88.68000030517578,93.69000244140625,87.7699966430664,93.38999938964844,290948.0
2026-05-28,88.9000015258789,92.5199966430664,87.11000061035156,89.11000061035156,235145.0
2026-05-29,87.36000061035156,89.0199966430664,86.3499984741211,88.55000305175781,267803.0
2026-05-30,87.36000061035156,89.0199966430664,86.3499984741211,88.55000305175781,267803.0
2026-05-31,87.36000061035156,89.0199966430664,86.3499984741211,88.55000305175781,267803.0
2026-06-01,92.16000366210938,94.77999877929688,88.44999694824219,88.5,322039.0
2026-06-02,93.76000213623047,94.0,90.12000274658203,92.44999694824219,238146.0
2026-06-03,96.0199966430664,97.0,93.44999694824219,93.44999694824219,260613.0
2026-06-04,93.04000091552734,95.91000366210938,91.91000366210938,95.75,219500.0
2026-06-05,90.54000091552734,93.62999725341797,89.68000030517578,92.81999969482422,252903.0
2026-06-06,90.54000091552734,93.62999725341797,89.68000030517578,92.81999969482422,252903.0
2026-06-07,90.54000091552734,93.62999725341797,89.68000030517578,92.81999969482422,252903.0
2026-06-08,91.30000305175781,95.47000122070312,90.38999938964844,93.0,278650.0
2026-06-09,88.19999694824219,91.55000305175781,85.94999694824219,91.27999877929688,306101.0
2026-06-10,90.02999877929688,91.87000274658203,87.38999938964844,89.4000015258789,291935.0
2026-06-11,87.70999908447266,93.63999938964844,85.73999786376953,92.25,317151.0
2026-06-12,84.87999725341797,87.2300033569336,83.19999694824219,86.63999938964844,233924.0
2026-06-13,84.87999725341797,87.2300033569336,83.19999694824219,86.63999938964844,233924.0
2026-06-14,84.87999725341797,87.2300033569336,83.19999694824219,86.63999938964844,233924.0
2026-06-15,80.75,82.41999816894531,79.69999694824219,81.4000015258789,208395.0
2026-06-16,76.05000305175781,81.58000183105469,75.5199966430664,81.0999984741211,205050.0
2026-06-17,76.79000091552734,80.02999877929688,74.58999633789062,76.58999633789062,100474.0
2026-06-18,76.5999984741211,76.98999786376953,73.58000183105469,75.52999877929688,97813.0
2026-06-19,76.5999984741211,76.98999786376953,73.58000183105469,75.52999877929688,97813.0
2026-06-20,76.5999984741211,76.98999786376953,73.58000183105469,75.52999877929688,97813.0
2026-06-21,76.5999984741211,76.98999786376953,73.58000183105469,75.52999877929688,97813.0
2026-06-22,74.81999969482422,78.95999908447266,74.44999694824219,78.93000030517578,315903.0
2026-06-23,73.20999908447266,74.44999694824219,72.4800033569336,74.13999938964844,203509.0
2026-06-24,70.33999633789062,73.18000030517578,69.62999725341797,73.12999725341797,251403.0
2026-06-25,71.91999816894531,72.5,68.9000015258789,69.94999694824219,228065.0
2026-06-26,69.2300033569336,71.86000061035156,68.55999755859375,71.44000244140625,249316.0
2026-06-27,69.2300033569336,71.86000061035156,68.55999755859375,71.44000244140625,249316.0
2026-06-28,69.2300033569336,71.86000061035156,68.55999755859375,71.44000244140625,249316.0
2026-06-29,70.75,71.1500015258789,69.31999969482422,70.5,170488.0
2026-06-30,69.5,71.5999984741211,69.22000122070312,70.43000030517578,194279.0
2026-07-01,68.58000183105469,70.19000244140625,67.91999816894531,69.9800033569336,200004.0
2026-07-02,68.69000244140625,68.80000305175781,67.04000091552734,68.02999877929688,183635.0
2026-07-03,68.69000244140625,68.80000305175781,67.04000091552734,68.02999877929688,183635.0
2026-07-04,68.69000244140625,68.80000305175781,67.04000091552734,68.02999877929688,183635.0
2026-07-05,68.69000244140625,68.80000305175781,67.04000091552734,68.02999877929688,183635.0
2026-07-06,68.55000305175781,69.20999908447266,67.81999969482422,68.68000030517578,229909.0
2026-07-07,70.44000244140625,72.51000213623047,68.58000183105469,68.58000183105469,264072.0
2026-07-08,73.5199966430664,76.08000183105469,71.75,72.37999725341797,445251.0
2026-07-09,72.08000183105469,75.12999725341797,71.41999816894531,74.94999694824219,264009.0
2026-07-10,71.41000366210938,73.16000366210938,70.7699966430664,71.86000061035156,219817.0
2026-07-11,71.41000366210938,73.16000366210938,70.7699966430664,71.86000061035156,219817.0
2026-07-12,71.41000366210938,73.16000366210938,70.7699966430664,71.86000061035156,219817.0
2026-07-13,78.13999938964844,78.58000183105469,72.61000061035156,73.69000244140625,327411.0
2026-07-14,79.33999633789062,81.2699966430664,77.83999633789062,78.04000091552734,409973.0
2026-07-15,79.5999984741211,80.93000030517578,78.19000244140625,79.73999786376953,239855.0
2026-07-16,78.94999694824219,80.87000274658203,78.58000183105469,80.0,188731.0
2026-07-17,82.48999786376953,82.76000213623047,78.61000061035156,79.56999969482422,96003.0
2026-07-18,82.48999786376953,82.76000213623047,78.61000061035156,79.56999969482422,96003.0
2026-07-19,82.48999786376953,82.76000213623047,78.61000061035156,79.56999969482422,96003.0
2026-07-20,83.2300033569336,85.38999938964844,80.2699966430664,83.76000213623047,99783.0
2026-07-21,84.91000366210938,85.80000305175781,82.25,83.4800033569336,298109.0
2026-07-22,86.83000183105469,88.61000061035156,84.44000244140625,84.69000244140625,358021.0
2026-07-23,92.19000244140625,93.5,87.31999969482422,87.72000122070312,401934.0
2026-07-24,89.30999755859375,92.83000183105469,87.68000030517578,92.55000305175781,365438.0
2026-07-25,89.30999755859375,92.83000183105469,87.68000030517578,92.55000305175781,365438.0
2026-07-26,89.30999755859375,92.83000183105469,87.68000030517578,92.55000305175781,365438.0
2026-07-27,82.61000061035156,86.19999694824219,81.62999725341797,86.12000274658203,352813.0
2026-07-28,79.26000213623047,82.43000030517578,77.77999877929688,82.0,368026.0
2026-07-29,84.45999908447266,85.56999969482422,79.91999816894531,80.04000091552734,327417.0
2026-07-30,83.58999633789062,85.94000244140625,82.97000122070312,84.6500015258789,235395.0
2026-07-31,84.66999816894531,86.87000274658203,81.05999755859375,83.91999816894531,257851.0
2026-08-01,84.66999816894531,86.87000274658203,81.05999755859375,83.91999816894531,257851.0
2026-08-02,84.66999816894531,86.87000274658203,81.05999755859375,83.91999816894531,257851.0
2026-08-03,80.33999633789062,81.30000305175781,78.43000030517578,80.0999984741211,294823.0
