Price,Close,High,Low,Open,Volume
Ticker,CL=F,CL=F,CL=F,CL=F,CL=F
2010-08-05,0.6361149370183574,0.6296508571670386,0.6439674922299883,0.6367941229608342,0.10794284843501845
2010-08-06,0.6211809975546279,0.631825955129641,0.6263341206567492,0.6330985496352732,0.20222647515712394
2010-08-07,0.6211809975546279,0.631825955129641,0.6263341206567492,0.6330985496352732,0.20222647515712394
2010-08-08,0.6211809975546279,0.631825955129641,0.6263341206567492,0.6330985496352732,0.20222647515712394
2010-08-09,0.6300729993539542,0.621408141633701,0.6341067211557665,0.6191246602445768,0.12664185594834365
2010-08-10,0.6160510734554476,0.619805401095864,0.6165892951364425,0.6252454453047791,0.19546002096337667
2010-08-11,0.5906292389148518,0.6062965256035181,0.5959396575083398,0.611156044466885,0.21344228726779063
2010-08-12,0.5646374611267917,0.5780194660044102,0.5738978766607485,0.5775493501952439,0.22149563089160407
2010-08-13,0.5606475104969404,0.5639381457444902,0.5679814671210492,0.5595334412468117,0.13767573051689383
2010-08-14,0.5606475104969404,0.5639381457444902,0.5679814671210492,0.5595334412468117,0.13767573051689383
2010-08-15,0.5606475104969404,0.5639381457444902,0.5679814671210492,0.5595334412468117,0.13767573051689383
2010-08-16,0.5589375068057469,0.5548940599422341,0.5662413102237027,0.5578011219765198,0.10947483206991038
2010-08-17,0.5649794444701501,0.5626788371300743,0.5679814671210492,0.5515648254691199,0.17319758706783317
2010-08-18,0.5609894938402991,0.5524899491354787,0.5542923685742764,0.5560688027062279,0.11506564526698754
2010-08-19,0.5497036086374625,0.5566113069021476,0.55580045734768,0.5539900372037613,0.04328722896955559
2010-08-20,0.5386456833387316,0.5394390119886302,0.5468677817531171,0.5445201250501728,0.11499205906364743
2010-08-21,0.5386456833387316,0.5394390119886302,0.5468677817531171,0.5445201250501728,0.11499205906364743
2010-08-22,0.5386456833387316,0.5394390119886302,0.5468677817531171,0.5445201250501728,0.11499205906364743
2010-08-23,0.5345417092696272,0.5380652842949464,0.541763345123049,0.5381684052049934,0.11815684522619646
2010-08-24,0.5177838296498516,0.5216943596503475,0.5251740145833839,0.5271971085660901,0.1694672880355207
2010-08-25,0.5279297413833592,0.5196336807670131,0.5186775232418837,0.5101051149764028,0.17086426706113508
2010-08-26,0.5375057098694027,0.5323411859904406,0.5393271608699863,0.5256958121901936,0.18211832082078167
2010-08-27,0.5581395166797767,0.5491699616377284,0.5335266968842023,0.5298533431951268,0.24879495349294006
2010-08-28,0.5581395166797767,0.5491699616377284,0.5335266968842023,0.5298533431951268,0.24879495349294006
2010-08-29,0.5581395166797767,0.5491699616377284,0.5335266968842023,0.5298533431951268,0.24879495349294006
2010-08-30,0.5527815457020904,0.5506582830962974,0.5582366416007425,0.5566462718327979,0.12292372471343388
2010-08-31,0.5210898135929856,0.5409273334471992,0.5276101988364466,0.5401316592602624,0.24387510740978302
2010-09-01,0.5437756944123122,0.5380652842949464,0.5292343216718216,0.5127612614960213,0.20169051265248134
2010-09-02,0.556429512988583,0.5456210486386335,0.545939686273458,0.538283916652191,0.16898868800434796
2010-09-03,0.5516415722327617,0.5490555425584605,0.5469837273070322,0.5500635290932232,0.1916625093358874
2010-09-04,0.5516415722327617,0.5490555425584605,0.5469837273070322,0.5500635290932232,0.1916625093358874
2010-09-05,0.5516415722327617,0.5490555425584605,0.5469837273070322,0.5500635290932232,0.1916625093358874
2010-09-06,0.5516415722327617,0.5490555425584605,0.5469837273070322,0.5500635290932232,0.1916625093358874
2010-09-07,0.5458275944724638,0.5397824439120512,0.5403712019035605,0.542787893889299,0.20750440213527463
2010-09-08,0.5524395623587319,0.5484830977908864,0.5489559523283216,0.538283916652191,0.18034008414321614
2010-09-09,0.5476516216029104,0.5550085663643106,0.5548723618680209,0.5499480176460256,0.1879432192631298
2010-09-10,0.5727313858257472,0.5638237266652223,0.5605568802998901,0.543942744033021,0.22183285270533593
2010-09-11,0.5727313858257472,0.5638237266652223,0.5605568802998901,0.543942744033021,0.22183285270533593
2010-09-12,0.5727313858257472,0.5638237266652223,0.5605568802998901,0.543942744033021,0.22183285270533593
2010-09-13,0.5811673808424618,0.5788208362733287,0.5836427021810553,0.5665781416657588,0.1741970847116261
2010-09-14,0.5767214234299991,0.5782483915057547,0.5819025452837088,0.5759325423721496,0.21299323760173872
2010-09-15,0.5678294216306725,0.5629078499742274,0.5639211600326117,0.5698117573119473,0.17835035955841325
2010-09-16,0.551299588889403,0.5553519982877316,0.5575406142450265,0.5596489526940094,0.13950379722191802
2010-09-17,0.5409257172517898,0.5468803572530495,0.541763345123049,0.5447511479445681,0.08535709877991757
2010-09-18,0.5409257172517898,0.5468803572530495,0.541763345123049,0.5447511479445681,0.08535709877991757
2010-09-19,0.5409257172517898,0.5468803572530495,0.541763345123049,0.5447511479445681,0.08535709877991757
2010-09-20,0.554605572832537,0.5491699616377284,0.5483758705265207,0.534588255217212,0.04861962132655646
2010-09-21,0.5393296500254487,0.5394390119886302,0.542459372478765,0.54590599808829,0.15264096248436293
2010-09-22,0.5528955691413435,0.5554665047098081,0.5544083141281915,0.548446721270129,0.1711197908065917
2010-09-23,0.5582535401190296,0.5510017150197183,0.5513921365813843,0.5490241022872808,0.14334070933623508
2010-09-24,0.5731873926083588,0.5632512818976483,0.5639211600326117,0.5502944638782004,0.13905069162339856
2010-09-25,0.5731873926083588,0.5632512818976483,0.5639211600326117,0.5502944638782004,0.13905069162339856
2010-09-26,0.5731873926083588,0.5632512818976483,0.5639211600326117,0.5502944638782004,0.13905069162339856
2010-09-27,0.5735293759517175,0.5688608737800775,0.5738978766607485,0.5678485032566783,0.1397123880345357
2010-09-28,0.5696534487611193,0.5682885163553121,0.57401391072272,0.5650768452898621,0.16272053408518733
2010-09-29,0.5888052987588057,0.5798511320435916,0.5748259721404076,0.5647303109482692,0.19727881696561786
2010-09-30,0.6128591129515668,0.6033199700291887,0.5974478347897998,0.5844786272764114,0.2144498967765187
2010-10-01,0.6312129728232829,0.6206067713647825,0.6223897591222267,0.6067674905675564,0.18044727664414467
2010-10-02,0.6312129728232829,0.6206067713647825,0.6223897591222267,0.6067674905675564,0.18044727664414467
2010-10-03,0.6312129728232829,0.6206067713647825,0.6223897591222267,0.6067674905675564,0.18044727664414467
2010-10-04,0.6299589759147011,0.6285059676318906,0.6348027485114827,0.6280171032715952,0.15342433686952703
2010-10-05,0.6453488351866419,0.6354893745508123,0.6392111577858346,0.624437041393232,0.167055746474091
2010-10-06,0.6500228394776109,0.6480823733521632,0.6524362085927782,0.6386418655689056,0.17420693483333305
2010-10-07,0.6322389228533587,0.6519748056174877,0.6374710008884881,0.6463794584522021,0.23317903407388868
2010-10-08,0.6435248950305958,0.6370921150886493,0.6293503867116128,0.6251299338575814,0.2118152789293729
2010-10-09,0.6435248950305958,0.6370921150886493,0.6293503867116128,0.6251299338575814,0.2118152789293729
2010-10-10,0.6435248950305958,0.6370921150886493,0.6293503867116128,0.6251299338575814,0.2118152789293729
2010-10-11,0.6383948839570153,0.6413279792773946,0.6473317719627099,0.6426838851266412,0.10765835374336494
2010-10-12,0.6322389228533587,0.6279336102071252,0.6360788576689995,0.6310197841328067,0.1651726349712927
2010-10-13,0.6475148456604471,0.6407555345098206,0.6453596354494768,0.6284790609509676,0.1632640290358411
2010-10-14,0.6438668783739545,0.6484258926183929,0.6515081131131191,0.6459175888822479,0.16944469069748713
2010-10-15,0.6274509820975374,0.6393818068161368,0.6345707688955959,0.6406051196241745,0.1722774698166197
2010-10-16,0.6274509820975374,0.6393818068161368,0.6345707688955959,0.6406051196241745,0.1722774698166197
2010-10-17,0.6274509820975374,0.6393818068161368,0.6345707688955959,0.6406051196241745,0.1722774698166197
2010-10-18,0.6483128357864174,0.6388093620485626,0.6299303800053573,0.6245524647310114,0.10230510230510231
2010-10-19,0.6073871185346276,0.6380079917796443,0.6187934997736184,0.6426838851266412,0.059588021556701655
2010-10-20,0.6333788963226876,0.6244991162872983,0.618329452033789,0.6026100476720413,0.2168353644863712
2010-10-21,0.6195850173026873,0.6321693870530619,0.6269141139504939,0.6380644845517537,0.1910743991280904
2010-10-22,0.632466969731865,0.6249570546327958,0.6306264958691299,0.6170458947421101,0.12044149404328375
2010-10-23,0.632466969731865,0.6249570546327958,0.6306264958691299,0.6170458947421101,0.12044149404328375
2010-10-24,0.632466969731865,0.6249570546327958,0.6306264958691299,0.6170458947421101,0.12044149404328375
2010-10-25,0.6419288278042548,0.6388093620485626,0.6426913830724714,0.6318281880443538,0.16854079717614392
2010-10-26,0.642270898122014,0.6342300659363964,0.6468677242228804,0.637140569193009,0.1259737859290432
2010-10-27,0.6353169468923874,0.632054967973794,0.6319025165185905,0.6372560806402066,0.18931528327501482
2010-10-28,0.6380529006136566,0.63148252320622,0.6432714648742723,0.6315971651499585,0.14383031832696264
2010-10-29,0.6295029691320895,0.6255294994003698,0.63236656425842,0.6307887612384113,0.15375344681832379
2010-10-30,0.6295029691320895,0.6255294994003698,0.63236656425842,0.6307887612384113,0.15375344681832379
2010-10-31,0.6295029691320895,0.6255294994003698,0.63236656425842,0.6307887612384113,0.15375344681832379
2010-11-01,0.6468307919993292,0.6454493370440635,0.6411832942990678,0.6253608686425586,0.1796308753803161
2010-11-02,0.6576607573939548,0.6524327439629852,0.6587007203183919,0.6418754812150941,0.1351888644953522
2010-11-03,0.6666666956581335,0.6626216319575807,0.6672853822350966,0.6590830743613972,0.20002642150293157
2010-11-04,0.6871864790292543,0.6794504949476771,0.6829466172951026,0.6673980482618457,0.1561423910417199
2010-11-05,0.6912904530983586,0.6863193954445223,0.6950115930065006,0.684836576193126,0.1561423910417199
2010-11-06,0.6912904530983586,0.6863193954445223,0.6950115930065006,0.684836576193126,0.1561423910417199
2010-11-07,0.6912904530983586,0.6863193954445223,0.6950115930065006,0.684836576193126,0.1561423910417199
2010-11-08,0.6936844234762694,0.6870062592913643,0.6950115930065006,0.6939600421145397,0.1514890776635743
2010-11-09,0.6898084962856712,0.6886089998292012,0.6894431971446593,0.6865688954634178,0.18511217840076902
2010-11-10,0.7022343549578365,0.6952489748247018,0.6966357158418757,0.683104256922834,0.24586135548104232
2010-11-11,0.7022343549578365,0.7000571964382126,0.7133410804435121,0.6992724232631949,0.17063655542402748
2010-11-12,0.6688326191575382,0.691127617058033,0.678306228404864,0.6978866383344958,0.24932338355157146
2010-11-13,0.6688326191575382,0.691127617058033,0.678306228404864,0.6978866383344958,0.24932338355157146
2010-11-14,0.6688326191575382,0.691127617058033,0.678306228404864,0.6978866383344958,0.24932338355157146
2010-11-15,0.6686046592534327,0.667315347149015,0.677842269173091,0.6648574131894248,0.15455652144690177
2010-11-16,0.6398768407697026,0.6555237186165825,0.649883990277744,0.6615082860960386,0.23542486182307215
2010-11-17,0.6182170839292529,0.631825955129641,0.6265661002726357,0.6367941229608342,0.16571902701656618
2010-11-18,0.6342909098879108,0.6281625357084696,0.6309745095469879,0.6138121909865034,0.06483060398049212
2010-11-19,0.6304149826973127,0.6327418318206359,0.6327145779362779,0.6344843345639722,0.15991788475009952
2010-11-20,0.6304149826973127,0.6327418318206359,0.6327145779362779,0.6344843345639722,0.15991788475009952
2010-11-21,0.6304149826973127,0.6327418318206359,0.6327145779362779,0.6344843345639722,0.15991788475009952
2010-11-22,0.633036912979329,0.6341156468571284,0.6337587074779085,0.6334449958674481,0.14004903042934363
2010-11-23,0.6274509820975374,0.6253004865562167,0.6291183185876699,0.6272086993600481,0.17576325406303037
2010-11-24,0.657204750611343,0.6493416819665793,0.6371229872106301,0.6200484874939034,0.15991672591225164
2010-11-25,0.657204750611343,0.6493416819665793,0.6371229872106301,0.6200484874939034,0.15991672591225164
2010-11-26,0.6560647771420143,0.6531196078098271,0.6581206385165908,0.6572352436439077,0.07281094081988937
2010-11-27,0.6560647771420143,0.6531196078098271,0.6581206385165908,0.6572352436439077,0.07281094081988937
2010-11-28,0.6560647771420143,0.6531196078098271,0.6581206385165908,0.6572352436439077,0.07281094081988937
2010-11-29,0.6785226110828348,0.6680022983386655,0.6675173618509831,0.6536551817655445,0.16645778614458703
2010-11-30,0.6600547277718654,0.668803668607584,0.6670534026192101,0.6757131102717123,0.1679399397520203
2010-12-01,0.6901504796290299,0.680824222641361,0.6679814095908125,0.6508835237987283,0.16931779795314472
2010-12-02,0.7044003654316418,0.6943330981337069,0.6986078523551087,0.6871463645899879,0.16346914333491516
2010-12-03,0.7179662845475365,0.7099026525093873,0.7087006915532734,0.7003118500691373,0.17737114157695813
2010-12-04,0.7179662845475365,0.7099026525093873,0.7087006915532734,0.7003118500691373,0.17737114157695813
2010-12-05,0.7179662845475365,0.7099026525093873,0.7087006915532734,0.7003118500691373,0.17737114157695813
2010-12-06,0.720132208046941,0.7129937145057933,0.7251739880309669,0.7176348665532198,0.14214305042045536
2010-12-07,0.7122663302264918,0.7244419111148047,0.7198375717850123,0.7116295048307971,0.23997967398414827
2010-12-08,0.7075923259355228,0.7041785542048816,0.7109048961904494,0.7050467620912225,0.19388979567950487
2010-12-09,0.7086183629399991,0.7091012822404689,0.7153132169567451,0.7073565504880844,0.17698235147899577
2010-12-10,0.702006395053731,0.7042930606269581,0.708236643813444,0.7068945928087119,0.15373490541275778
2010-12-11,0.702006395053731,0.7042930606269581,0.708236643813444,0.7068945928087119,0.15373490541275778
2010-12-12,0.702006395053731,0.7042930606269581,0.708236643813444,0.7068945928087119,0.15373490541275778
2010-12-13,0.7113543166612684,0.7099026525093873,0.7121810053479665,0.697309169207926,0.16296157235754552
2010-12-14,0.7075923259355228,0.703720615859384,0.7156612306346031,0.7031990194831511,0.13519871461705915
2010-12-15,0.7114683401005215,0.7053233563972209,0.7051044322046653,0.7042383581796753,0.17761507694393602
2010-12-16,0.7009803580492546,0.7002862092823657,0.7143851214770862,0.7065481465765372,0.10002450942048258
2010-12-17,0.7046283253357473,0.6987978878237967,0.7071926027798698,0.6995034461575901,0.060190037818673166
2010-12-18,0.7046283253357473,0.6987978878237967,0.7071926027798698,0.6995034461575901,0.060190037818673166
2010-12-19,0.7046283253357473,0.6987978878237967,0.7071926027798698,0.6995034461575901,0.060190037818673166
2010-12-20,0.713634263599926,0.7040641351256135,0.710092834772762,0.7030835080359533,0.12599985978062042
2010-12-21,0.7251481956812686,0.7153978253125487,0.7309744520167512,0.715094143371381,0.08042624373720572
2010-12-22,0.7326721771327602,0.7248998494603022,0.740139195735257,0.7239865863983993,0.08046390596726169
2010-12-23,0.7444140691182082,0.7344017862652473,0.7457076801051545,0.731146798264544,0.05590871138969574
2010-12-24,0.7444140691182082,0.7344017862652473,0.7457076801051545,0.731146798264544,0.05590871138969574
2010-12-25,0.7444140691182082,0.7344017862652473,0.7457076801051545,0.731146798264544,0.05590871138969574
2010-12-26,0.7444140691182082,0.7344017862652473,0.7457076801051545,0.731146798264544,0.05590871138969574
2010-12-27,0.7386000913579105,0.7372638354175002,0.7477958506803593,0.7364591794131993,0.03233447305035672
2010-12-28,0.7441860222397021,0.7348597246107448,0.7505800486112797,0.7332255637670108,0.03238893842920689
2010-12-29,0.7399681117057453,0.7332569840729078,0.7511601304130808,0.738768879700643,0.040175169929084924
2010-12-30,0.7253761555853742,0.7317687499571474,0.7305104042769217,0.7354198407166749,0.09336119179519628
2010-12-31,0.7429320253311202,0.7393245143008346,0.7308585064628361,0.7202910130728385,0.07097534166885397
2011-01-01,0.7429320253311202,0.7393245143008346,0.7308585064628361,0.7202910130728385,0.07097534166885397
2011-01-02,0.7429320253311202,0.7393245143008346,0.7308585064628361,0.7202910130728385,0.07097534166885397
2011-01-03,0.74487007590082,0.7452776254494934,0.7559164648572345,0.7392308373800153,0.10236767954888759
2011-01-04,0.720132208046941,0.739439020722911,0.7228538378398759,0.7414251143296796,0.21264964217984353
2011-01-05,0.7306201900982079,0.7253577004629911,0.7198375717850123,0.715902547282928,0.21345329622734546
2011-01-06,0.7087322994048515,0.7238694663472308,0.7169373397921202,0.7295299904414497,0.22709745304823603
2011-01-07,0.7047423487750004,0.7097882334301194,0.7099768007107905,0.7030835080359533,0.22962198129983363
2011-01-08,0.7047423487750004,0.7097882334301194,0.7099768007107905,0.7030835080359533,0.22962198129983363
2011-01-09,0.7047423487750004,0.7097882334301194,0.7099768007107905,0.7030835080359533,0.22962198129983363
2011-01-10,0.7186502512342536,0.7155123317346251,0.7201855854628703,0.7125534201895419,0.22119954782147178
2011-01-11,0.7398540882664923,0.7316542435350709,0.7294663632433476,0.7161334820679052,0.22090056765671978
2011-01-12,0.7484040197480595,0.7431024401440826,0.7510440963511094,0.7377295410041188,0.1936244218123413
2011-01-13,0.7431600722096263,0.742873514642738,0.7505800486112797,0.7471994531577072,0.17984120444970558
2011-01-14,0.7447560524615668,0.7350887374548979,0.7430394277281491,0.7355352640544545,0.15343882234262549
2011-01-15,0.7447560524615668,0.7350887374548979,0.7430394277281491,0.7355352640544545,0.15343882234262549
2011-01-16,0.7447560524615668,0.7350887374548979,0.7430394277281491,0.7355352640544545,0.15343882234262549
2011-01-17,0.7447560524615668,0.7350887374548979,0.7430394277281491,0.7355352640544545,0.15343882234262549
2011-01-18,0.7429320253311202,0.7374928482616533,0.7482598984201887,0.7415406257768772,0.09468516403639446
2011-01-19,0.73700411110597,0.739782452646332,0.7473318029405296,0.7395772836121902,0.035349769130529764
2011-01-20,0.7142042938217907,0.7255867133071442,0.7186774966894667,0.7321861369610684,0.22801583204267767
2011-01-21,0.7170542709823131,0.7182598744648016,0.7287703358876316,0.7177502898909994,0.13865147198480532
2011-01-22,0.7170542709823131,0.7182598744648016,0.7287703358876316,0.7177502898909994,0.13865147198480532
2011-01-23,0.7170542709823131,0.7182598744648016,0.7287703358876316,0.7177502898909994,0.13865147198480532
2011-01-24,0.7029184086189544,0.7115053930472243,0.710208780326677,0.7155561010507533,0.17821129901666816
2011-01-25,0.683766558621268,0.691127617058033,0.6968677839658186,0.6975401039929029,0.16810681240211442
2011-01-26,0.696762447515298,0.6903262467891146,0.695823654424188,0.6805636218504132,0.17338358054241723
2011-01-27,0.6774965740783583,0.6889525190954308,0.6887470812808869,0.6958078728320293,0.18591409419149912
2011-01-28,0.7196762012643294,0.7126502825823723,0.6851508219322786,0.66959232521151,0.3107267245969707
2011-01-29,0.7196762012643294,0.7126502825823723,0.6851508219322786,0.66959232521151,0.3107267245969707
2011-01-30,0.7196762012643294,0.7126502825823723,0.6851508219322786,0.66959232521151,0.3107267245969707
2011-01-31,0.7521660104738053,0.7482540936810141,0.7233178855797053,0.7237556516134221,0.22497967688124287
2011-02-01,0.7359780741014936,0.7437893039909244,0.7469837892626716,0.7495091534451509,0.1995321771608125
2011-02-02,0.73700411110597,0.7361190332251607,0.7430394277281491,0.7299919481208222,0.15272961357972545
2011-02-03,0.7333561438194773,0.7392100952215667,0.7418793526326035,0.734842371590105,0.14020663237665476
2011-02-04,0.7161422574170899,0.7348597246107448,0.72389787887345,0.7313777330495211,0.18043626768458984
2011-02-05,0.7161422574170899,0.7348597246107448,0.72389787887345,0.7313777330495211,0.18043626768458984
2011-02-06,0.7161422574170899,0.7348597246107448,0.72389787887345,0.7313777330495211,0.18043626768458984
2011-02-07,0.6984724512064915,0.7104750972769612,0.7091647392931029,0.7132463126538914,0.1601907910632743
2011-02-08,0.6923164901028351,0.6941041726323626,0.6940834975268415,0.694191065008935,0.2122764963928275
2011-02-09,0.6896944728464183,0.6922724192503725,0.699651981896739,0.6934980844351674,0.1846567551265538
2011-02-10,0.6899225197249244,0.6917000618256072,0.6950115930065006,0.6886476609658846,0.21477437137392397
2011-02-11,0.6768126073916412,0.6902117403670381,0.6850347878703071,0.6975401039929029,0.19403291215371754
2011-02-12,0.6768126073916412,0.6902117403670381,0.6850347878703071,0.6975401039929029,0.19403291215371754
2011-02-13,0.6768126073916412,0.6902117403670381,0.6850347878703071,0.6975401039929029,0.19403291215371754
2011-02-14,0.668034629031568,0.6759014946057736,0.6790023442686364,0.672133048393349,0.15691417704840524
2011-02-15,0.6624486981497761,0.6696050388765025,0.6705336279058467,0.6645108788478319,0.13653949000705154
2011-02-16,0.6700866160661201,0.6693760260323495,0.6736659280226818,0.6598914782729444,0.14435874838559404
2011-02-17,0.685704522216567,0.6771608032201896,0.6766821055694889,0.6692458789793352,0.07394080772156836
2011-02-18,0.6838804950861204,0.6914710489814541,0.6914153336578923,0.6825268759056823,0.06187035269809319
2011-02-19,0.6838804950861204,0.6914710489814541,0.6914153336578923,0.6825268759056823,0.06187035269809319
2011-02-20,0.6838804950861204,0.6914710489814541,0.6914153336578923,0.6825268759056823,0.06187035269809319
2011-02-21,0.6838804950861204,0.6914710489814541,0.6914153336578923,0.6825268759056823,0.06187035269809319
2011-02-22,0.7678978530891045,0.7671436355544449,0.698375872739222,0.6822958530112869,0.34167001281095244
2011-02-23,0.8195394253218662,0.830223223326085,0.8015081153258203,0.7896985904563668,0.255611237714146
2011-02-24,0.8101915037143288,0.8692616156873624,0.8070765996957181,0.8276937505179182,0.265918520952078
2011-02-25,0.8170314315047023,0.8210646311017523,0.8134570569752468,0.8006697989858519,0.15029373642349034
2011-02-26,0.8170314315047023,0.8210646311017523,0.8134570569752468,0.8006697989858519,0.15029373642349034
2011-02-27,0.8170314315047023,0.8210646311017523,0.8134570569752468,0.8006697989858519,0.15029373642349034
2011-02-28,0.8066575598670891,0.8297652849805873,0.8197215687008605,0.8222658579220653,0.12369724897689105
2011-03-01,0.8369812716283591,0.8380080005139251,0.8157772956743943,0.8045963952058081,0.15871037571261284
2011-03-02,0.8666211036773124,0.8580423445796953,0.8487238886297814,0.8451322784491985,0.23052877191579652
2011-03-03,0.8629731363908197,0.8638809493062775,0.8596287892456338,0.8671902069553662,0.1935485179333054
2011-03-04,0.8915868444608961,0.8894103788324005,0.8757540720454693,0.8592215911776745,0.18578024842006946
2011-03-05,0.8915868444608961,0.8894103788324005,0.8757540720454693,0.8592215911776745,0.18578024842006946
2011-03-06,0.8915868444608961,0.8894103788324005,0.8757540720454693,0.8592215911776745,0.18578024842006946
2011-03-07,0.9032147999814919,0.9097881548215917,0.9071925762274529,0.8932902431286879,0.20622620398906752
2011-03-08,0.8984267722512698,0.8965082921733988,0.8965197437355434,0.8955999434161316,0.21526571862142332
2011-03-09,0.8911308376782845,0.897996526289159,0.9031322691390153,0.8968703050070511,0.17697308077621277
2011-03-10,0.8719789876805979,0.8881510702179846,0.8650812395535601,0.890980454731826,0.22277035252426752
2011-03-11,0.8544232049092526,0.8645678131531195,0.8464037384386904,0.87007737636938,0.17035785492161332
2011-03-12,0.8544232049092526,0.8645678131531195,0.8464037384386904,0.87007737636938,0.17035785492161332
2011-03-13,0.8544232049092526,0.8645678131531195,0.8464037384386904,0.87007737636938,0.17035785492161332
2011-03-14,0.8547651882526113,0.8485403204319416,0.8401392267130767,0.8431689362845113,0.13959244831728054
2011-03-15,0.8090515302449999,0.8516313824283476,0.8197215687008605,0.8610694218951639,0.1971299063021658
2011-03-16,0.8181714919484318,0.8256439272139185,0.8140371387770478,0.8095623301222884,0.17928843879626877
2011-03-17,0.8573871185346273,0.8530051101220314,0.8184454595433435,0.8176463692377597,0.1234492576774456
2011-03-18,0.8533971679047763,0.8721236648396152,0.8595127551836623,0.8601455065364193,0.09801392575441792
2011-03-19,0.8533971679047763,0.8721236648396152,0.8595127551836623,0.8601455065364193,0.09801392575441792
2011-03-20,0.8533971679047763,0.8721236648396152,0.8595127551836623,0.8601455065364193,0.09801392575441792
2011-03-21,0.8677610771466413,0.8685746644977118,0.8771462152649578,0.8640721027563755,0.03212530281881513
2011-03-22,0.8867989037050747,0.8821980464121343,0.8744779628879522,0.8638410798619801,0.14766433334665996
2011-03-23,0.9067487438287314,0.9028047479026698,0.9087006650008564,0.8955999434161316,0.11939216637203215
2011-03-24,0.9050387401375377,0.9068116865900707,0.9131090742752086,0.9033375362994281,0.1213876851460744
2011-03-25,0.9027587931988801,0.8983399582125801,0.910092808220345,0.9026446438350787,0.10843361626359391
2011-03-26,0.9027587931988801,0.8983399582125801,0.910092808220345,0.9026446438350787,0.10843361626359391
2011-03-27,0.9027587931988801,0.8983399582125801,0.910092808220345,0.9026446438350787,0.10843361626359391
2011-03-28,0.8865709438009692,0.8961648602499778,0.8996519553443221,0.902298197602904,0.10114510561937856
2011-03-29,0.8958048419692535,0.8874642063711425,0.8892111024682994,0.885090692566019,0.11490340796828494
2011-03-30,0.8898768407697026,0.8891814533310559,0.8977958528930605,0.890980454731826,0.12073873595126391
2011-03-31,0.9178066691274624,0.9084144271279077,0.9056844874540493,0.8893636469087317,0.12869705487155153
2011-04-01,0.9317145715867157,0.9244419198490855,0.9309745139723906,0.9160411522086235,0.13627585439665976
2011-04-02,0.9317145715867157,0.9244419198490855,0.9309745139723906,0.9160411522086235,0.13627585439665976
2011-04-03,0.9317145715867157,0.9244419198490855,0.9309745139723906,0.9160411522086235,0.13627585439665976
2011-04-04,0.9377565092511191,0.9307383755783568,0.9458236876147093,0.935327422747975,0.1042826590925025
2011-04-05,0.9362744654640309,0.9286776966950224,0.9448955921350501,0.9342879959420326,0.11637165552154366
2011-04-06,0.9418604833202233,0.9349742397671023,0.9474478104500843,0.9318627842073913,0.1199872296069164
2011-04-07,0.9586183629399991,0.949742423873864,0.9533643084978398,0.9397158885378855,0.16593978562658654
2011-04-08,0.98700411110597,0.9811104581265692,0.9751740212214881,0.95877122429226,0.15699877221130018
2011-04-09,0.98700411110597,0.9811104581265692,0.9751740212214881,0.95877122429226,0.15699877221130018
2011-04-10,0.98700411110597,0.9811104581265692,0.9751740212214881,0.95877122429226,0.15699877221130018
2011-04-11,0.9542863419923886,0.984315939202243,0.9609048408729142,0.992955299581053,0.18299903758516733
2011-04-12,0.9124486981497761,0.9474527321463765,0.9213457225140553,0.9431805270784693,0.2938285510992446
2011-04-13,0.9222526265399251,0.9152833276247528,0.9194895315547373,0.9091118751274557,0.2366039793332858
2011-04-14,0.9336525351820149,0.9281053392702568,0.9248259478006919,0.9241251913240948,0.1758860908749052
2011-04-15,0.9513224283670139,0.9458499916085398,0.9415313124023286,0.9371751653560464,0.10190704150435695
2011-04-16,0.9513224283670139,0.9458499916085398,0.9415313124023286,0.9371751653560464,0.10190704150435695
2011-04-17,0.9513224283670139,0.9458499916085398,0.9415313124023286,0.9371751653560464,0.10190704150435695
2011-04-18,0.9223666499791783,0.9382942272648526,0.9337587119033113,0.9484929082271244,0.05195185955812354
2011-04-19,0.9341085419646264,0.9269604497351088,0.9216937361919133,0.9264348916115385,0.16007143076494307
2011-04-20,0.9717281882988815,0.9637092377117075,0.9502320083810047,0.9371751653560464,0.14081618108463748
2011-04-21,0.9813041567849252,0.9730967554373847,0.9854988400355396,0.970897371074885,0.11121714477419176
2011-04-22,0.9813041567849252,0.9730967554373847,0.9854988400355396,0.970897371074885,0.11121714477419176
2011-04-23,0.9813041567849252,0.9730967554373847,0.9854988400355396,0.970897371074885,0.11121714477419176
2011-04-24,0.9813041567849252,0.9730967554373847,0.9854988400355396,0.970897371074885,0.11121714477419176
2011-04-25,0.9811901333456721,0.9845449520463961,0.9864269355151984,0.9820995143893473,0.09338320971430591
2011-04-26,0.9803921432197018,0.974928421476566,0.9868909832550279,0.9799053255491011,0.10772846343316142
2011-04-27,0.9866621277626113,0.9836290753554012,0.9821345603028178,0.9769026446878898,0.16813636276723526
2011-04-28,0.9878021012319402,0.9901545439288254,0.9935035086584998,0.991222980310761,0.14664397662160525
2011-04-29,1.0,0.9925586547355808,1.0,0.9876429184323977,0.08883361232354522
2011-04-30,1.0,0.9925586547355808,1.0,0.9876429184323977,0.08883361232354522
2011-05-01,1.0,0.9925586547355808,1.0,0.9876429184323977,0.08883361232354522
2011-05-02,0.995325995709031,1.0,0.9834106694603348,1.0,0.15208472031738252
2011-05-03,0.9671682944215663,0.9815683964720668,0.9773782258586641,0.9894907491498873,0.14590753516928015
2011-05-04,0.9465344006367917,0.9586720032540438,0.956264540490732,0.9629287552971934,0.1648458426981917
2011-05-05,0.8389193221980589,0.937607276075202,0.8375870083980426,0.940986250128805,0.3601471028764094
2011-05-06,0.8090515302449999,0.8574698998121212,0.7955916172780648,0.8368172164393318,0.32332271258445755
2011-05-07,0.8090515302449999,0.8574698998121212,0.7955916172780648,0.8368172164393318,0.32332271258445755
2011-05-08,0.8090515302449999,0.8574698998121212,0.7955916172780648,0.8368172164393318,0.32332271258445755
2011-05-09,0.870269070963805,0.8691471092652859,0.8279582169397073,0.8177618806849573,0.2438044183010626
2011-05-10,0.8854308833572397,0.875443564994557,0.8592807755677758,0.8677676760819363,0.22660552638181275
2011-05-11,0.820793422230448,0.8828849102589763,0.8288863124193664,0.8822035231520052,0.27594536543082404
2011-05-12,0.8294573771512683,0.835832815208514,0.8027842244833374,0.8233051966185897,0.27463703750057217
2011-05-13,0.8372093185068652,0.8382369260152694,0.8241298894671563,0.8258459198004288,0.18495109993991427
2011-05-14,0.8372093185068652,0.8382369260152694,0.8241298894671563,0.8258459198004288,0.18495109993991427
2011-05-15,0.8372093185068652,0.8382369260152694,0.8241298894671563,0.8258459198004288,0.18495109993991427
2011-05-16,0.8112175407188051,0.8262163719814927,0.821809739276065,0.8321977277550262,0.16617850622324895
2011-05-17,0.805973593180372,0.8051516448026509,0.800115972106332,0.8047119066530056,0.20315122775972888
2011-05-18,0.8423392426060452,0.84155691351302,0.8284222646795367,0.8115255841775574,0.13719655106679715
2011-05-19,0.8234154394868649,0.839267309128341,0.8365429673644686,0.8368172164393318,0.054553450526604895
2011-05-20,0.8353852913764186,0.8290784211337455,0.8113688864000423,0.8234207080657873,0.2007078181574826
2011-05-21,0.8353852913764186,0.8290784211337455,0.8113688864000423,0.8234207080657873,0.2007078181574826
2011-05-22,0.8353852913764186,0.8290784211337455,0.8113688864000423,0.8234207080657873,0.2007078181574826
2011-05-23,0.8149794444701501,0.8306811616715825,0.8157772956743943,0.8358933010805872,0.14387667184087766
2011-05-24,0.8365252648457473,0.8312535190963478,0.8185614936053149,0.8111791379453827,0.16861901873087556
2011-05-25,0.8562471450652986,0.8488837523553626,0.8370069265962417,0.8311583009490838,0.17751309921332292
2011-05-26,0.8438212863931334,0.8519748143517686,0.8533642775200201,0.8539092100290192,0.1643342157883545
2011-05-27,0.847925173487837,0.8444189626652728,0.8583526800881167,0.8414367051236377,0.09487289576775035
2011-05-28,0.847925173487837,0.8444189626652728,0.8583526800881167,0.8414367051236377,0.09487289576775035
2011-05-29,0.847925173487837,0.8444189626652728,0.8583526800881167,0.8414367051236377,0.09487289576775035
2011-05-30,0.847925173487837,0.8444189626652728,0.8583526800881167,0.8414367051236377,0.09487289576775035
2011-05-31,0.8719789876805979,0.8690326028432093,0.8532482434580486,0.84755749018384,0.15674498672261536
2011-06-01,0.8445052530798505,0.8681167261522144,0.8562645095129122,0.8705393340487525,0.19002623029468668
2011-06-02,0.8457592499884323,0.8405266177427569,0.8400231926511053,0.8371636626715065,0.19765196275263391
2011-06-03,0.8437072629538802,0.8401831858193359,0.836078919624639,0.8496362556863065,0.17544399423594056
2011-06-04,0.8437072629538802,0.8401831858193359,0.836078919624639,0.8496362556863065,0.17544399423594056
2011-06-05,0.8437072629538802,0.8401831858193359,0.836078919624639,0.8496362556863065,0.17544399423594056
2011-06-06,0.8299133839338799,0.8380080005139251,0.8410673221927356,0.8444392978754308,0.13972919118332988
2011-06-07,0.8308253105247025,0.826788729406258,0.831670510350287,0.8259614312476263,0.2125638881791007
2011-06-08,0.8496351771790305,0.8518603079296919,0.8349187560210372,0.8347384509368653,0.2524870108762726
2011-06-09,0.8632010962949253,0.8581568510017717,0.866473294264992,0.8491742980069342,0.17210248530159045
2011-06-10,0.833105344437761,0.8548368635040214,0.8416473154864803,0.8608383990007688,0.19162658536260327
2011-06-11,0.833105344437761,0.8548368635040214,0.8416473154864803,0.8608383990007688,0.19162658536260327
2011-06-12,0.833105344437761,0.8548368635040214,0.8416473154864803,0.8608383990007688,0.19162658536260327
2011-06-13,0.8104195505928349,0.8224384461382447,0.8129930092354174,0.8253839621210562,0.19322288449805228
2011-06-14,0.8340173580029842,0.8238122611747373,0.8174014185097693,0.805982180134507,0.17336503913685122
2011-06-15,0.7820337154524635,0.8296507785585109,0.7883990985808484,0.8358933010805872,0.26664916821516377
2011-06-16,0.783629695704404,0.7815683877377858,0.7916473442515986,0.7851946132192588,0.16658004353753794
2011-06-17,0.7615139320813427,0.7775615363931935,0.7632250176164221,0.7830003362695944,0.11385408029703331
2011-06-18,0.7615139320813427,0.7775615363931935,0.7632250176164221,0.7830003362695944,0.11385408029703331
2011-06-19,0.7615139320813427,0.7775615363931935,0.7632250176164221,0.7830003362695944,0.11385408029703331
2011-06-20,0.764363909241865,0.7556954389454335,0.7551044034395469,0.7564384305263187,0.051174858781122774
2011-06-21,0.7659598894938056,0.7700056847066977,0.7708816725615244,0.7644069581945921,0.15956907455788888
2011-06-22,0.7888737302172377,0.7809959429702119,0.7794663344782293,0.7675251505030013,0.14355625317593998
2011-06-23,0.738828051262016,0.7669147100531005,0.7382830932839954,0.7749162971541231,0.25236069755085416
2011-06-24,0.7404241184883571,0.7425299953765084,0.739791182057399,0.7505485802510933,0.16759750316797298
2011-06-25,0.7404241184883571,0.7425299953765084,0.739791182057399,0.7505485802510933,0.16759750316797298
2011-06-26,0.7404241184883571,0.7425299953765084,0.739791182057399,0.7505485802510933,0.16759750316797298
2011-06-27,0.7341541339454476,0.7306239477648081,0.7373549978043363,0.7374986062191417,0.13336195662817588
2011-06-28,0.7601459117335077,0.7496279087175067,0.7469837892626716,0.732301648408266,0.1335606973190866
2011-06-29,0.7815777086698517,0.7825986835080488,0.7727378635208424,0.7630211732658932,0.1739844379665409
2011-06-30,0.7889876666820901,0.7823697580067043,0.7868909212993884,0.7827694014846173,0.13214459746898227
2011-07-01,0.7835157592395514,0.777447029971117,0.7819025187312918,0.7832313591639896,0.1246388047282902
2011-07-02,0.7835157592395514,0.777447029971117,0.7819025187312918,0.7832313591639896,0.1246388047282902
2011-07-03,0.7835157592395514,0.777447029971117,0.7819025187312918,0.7832313591639896,0.1246388047282902
2011-07-04,0.7835157592395514,0.777447029971117,0.7819025187312918,0.7832313591639896,0.1246388047282902
2011-07-05,0.8057455463018659,0.8013738063022117,0.7922273375453432,0.7816145513408953,0.13160573786971996
2011-07-06,0.8030095925805965,0.8049227193013065,0.8103248453664682,0.8049428414379828,0.1389475550549376
2011-07-07,0.8260373697688812,0.8235832483305842,0.8229698143716107,0.8054047991173551,0.1684683698106517
2011-07-08,0.7978795815070159,0.8208357056004078,0.8068445315717752,0.8256149850154516,0.17352611759770598
2011-07-09,0.7978795815070159,0.8208357056004078,0.8068445315717752,0.8256149850154516,0.17352611759770598
2011-07-10,0.7978795815070159,0.8208357056004078,0.8068445315717752,0.8256149850154516,0.17352611759770598
2011-07-11,0.7859097296174622,0.7930165843467974,0.789907187354252,0.7945490139256496,0.15234835592777426
2011-07-12,0.8119015074055222,0.801602731803556,0.7830626823348938,0.7828848248223969,0.1709152559264416
2011-07-13,0.818969482074402,0.8211791375238288,0.817633398125656,0.8017092257917943,0.1776394125387414
2011-07-14,0.7920656907211185,0.817401211680581,0.7944315421825192,0.8117565189625345,0.2056375143623466
2011-07-15,0.809735496931717,0.8043502745337324,0.802320176743508,0.7937406100141023,0.12628145737765425
2011-07-16,0.809735496931717,0.8043502745337324,0.802320176743508,0.7937406100141023,0.12628145737765425
2011-07-17,0.809735496931717,0.8043502745337324,0.802320176743508,0.7937406100141023,0.12628145737765425
2011-07-18,0.794801644442388,0.8037779171089671,0.7962877331418372,0.8092158838901137,0.09007472765862029
2011-07-19,0.8126994975314925,0.814768175372481,0.8106728590443262,0.7952419944994172,0.051874796841239794
2011-07-20,0.8199954321044778,0.8190039522184177,0.8189095072831729,0.8177618806849573,0.1432051253080336
2011-07-21,0.8312813173073144,0.8320549767080748,0.8254059986246733,0.820649050098971,0.14222243081303484
2011-07-22,0.8397173123240289,0.8323984086314958,0.8396751789732473,0.8303498970375366,0.10125345695815494
2011-07-23,0.8397173123240289,0.8323984086314958,0.8396751789732473,0.8303498970375366,0.10125345695815494
2011-07-24,0.8397173123240289,0.8323984086314958,0.8396751789732473,0.8303498970375366,0.10125345695815494
2011-07-25,0.8320793074332846,0.8287349892103245,0.8407192200068212,0.8368172164393318,0.09079088944860758
2011-07-26,0.8365252648457473,0.8373211366670831,0.83190257847423,0.8297725160203849,0.16465695212898793
2011-07-27,0.8115595240621638,0.8244991250215791,0.8247099712689572,0.8301189622525597,0.14833587987950406
2011-07-28,0.8120155308447754,0.8074413365301384,0.8174014185097693,0.8080609456369737,0.10877431459086939
2011-07-29,0.7921796271859711,0.8003434231891401,0.7993039106886444,0.8067906721554722,0.13666696217031787
2011-07-30,0.7921796271859711,0.8003434231891401,0.7993039106886444,0.8067906721554722,0.13666696217031787
2011-07-31,0.7921796271859711,0.8003434231891401,0.7993039106886444,0.8067906721554722,0.13666696217031787
2011-08-01,0.7829457290176867,0.8141957306049071,0.7815545050534338,0.7957038640693713,0.2029942052313417
2011-08-02,0.7704058469062685,0.7807670174688673,0.7776102320269676,0.7820764209108496,0.16203971684956026
2011-08-03,0.7492020098740297,0.7586719945197627,0.756032498919206,0.7604804500840542,0.17481358644669606
2011-08-04,0.6887824592811949,0.7453920445287613,0.6959396884861595,0.7465065606933577,0.2824232690004502
2011-08-05,0.6916324364417172,0.6965082834391177,0.6591647680582213,0.6836817260494041,0.2688341569773337
2011-08-06,0.6916324364417172,0.6965082834391177,0.6591647680582213,0.6836817260494041,0.2688341569773337
2011-08-07,0.6916324364417172,0.6965082834391177,0.6591647680582213,0.6836817260494041,0.2688341569773337
2011-08-08,0.6281349487842545,0.6668574961463262,0.6278422094301528,0.6745582601279904,0.2738044125068734
2011-08-09,0.6052211950352229,0.6361763257404629,0.5761020812979245,0.6213188490848229,0.322898577932135
2011-08-10,0.6461468253126121,0.6372066215107258,0.6204176226089935,0.6305578264534343,0.27327018825900257
2011-08-11,0.6784085876435817,0.6696050388765025,0.637819014566346,0.6311352074705862,0.2628105178440749
2011-08-12,0.674532573478583,0.6856325315976805,0.6725057644190797,0.6727105175199191,0.17473826198658415
2011-08-13,0.674532573478583,0.6856325315976805,0.6725057644190797,0.6727105175199191,0.17473826198658415
2011-08-14,0.674532573478583,0.6856325315976805,0.6725057644190797,0.6727105175199191,0.17473826198658415
2011-08-15,0.7030323450838067,0.6934173087855205,0.6769141736934319,0.6731723870898733,0.1415404547395599
2011-08-16,0.6890105061597009,0.692043493749028,0.6910673199800343,0.697309169207926,0.18936743097816924
2011-08-17,0.6996124246758204,0.7042930606269581,0.7030162616294606,0.6906109150211536,0.17149119833683593
2011-08-18,0.6403328475523142,0.6874641976368617,0.6392111577858346,0.694191065008935,0.16383591551376786
2011-08-19,0.63896491417888,0.6419004240449686,0.6162412814585845,0.6236286374816848,0.05811282097635565
2011-08-20,0.63896491417888,0.6419004240449686,0.6162412814585845,0.6236286374816848,0.05811282097635565
2011-08-21,0.63896491417888,0.6419004240449686,0.6162412814585845,0.6236286374816848,0.05811282097635565
2011-08-22,0.6601687512111185,0.6547223483476641,0.6389790896618917,0.6365631000664389,0.18861766289059353
2011-08-23,0.6752166271397007,0.6744132604900133,0.6653132457218636,0.6600069016107238,0.17697250135728884
2011-08-24,0.6720246666358198,0.6767028648746921,0.6786543305907784,0.6740963024486181,0.14277577588539558
2011-08-25,0.6736206468877604,0.6763594329512711,0.6607888908935964,0.6683219636205905,0.17921427317400473
2011-08-26,0.6744186370137304,0.6658271130332546,0.6600927750298238,0.6673980482618457,0.13601569529981164
2011-08-27,0.6744186370137304,0.6658271130332546,0.6600927750298238,0.6673980482618457,0.13601569529981164
2011-08-28,0.6744186370137304,0.6658271130332546,0.6600927750298238,0.6673980482618457,0.13601569529981164
2011-08-29,0.6960783938541801,0.6884945807499333,0.6851508219322786,0.67016979433808,0.09275859611430082
2011-08-30,0.7146603006044026,0.7066971714337135,0.7008120569922847,0.6953459151526568,0.15462778997454613
2011-08-31,0.713634263599926,0.7104750972769612,0.7148491692169157,0.7101282084549004,0.1559679859456146
2011-09-01,0.715002283947761,0.7145964550436302,0.7211136809425294,0.709435315990551,0.13548320930871266
2011-09-02,0.6867304722466427,0.7041785542048816,0.6887470812808869,0.7100126970077029,0.14993507610957277
2011-09-03,0.6867304722466427,0.7041785542048816,0.6887470812808869,0.7100126970077029,0.14993507610957277
2011-09-04,0.6867304722466427,0.7041785542048816,0.6887470812808869,0.7100126970077029,0.14993507610957277
2011-09-05,0.6867304722466427,0.7041785542048816,0.6887470812808869,0.7100126970077029,0.14993507610957277
2011-09-06,0.6818285080515682,0.6768173712967687,0.6629930070227159,0.6832197683700317,0.15508147499198954
2011-09-07,0.7196762012643294,0.7212364300391308,0.6972157976436766,0.6836817260494041,0.15366885165542885
2011-09-08,0.716370304295596,0.718374380886878,0.7255220017088251,0.7253724594365164,0.16699374864922964
2011-09-09,0.6957364105108215,0.7100171589314638,0.6912992995959208,0.7098971855605053,0.17424401764446507
2011-09-10,0.6957364105108215,0.7100171589314638,0.6912992995959208,0.7098971855605053,0.17424401764446507
2011-09-11,0.6957364105108215,0.7100171589314638,0.6912992995959208,0.7098971855605053,0.17424401764446507
2011-09-12,0.706566375905447,0.703720615859384,0.6838747127747615,0.685991426336848,0.17762318880887115
2011-09-13,0.7295941530937315,0.7216942810418198,0.7164732920522907,0.7119759510629718,0.1829492075577087
2011-09-14,0.7147743240436555,0.7186033063882226,0.7211136809425294,0.7227162248074798,0.1636638280933583
2011-09-15,0.7203602549254473,0.7174585041958831,0.7187935307514381,0.7079339315052361,0.14356204736517936
2011-09-16,0.7039443586490302,0.7132226400071376,0.7070765687178984,0.7138237817804615,0.09412428651802254
2011-09-17,0.7039443586490302,0.7132226400071376,0.7070765687178984,0.7138237817804615,0.09412428651802254
2011-09-18,0.7039443586490302,0.7132226400071376,0.7070765687178984,0.7138237817804615,0.09412428651802254
2011-09-19,0.6781805407650756,0.6899828148656936,0.6814385285216991,0.698117573119473,0.04850026102822524
2011-09-20,0.6917464598809704,0.6866628273679433,0.6851508219322786,0.676059556503887,0.1251991028277382
2011-09-21,0.6806885345822393,0.69273035759587,0.6829466172951026,0.6837972374966017,0.14508012494589675
2011-09-22,0.6190150740552232,0.658500274190912,0.6219257998904535,0.6641644326156572,0.23842045765983128
2011-09-23,0.6114910926037318,0.6219804990584664,0.5974478347897998,0.6132348099693516,0.21963048137544783
2011-09-24,0.6114910926037318,0.6219804990584664,0.5974478347897998,0.6132348099693516,0.21963048137544783
2011-09-25,0.6114910926037318,0.6219804990584664,0.5974478347897998,0.6132348099693516,0.21963048137544783
2011-09-26,0.6159370500161947,0.6168288455215346,0.5923433981597317,0.6044577902801126,0.16058885186401967
2011-09-27,0.6639306549624635,0.6558671505400034,0.6365429054088292,0.6257074029841515,0.15357614462759878
2011-09-28,0.6269949753149255,0.6541499909228986,0.6321345846425335,0.6520383739424502,0.13577755412207315
2011-09-29,0.637596893831045,0.646823152080556,0.6216937317665105,0.6163529141683425,0.17546485331720232
2011-09-30,0.6040811345914934,0.6382370046237973,0.6096287560551128,0.6440697581647584,0.18509016048165938
2011-10-01,0.6040811345914934,0.6382370046237973,0.6096287560551128,0.6440697581647584,0.18509016048165938
2011-10-02,0.6040811345914934,0.6382370046237973,0.6096287560551128,0.6440697581647584,0.18509016048165938
2011-10-03,0.5859553215982833,0.5971379333791854,0.5870069819137769,0.5961427282702461,0.19947423526841873
2011-10-04,0.5638394710008214,0.5782483915057547,0.5672853512572769,0.5670400993451312,0.21994568527007008
2011-10-05,0.6095531290084326,0.5991986122625198,0.5903712616464984,0.5884051353869495,0.16661249099727848
2011-10-06,0.642726817930225,0.6344590787805494,0.6151972404250103,0.6052661941916597,0.19559618441050208
2011-10-07,0.6471728623170885,0.6470520775819004,0.6416473420388973,0.6382954193367308,0.19064273202975665
2011-10-08,0.6471728623170885,0.6470520775819004,0.6416473420388973,0.6382954193367308,0.19064273202975665
2011-10-09,0.6471728623170885,0.6470520775819004,0.6416473420388973,0.6382954193367308,0.19064273202975665
2011-10-10,0.6748746437963422,0.6709787665701864,0.6577726248387328,0.6403741848391975,0.12533352801809178
2011-10-11,0.6794345376736575,0.6772753096422661,0.6719257711253352,0.6744427486807928,0.18182629368311695
2011-10-12,0.6766985839523882,0.6767028648746921,0.678306228404864,0.6686684098527652,0.1423713414764869
2011-10-13,0.6614227481197004,0.6629650638810017,0.6626449933448579,0.6655503056537743,0.18063500837550056
2011-10-14,0.6907205098508946,0.6859759635211012,0.6696055324261878,0.6602379245051192,0.13113988505487387
2011-10-15,0.6907205098508946,0.6859759635211012,0.6696055324261878,0.6602379245051192,0.13113988505487387
2011-10-16,0.6907205098508946,0.6859759635211012,0.6696055324261878,0.6602379245051192,0.13113988505487387
2011-10-17,0.6859324821206725,0.694905542901281,0.6940834975268415,0.694999468920482,0.10358967405947272
2011-10-18,0.7082762926222399,0.7046364925503791,0.6902552585623467,0.6802170875088203,0.08995420852244118
2011-10-19,0.6828545450560446,0.7101316653535404,0.6939675519729265,0.7040074233946981,0.036795419345754914
2011-10-20,0.6736206468877604,0.680709803562093,0.6734338598987388,0.6790622373650984,0.19742251285875448
2011-10-21,0.6975604376412683,0.7030337520125421,0.6948955589445289,0.6836817260494041,0.1437184904746426
2011-10-22,0.6975604376412683,0.7030337520125421,0.6948955589445289,0.6836817260494041,0.1437184904746426
2011-10-23,0.6975604376412683,0.7030337520125421,0.6948955589445289,0.6836817260494041,0.1437184904746426
2011-10-24,0.7416780284225384,0.7372638354175002,0.7070765687178984,0.6900335340040017,0.2524082099026171
2011-10-25,0.7633378722373887,0.7689753889364349,0.7546403556997174,0.743619391279344,0.2554408885505082
2011-10-26,0.7294801296544784,0.7606181669810207,0.7418793526326035,0.754013130682259,0.21028793064587248
2011-10-27,0.7723438105015674,0.7643960928242687,0.7504640145493082,0.7354198407166749,0.1616173204540095
2011-10-28,0.7650478759285821,0.7607326734030971,0.7651972426377118,0.7694884045582703,0.1322488928752911
2011-10-29,0.7650478759285821,0.7607326734030971,0.7651972426377118,0.7694884045582703,0.1322488928752911
2011-10-30,0.7650478759285821,0.7607326734030971,0.7651972426377118,0.7694884045582703,0.1322488928752911
2011-10-31,0.7635659191158948,0.7592444392873369,0.757656621754581,0.7648689158739647,0.10432148016040635
2011-11-01,0.7521660104738053,0.7487120320265116,0.7322505611742682,0.7538977073444796,0.17546369447935445
2011-11-02,0.7558139777602979,0.7591299328652604,0.7531322669263139,0.7425799644734016,0.12579764257616607
2011-11-03,0.7735978074101493,0.7685174505909375,0.7519721918307682,0.7586326193665646,0.1457070562215976
2011-11-04,0.7757638178839545,0.7721808700121088,0.7751740477739051,0.7730684664366335,0.14308228849615875
2011-11-05,0.7757638178839545,0.7721808700121088,0.7751740477739051,0.7730684664366335,0.14308228849615875
2011-11-06,0.7757638178839545,0.7721808700121088,0.7751740477739051,0.7730684664366335,0.14308228849615875
2011-11-07,0.790127640151419,0.7856897455044548,0.7793503889243141,0.7732994893310289,0.157990157990158
2011-11-08,0.8047195962717901,0.7967945101900452,0.8025522448674509,0.7918928674060309,0.1535749857897509
2011-11-09,0.7926356339685827,0.8054950767260719,0.7945475762444907,0.8027485644883184,0.23014287891245389
2011-11-10,0.8158914580353736,0.811333681452654,0.8022041426815365,0.7905069943679138,0.17337025390716668
2011-11-11,0.8296853370553738,0.8210646311017523,0.8271461555220199,0.8108326917132079,0.1357404713109411
2011-11-12,0.8296853370553738,0.8210646311017523,0.8271461555220199,0.8108326917132079,0.1357404713109411
2011-11-13,0.8296853370553738,0.8210646311017523,0.8271461555220199,0.8108326917132079,0.1357404713109411
2011-11-14,0.8199954321044778,0.8266743103269901,0.8252900530707581,0.8315048352906768,0.17556798988566327
2011-11-15,0.8340173580029842,0.828391469944095,0.8290023464813379,0.8169534767734102,0.17660862627305582
2011-11-16,0.870724990772016,0.8633085045387036,0.8392111312334176,0.8317357700756539,0.19184328804015605
2011-11-17,0.8277473734600747,0.8688036773418649,0.8379350220759005,0.8599145717514421,0.0843187800682208
2011-11-18,0.8116735475014167,0.8319404702859984,0.8189095072831729,0.8235362195129848,0.16984043382253675
2011-11-19,0.8116735475014167,0.8319404702859984,0.8189095072831729,0.8235362195129848,0.16984043382253675
2011-11-20,0.8116735475014167,0.8319404702859984,0.8189095072831729,0.8235362195129848,0.16984043382253675
2011-11-21,0.8060875296452243,0.805724089570225,0.802668190421366,0.8111791379453827,0.13360705083300162
2011-11-22,0.8185134752917904,0.8153405327972464,0.817865466249599,0.8072525417254265,0.15686550585879447
2011-11-23,0.7975375981636572,0.8058385959923015,0.803944299578883,0.8140663073593964,0.13612462605751197
2011-11-24,0.7975375981636572,0.8058385959923015,0.803944299578883,0.8140663073593964,0.13612462605751197
2011-11-25,0.8043775259540309,0.8021751765711301,0.7997679584284738,0.7909689520472861,0.07956870372977756
2011-11-26,0.8043775259540309,0.8021751765711301,0.7997679584284738,0.7909689520472861,0.07956870372977756
2011-11-27,0.8043775259540309,0.8021751765711301,0.7997679584284738,0.7909689520472861,0.07956870372977756
2011-11-28,0.820793422230448,0.8386948643607671,0.8245939372069857,0.8107171802660104,0.15251406974002052
2011-11-29,0.8388052987588057,0.8319404702859984,0.8257541008105878,0.8136043496800242,0.15780010858310636
2011-11-30,0.8453032432058207,0.850257567391855,0.8453596088970599,0.8335836007931433,0.14737346504684312
2011-12-01,0.8434792160753741,0.8436175923963544,0.8447796156033154,0.8454787246813732,0.13172625700589907
2011-12-02,0.8521431709961944,0.8480823820864442,0.8551044344173666,0.839588874406148,0.11437671616642534
2011-12-03,0.8521431709961944,0.8480823820864442,0.8551044344173666,0.839588874406148,0.11437671616642534
2011-12-04,0.8521431709961944,0.8480823820864442,0.8551044344173666,0.839588874406148,0.11437671616642534
2011-12-05,0.8524851543395529,0.8581568510017717,0.8606728302792079,0.8537937866912398,0.11059021349849091
2011-12-06,0.855791138282687,0.8464796415486072,0.8602087825393785,0.8447857441076055,0.09763962112955402
2011-12-07,0.8467852000185081,0.852432752697266,0.8540603048757363,0.8524079136531227,0.1634059866722059
2011-12-08,0.8222753790431354,0.8500286418905106,0.8313224966724289,0.8492897213447136,0.16928361223663238
2011-12-09,0.834473364785596,0.829192927555822,0.8272621895839913,0.8174154344527825,0.1565885436131521
2011-12-10,0.834473364785596,0.829192927555822,0.8272621895839913,0.8174154344527825,0.1565885436131521
2011-12-11,0.834473364785596,0.829192927555822,0.8272621895839913,0.8174154344527825,0.1565885436131521
2011-12-12,0.8157774345961204,0.8265598039049135,0.8293503601591958,0.8347384509368653,0.133631386427807
2011-12-13,0.8427952493886568,0.8445334690873493,0.8305104352547414,0.8147591998237459,0.1925049844512932
2011-12-14,0.783629695704404,0.8340011491693328,0.7907192487719397,0.8433999591789066,0.19060506979970068
2011-12-15,0.7713178604714916,0.7843159304679622,0.7802783958959167,0.7805751245349529,0.13051121552240122
2011-12-16,0.7674418463064929,0.7705781294742718,0.7711136521774109,0.7635985542830451,0.09118721199258112
2011-12-17,0.7674418463064929,0.7705781294742718,0.7711136521774109,0.7635985542830451,0.09118721199258112
2011-12-18,0.7674418463064929,0.7705781294742718,0.7711136521774109,0.7635985542830451,0.09118721199258112
2011-12-19,0.771431796936344,0.7663422652855264,0.7713457203013538,0.7675251505030013,0.038268881669329104
2011-12-20,0.8095075370276115,0.8010302870359821,0.789907187354252,0.7719136162929118,0.11228501385100939
2011-12-21,0.8260373697688812,0.8216370758693262,0.8207656982424911,0.8110636264981851,0.09907426238522435
2011-12-22,0.8358412981590302,0.8307956680936589,0.8406032744529062,0.8283866429822676,0.05970564359826105
2011-12-23,0.8375513018502239,0.8328563469769933,0.8490719023076394,0.8335836007931433,0.02709015236979443
2011-12-24,0.8375513018502239,0.8328563469769933,0.8490719023076394,0.8335836007931433,0.02709015236979443
2011-12-25,0.8375513018502239,0.8328563469769933,0.8490719023076394,0.8335836007931433,0.02709015236979443
2011-12-26,0.8375513018502239,0.8328563469769933,0.8490719023076394,0.8335836007931433,0.02709015236979443
2011-12-27,0.8564751049694042,0.8504864928931996,0.8505800795890994,0.8386649590474032,0.04387475975842866
2011-12-28,0.8339033345637312,0.8497996290463575,0.847563813534236,0.854024721476217,0.06729313440722837
2011-12-29,0.8372093185068652,0.8293073466350899,0.8381670901998437,0.8348538742746446,0.0610701751641349
2011-12-30,0.8278613968993278,0.8320549767080748,0.8417633495484518,0.837048151224309,0.06115650858380165
2011-12-31,0.8278613968993278,0.8320549767080748,0.8417633495484518,0.837048151224309,0.06115650858380165
2012-01-01,0.8278613968993278,0.8320549767080748,0.8417633495484518,0.837048151224309,0.06115650858380165
2012-01-02,0.8278613968993278,0.8320549767080748,0.8417633495484518,0.837048151224309,0.06115650858380165
2012-01-03,0.8749429882803734,0.8666284920364539,0.8538283252598495,0.8361242358655642,0.13150781607157447
2012-01-04,0.877906988880149,0.8730394541878016,0.8796983450719356,0.8741193959271157,0.12932340672832843
2012-01-05,0.8618330759470902,0.8729250351085337,0.8729698741145488,0.8775840344676996,0.14317383668614095
2012-01-06,0.8589830987865679,0.8622782087684407,0.868097417100367,0.8551795716199387,0.14018577329539297
2012-01-07,0.8589830987865679,0.8622782087684407,0.868097417100367,0.8551795716199387,0.14018577329539297
2012-01-08,0.8589830987865679,0.8622782087684407,0.868097417100367,0.8551795716199387,0.14018577329539297
2012-01-09,0.8561331216260455,0.8548368635040214,0.8590487074438329,0.8617623143595136,0.1525899736190564
2012-01-10,0.866735040142165,0.8692616156873624,0.8729698741145488,0.8546021906027869,0.1406579997184024
2012-01-11,0.8511172209661186,0.8583857765031163,0.8642691781358725,0.8649959300057021,0.15245960436117037
2012-01-12,0.8309393339639557,0.8643388876517751,0.8404872403909347,0.8511375520622032,0.18656883757554898
2012-01-13,0.8263793531122396,0.8323984086314958,0.8312064626104574,0.8303498970375366,0.16635580841397396
2012-01-14,0.8263793531122396,0.8323984086314958,0.8312064626104574,0.8303498970375366,0.16635580841397396
2012-01-15,0.8263793531122396,0.8323984086314958,0.8312064626104574,0.8303498970375366,0.16635580841397396
2012-01-16,0.8263793531122396,0.8323984086314958,0.8312064626104574,0.8303498970375366,0.16635580841397396
2012-01-17,0.849293193835672,0.8417859263571729,0.8416473154864803,0.827462727623523,0.1699847091345973
2012-01-18,0.847925173487837,0.8538064803909499,0.8560324413889693,0.8500982133656788,0.12797683714909666
2012-01-19,0.8456452265491794,0.8538064803909499,0.8576566527324008,0.8527543598852975,0.041517683575849125
2012-01-20,0.8236433993909704,0.8386948643607671,0.8336427353715765,0.8440928516432561,0.14860357142236338
2012-01-21,0.8236433993909704,0.8386948643607671,0.8336427353715765,0.8440928516432561,0.14860357142236338
2012-01-22,0.8236433993909704,0.8386948643607671,0.8336427353715765,0.8440928516432561,0.14860357142236338
2012-01-23,0.8364113283808949,0.8329707660562612,0.8277262373238208,0.8204180272045759,0.11034685755043697
2012-01-24,0.829229330272762,0.8322839022094194,0.8375870083980426,0.8382030013680309,0.11238467390592671
2012-01-25,0.8343593413463428,0.8348025194382512,0.8292343260972244,0.8303498970375366,0.1589218636198502
2012-01-26,0.8377792617543294,0.8461362096251862,0.8489559567537244,0.8391269167267758,0.12296891938950105
2012-01-27,0.8361832815023889,0.837435555746351,0.8477957931501225,0.8387804704946008,0.11874611427184134
2012-01-28,0.8361832815023889,0.837435555746351,0.8477957931501225,0.8387804704946008,0.11874611427184134
2012-01-29,0.8361832815023889,0.837435555746351,0.8477957931501225,0.8387804704946008,0.11874611427184134
2012-01-30,0.8272913666774631,0.8307956680936589,0.8396751789732473,0.839588874406148,0.09694431842082848
2012-01-31,0.8238714462694765,0.8449914074328467,0.8330626535697754,0.8266543237119758,0.1885284323763071
2012-02-01,0.8139534944400744,0.8243846185995026,0.8243619575910992,0.8208799848839482,0.14197965428390485
2012-02-02,0.7997036086374625,0.8072123236859853,0.8049884291205136,0.8062132030289023,0.16381563585143005
2012-02-03,0.8165754247220907,0.8076702620314827,0.8116009545239853,0.8004388642008747,0.15651379857196412
2012-02-04,0.8165754247220907,0.8076702620314827,0.8116009545239853,0.8004388642008747,0.15651379857196412
2012-02-05,0.8165754247220907,0.8076702620314827,0.8116009545239853,0.8004388642008747,0.15651379857196412
2012-02-06,0.805973593180372,0.8044647809558089,0.8158932412283095,0.8134888382328264,0.12121385946889301
2012-02-07,0.8230734561435062,0.8202632608328339,0.8096287295026958,0.8064441378138792,0.2127695818970987
2012-02-08,0.8264933765514928,0.8312535190963478,0.835846851500696,0.8253839621210562,0.1832244315465792
2012-02-09,0.8393752420062697,0.8322839022094194,0.8423434313502527,0.8291950468938148,0.14306374709059272
2012-02-10,0.8260373697688812,0.8289639147116689,0.8267981418441617,0.8383185128152285,0.15009731340827537
2012-02-11,0.8260373697688812,0.8289639147116689,0.8267981418441617,0.8383185128152285,0.15009731340827537
2012-02-12,0.8260373697688812,0.8289639147116689,0.8267981418441617,0.8383185128152285,0.15009731340827537
2012-02-13,0.8515732277487302,0.8416714199350964,0.8473317454102929,0.8318512815228515,0.1272091070748789
2012-02-14,0.8496351771790305,0.851287863162118,0.8611368780190374,0.8480194478632123,0.15399216741498623
2012-02-15,0.8617191394822379,0.8593016531941112,0.8649652054915884,0.8499827019184812,0.13312497428828526
2012-02-16,0.867533030268135,0.8610189001540246,0.8676333693605376,0.8615313795745364,0.08621232111164998
2012-02-17,0.8781349487842545,0.877618750299968,0.8839907202843162,0.8667282492759939,0.049820177336955866
2012-02-18,0.8781349487842545,0.877618750299968,0.8839907202843162,0.8667282492759939,0.049820177336955866
2012-02-19,0.8781349487842545,0.877618750299968,0.8839907202843162,0.8667282492759939,0.049820177336955866
2012-02-20,0.8781349487842545,0.877618750299968,0.8839907202843162,0.8667282492759939,0.049820177336955866
2012-02-21,0.9077746938588072,0.8997137732490726,0.9073086102894243,0.8932902431286879,0.155123772573437
2012-02-22,0.9127906814931348,0.9071551185134917,0.9229698453494304,0.9089964517896764,0.11171950098124594
2012-02-23,0.9304605746781338,0.9302804372328594,0.9211136543901124,0.9083034712159087,0.1605836370937042
2012-02-24,0.9525763383011951,0.9441327446486262,0.9501159743190333,0.9396004652001059,0.12700688987042455
2012-02-25,0.9525763383011951,0.9441327446486262,0.9501159743190333,0.9396004652001059,0.12700688987042455
2012-02-26,0.9525763383011951,0.9441327446486262,0.9501159743190333,0.9396004652001059,0.12700688987042455
2012-02-27,0.9387824592811949,0.9420720657652918,0.9422273397580445,0.9512645661939406,0.13273386651462715
2012-02-28,0.9158687055321633,0.9308528820004333,0.9309745139723906,0.9314008265280188,0.13338629222298126
2012-02-29,0.9217966197573135,0.9152833276247528,0.914037081246811,0.9141933214911339,0.17649621900181184
2012-03-01,0.9419744197850759,0.9510017324882801,0.9338747459652827,0.9183508524960672,0.19776842595634542
2012-03-02,0.9175786222489561,0.9336004247306097,0.9251740499866064,0.9406398038966303,0.14551990390916567
2012-03-03,0.9175786222489561,0.9336004247306097,0.9251740499866064,0.9406398038966303,0.14551990390916567
2012-03-04,0.9175786222489561,0.9336004247306097,0.9251740499866064,0.9406398038966303,0.14551990390916567
2012-03-05,0.9178066691274624,0.9151688212026764,0.9216937361919133,0.9175424485845199,0.10947193497529067
2012-03-06,0.8947788049647771,0.9142529445116815,0.9102088422823165,0.9216999795894533,0.16458104824995207
2012-03-07,0.9114227481197004,0.9052089460522338,0.9083526513229985,0.8965238587748764,0.1649756325371538
2012-03-08,0.9162106888755219,0.9126502039738446,0.9256380092183796,0.9116525983092948,0.13389270436250303
2012-03-09,0.9255586104830593,0.924098400582856,0.9290022889511012,0.9193902793020096,0.14148135400931822
2012-03-10,0.9255586104830593,0.924098400582856,0.9290022889511012,0.9193902793020096,0.14148135400931822
2012-03-11,0.9255586104830593,0.924098400582856,0.9290022889511012,0.9193902793020096,0.14148135400931822
2012-03-12,0.9134746481798519,0.9167715617405133,0.9203015929724248,0.9262039568265613,0.10789417724540767
2012-03-13,0.9176926456882093,0.9143674509337579,0.9236658727051466,0.9152327482970762,0.13548784466010416
2012-03-14,0.9031007765422387,0.9105895250905102,0.9172854154256176,0.9168495561201705,0.13615997061187218
2012-03-15,0.8994528092557461,0.9009730818634886,0.9017401259195268,0.9031066015144512,0.1868759296052361
2012-03-16,0.9216825963180606,0.9142529445116815,0.9174013609795328,0.9024137090501015,0.08371212845485776
2012-03-17,0.9216825963180606,0.9142529445116815,0.9174013609795328,0.9024137090501015,0.08371212845485776
2012-03-18,0.9216825963180606,0.9142529445116815,0.9174013609795328,0.9024137090501015,0.08371212845485776
2012-03-19,0.9334244883035085,0.9245563389283534,0.9338747459652827,0.9225083835010005,0.03582952799955038
2012-03-20,0.9051527635767909,0.9207785004279142,0.9199535792945668,0.9298995301521223,0.16282772658611586
2012-03-21,0.9240765666959712,0.9176874384315082,0.9281902275334135,0.9126920251152372,0.11825186992972228
2012-03-22,0.9021887629770153,0.9117344146256582,0.910092808220345,0.9182353410488696,0.14309213861786568
2012-03-23,0.9195166728186559,0.9246708453504301,0.9177494631654473,0.9033375362994281,0.12269369540063052
2012-03-24,0.9195166728186559,0.9246708453504301,0.9177494631654473,0.9033375362994281,0.12269369540063052
2012-03-25,0.9195166728186559,0.9246708453504301,0.9177494631654473,0.9033375362994281,0.12269369540063052
2012-03-26,0.9213406129747019,0.9140240190103369,0.9296984048148735,0.9180044062638925,0.06591469678718001
2012-03-27,0.9247606203570891,0.9187178215445798,0.9335266437793683,0.9214689566950581,0.09300832567051806
2012-03-28,0.9028728166381332,0.9096737357423238,0.912064944733578,0.9182353410488696,0.15096644179418228
2012-03-29,0.8728910012458213,0.8954779090603272,0.8825985770648277,0.9040305168731958,0.15729601411928035
2012-03-30,0.8756269549670905,0.8777332567220445,0.8901391979479583,0.8775840344676996,0.11335693886029458
2012-03-31,0.8756269549670905,0.8777332567220445,0.8901391979479583,0.8775840344676996,0.11335693886029458
2012-04-01,0.8756269549670905,0.8777332567220445,0.8901391979479583,0.8775840344676996,0.11335693886029458
2012-04-02,0.9008208296035811,0.8930737982535718,0.8817865156471401,0.8773530115733043,0.13302357597659611
2012-04-03,0.8869129271443277,0.8895248852544769,0.8995359212823506,0.8977942203657959,0.11416001348887256
2012-04-04,0.8579571487564921,0.8773898247986235,0.8704176557995147,0.8868229237268926,0.14613698506315956
2012-04-05,0.8789329389102247,0.8691471092652859,0.8737819355322363,0.8622242720388859,0.11263150636752425
2012-04-06,0.8789329389102247,0.8691471092652859,0.8737819355322363,0.8622242720388859,0.11263150636752425
2012-04-07,0.8789329389102247,0.8691471092652859,0.8737819355322363,0.8622242720388859,0.11263150636752425
2012-04-08,0.8789329389102247,0.8691471092652859,0.8737819355322363,0.8622242720388859,0.11263150636752425
2012-04-09,0.8692430339593287,0.8599885170409532,0.8672853556826796,0.8688070147784605,0.0912051739792232
2012-04-10,0.8528271376829115,0.864109874807622,0.865777266909276,0.8664973144910167,0.15320473709735455
2012-04-11,0.8719789876805979,0.86605604726888,0.8676333693605376,0.8504446595978538,0.13586910231205535
2012-04-12,0.8826949296359703,0.8787635524923073,0.8856148431196913,0.8690380376728558,0.12907657426673086
2012-04-13,0.873461031467686,0.8748712075697916,0.8881670614347252,0.8818570769198305,0.10356707672143914
2012-04-14,0.873461031467686,0.8748712075697916,0.8881670614347252,0.8818570769198305,0.10356707672143914
2012-04-15,0.873461031467686,0.8748712075697916,0.8881670614347252,0.8818570769198305,0.10356707672143914
2012-04-16,0.8746010049370148,0.8688036773418649,0.8787703381003329,0.8719252070868696,0.13699954863265826
2012-04-17,0.8890788506437324,0.888265576640061,0.8887471432365261,0.8759672266446054,0.11357016502430373
2012-04-18,0.8716370043372395,0.8818546144887133,0.8832946929286001,0.8883243082122075,0.08534608982036276
2012-04-19,0.8670770234855234,0.8669719239598749,0.8772621608188729,0.8711168031753224,0.02484664229630673
2012-04-20,0.8759690252848498,0.8791069844157283,0.8863108704754072,0.869268972457833,0.10271591032217431
2012-04-21,0.8759690252848498,0.8791069844157283,0.8863108704754072,0.869268972457833,0.10271591032217431
2012-04-22,0.8759690252848498,0.8791069844157283,0.8863108704754072,0.869268972457833,0.10271591032217431
2012-04-23,0.8766529919715671,0.8748712075697916,0.8790023177162194,0.8837048195279019,0.09542218490764354
2012-04-24,0.8816689796058945,0.8771608119544704,0.8902552320099297,0.8755052689652328,0.08553382155171865
2012-04-25,0.8881669240529095,0.8825414783355553,0.8939675254205095,0.8830119270635522,0.1321863156315058
2012-04-26,0.8930688882479842,0.8865483296801476,0.9024361532752427,0.8853216273509962,0.08361942142702769
2012-04-27,0.897400822221194,0.8874642063711425,0.9012760781796971,0.8869384351740904,0.07740341521102148
2012-04-28,0.897400822221194,0.8874642063711425,0.9012760781796971,0.8869384351740904,0.07740341521102148
2012-04-29,0.897400822221194,0.8874642063711425,0.9012760781796971,0.8869384351740904,0.07740341521102148
2012-04-30,0.8967168555344769,0.8892959597531326,0.9029002010150722,0.8965238587748764,0.09440878120967608
2012-05-01,0.9114227481197004,0.9038351310157414,0.9088166990628279,0.8960619010955041,0.11438019267996896
2012-05-02,0.900706806164328,0.8994848477477281,0.9148492311725551,0.9086500055575016,0.1205961988959752
2012-05-03,0.8701550475245521,0.8922724279846533,0.8852668294418331,0.9018362399235317,0.15549691836045304
2012-05-04,0.8239853827343291,0.8613623320774456,0.8290023464813379,0.8694999072428101,0.22860625992617045
2012-05-05,0.8239853827343291,0.8613623320774456,0.8290023464813379,0.8694999072428101,0.22860625992617045
2012-05-06,0.8239853827343291,0.8613623320774456,0.8290023464813379,0.8694999072428101,0.22860625992617045
2012-05-07,0.8177154851658202,0.8100743728382381,0.8038282655169116,0.8170689882206078,0.1459892332375554
2012-05-08,0.8071135666497009,0.8087006451445543,0.805916436092116,0.8160295614146654,0.16527982747222122
2012-05-09,0.8048335327366425,0.8003434231891401,0.8018561290036785,0.809331307227893,0.1647571916028292
2012-05-10,0.8079115567756712,0.8037779171089671,0.8124130159416727,0.7985910334833851,0.1354669855788424
2012-05-11,0.7970815913810456,0.7981682378837293,0.8063804838319457,0.7995149488421299,0.12285013851009377
2012-05-12,0.7970815913810456,0.7981682378837293,0.8063804838319457,0.7995149488421299,0.12285013851009377
2012-05-13,0.7970815913810456,0.7981682378837293,0.8063804838319457,0.7995149488421299,0.12285013851009377
2012-05-14,0.7816917321091048,0.7824842644287809,0.7842227574304395,0.7909689520472861,0.11789900380504409
2012-05-15,0.7725718573800735,0.7784774130841886,0.7769141161631952,0.7692574697732931,0.1368564321584456
2012-05-16,0.7592338981682842,0.7633657970540056,0.7628770039385642,0.7605959615312518,0.1505649044798933
2012-05-17,0.7563839210077619,0.7601602286355232,0.7661252496093143,0.7560918961847257,0.13416850777029748
2012-05-18,0.7440720857748497,0.7487120320265116,0.7526682191864844,0.7571313229906681,0.09458028921116171
2012-05-19,0.7440720857748497,0.7487120320265116,0.7526682191864844,0.7571313229906681,0.09458028921116171
2012-05-20,0.7440720857748497,0.7487120320265116,0.7526682191864844,0.7571313229906681,0.09458028921116171
2012-05-21,0.756497944447015,0.7507727109098462,0.7516240896448538,0.738768879700643,0.03402521747040763
2012-05-22,0.7461240728094019,0.7502003534850806,0.7581206694944105,0.754590599808829,0.10296853697301125
2012-05-23,0.7260602092464921,0.7354321693783187,0.7335266703317853,0.7418870720090521,0.13153157224745593
2012-05-24,0.7347241641673123,0.7331424776508314,0.7396751479954273,0.7302228829057992,0.10603656017526264
2012-05-25,0.73700411110597,0.7308528732661524,0.7441995028236945,0.7332255637670108,0.061073651677678524
2012-05-26,0.73700411110597,0.7308528732661524,0.7441995028236945,0.7332255637670108,0.061073651677678524
2012-05-27,0.73700411110597,0.7308528732661524,0.7441995028236945,0.7332255637670108,0.061073651677678524
2012-05-28,0.73700411110597,0.7308528732661524,0.7441995028236945,0.7332255637670108,0.061073651677678524
2012-05-29,0.735864137636641,0.7410417612607479,0.7447795846254956,0.735650775501652,0.12402230299322023
2012-05-30,0.7023483783970896,0.7262735771539862,0.710208780326677,0.7340339676785578,0.14409047742381076
2012-05-31,0.6876424858118659,0.6960503450936203,0.693851517910955,0.6958078728320293,0.17203932863888122
2012-06-01,0.6500228394776109,0.6767028648746921,0.6524362085927782,0.6829888335850546,0.2080478970859284
2012-06-02,0.6500228394776109,0.6767028648746921,0.6524362085927782,0.6829888335850546,0.2080478970859284
2012-06-03,0.6500228394776109,0.6767028648746921,0.6524362085927782,0.6829888335850546,0.2080478970859284
2012-06-04,0.658572770959178,0.6514023608499137,0.6399071851415508,0.6427993965738389,0.15137956748695003
2012-06-05,0.6621067148064177,0.6575843974999169,0.664269116180233,0.6564268397323606,0.11463339874972986
2012-06-06,0.6704285994094785,0.6730394454535208,0.6726217984810512,0.6561959049473834,0.1533061354090437
2012-06-07,0.6681486524708209,0.6817400993323559,0.6656612593997215,0.672133048393349,0.16831308553903632
2012-06-08,0.6599407043326124,0.6547223483476641,0.6490719288600566,0.6505369894571355,0.1484036718936048
2012-06-09,0.6599407043326124,0.6547223483476641,0.6490719288600566,0.6505369894571355,0.1484036718936048
2012-06-10,0.6599407043326124,0.6547223483476641,0.6490719288600566,0.6505369894571355,0.1484036718936048
2012-06-11,0.6439808148388069,0.6772753096422661,0.6387471100460052,0.674673771575188,0.1707518597898911
2012-06-12,0.6510487895076866,0.6438465965062266,0.6382830623061757,0.6222427644435676,0.15776824054228977
2012-06-13,0.6430688882479842,0.6471665840039769,0.6508120857574031,0.6491512045284364,0.1616741035085554
2012-06-14,0.6577747808332077,0.6518602991954111,0.6522041404688352,0.6367941229608342,0.13351434380517155
2012-06-15,0.6591427142066422,0.656210669806233,0.6655452253377501,0.6586211166820248,0.09736439714068348
2012-06-16,0.6591427142066422,0.656210669806233,0.6655452253377501,0.6586211166820248,0.09736439714068348
2012-06-17,0.6591427142066422,0.656210669806233,0.6655452253377501,0.6586211166820248,0.09736439714068348
2012-06-18,0.6504787592858219,0.6653691746877571,0.649535976599886,0.6673980482618457,0.09759674412918262
2012-06-19,0.6591427142066422,0.6517458801161432,0.6523201745308067,0.6439542467175607,0.035050209546853846
2012-06-20,0.6337209666404469,0.6509444225044162,0.6364269598549142,0.6552719895886387,0.21164666802250695
2012-06-21,0.5926812259494039,0.6149970921395447,0.6018561555560955,0.6210879142998458,0.1903118838241881
2012-06-22,0.610465142573656,0.6054951553345996,0.5975637803437148,0.5867883275638552,0.14178844603900534
2012-06-23,0.610465142573656,0.6054951553345996,0.5975637803437148,0.5867883275638552,0.14178844603900534
2012-06-24,0.610465142573656,0.6054951553345996,0.5975637803437148,0.5867883275638552,0.14178844603900534
2012-06-25,0.6041951580307465,0.6090440683336944,0.6030162306516409,0.6109250215724896,0.11616654122246964
2012-06-26,0.60590516172194,0.5975958717246829,0.6068445581241921,0.5997228782580275,0.11865804259540277
2012-06-27,0.615595066672836,0.6117916110638708,0.6105568515347717,0.6024945362248436,0.11848537575606927
2012-06-28,0.5868673351635068,0.6108757343728758,0.5943155346729647,0.6141587253280963,0.151594531907731
2012-06-29,0.6697446327227614,0.6623926191134277,0.605916462644533,0.5908303471215909,0.22625961328422178
2012-06-30,0.6697446327227614,0.6623926191134277,0.605916462644533,0.5908303471215909,0.22625961328422178
2012-07-01,0.6697446327227614,0.6623926191134277,0.605916462644533,0.5908303471215909,0.22625961328422178
2012-07-02,0.6559507537027611,0.659072718958486,0.650232003955602,0.6623166900075858,0.1451954293117604
2012-07-03,0.7005244382410436,0.6933028023634441,0.6645011843041759,0.6509989471365079,0.1666814418492271
2012-07-04,0.7005244382410436,0.6933028023634441,0.6645011843041759,0.6509989471365079,0.1666814418492271
2012-07-05,0.695508450606716,0.7040641351256135,0.7012761047321141,0.698117573119473,0.18547199755253446
2012-07-06,0.6639306549624635,0.6828849015246954,0.6725057644190797,0.6863379606784407,0.14351511443234038
2012-07-07,0.6639306549624635,0.6828849015246954,0.6725057644190797,0.6863379606784407,0.14351511443234038
2012-07-08,0.6639306549624635,0.6828849015246954,0.6725057644190797,0.6863379606784407,0.14351511443234038
2012-07-09,0.6814865247082096,0.6754436436030847,0.6722737848031932,0.65711973219671,0.12074221246480754
2012-07-10,0.6577747808332077,0.6693760260323495,0.6682134777147557,0.676059556503887,0.14073680069205796
2012-07-11,0.6794345376736575,0.6755580626823526,0.6723898188651647,0.654925543356464,0.15024622407172744
2012-07-12,0.6825125617126859,0.6741843349886688,0.6747099690562559,0.6802170875088203,0.11136953195118743
2012-07-13,0.6941404302588812,0.6883800743278566,0.6906032722402049,0.6762905793982823,0.12301759057911182
2012-07-14,0.6941404302588812,0.6883800743278566,0.6906032722402049,0.6762905793982823,0.12301759057911182
2012-07-15,0.6941404302588812,0.6883800743278566,0.6906032722402049,0.6762905793982823,0.12301759057911182
2012-07-16,0.7093023296267162,0.6983400368211078,0.7002320636985402,0.6909573612533283,0.10117117947095575
2012-07-17,0.7183082678908952,0.7095592205859663,0.7118329916701085,0.7040074233946981,0.12415151341325839
2012-07-18,0.7257182259031334,0.7161991955814672,0.7255220017088251,0.7140547165654384,0.08362811271088677
2012-07-19,0.7575239814514914,0.7493989832161622,0.7402552297972285,0.7250260132043417,0.031527342489311175
2012-07-20,0.7436160789922379,0.7420721443738195,0.7495360075777058,0.7497401763395463,0.11626388360169121
2012-07-21,0.7436160789922379,0.7420721443738195,0.7495360075777058,0.7497401763395463,0.11626388360169121
2012-07-22,0.7436160789922379,0.7420721443738195,0.7495360075777058,0.7497401763395463,0.11626388360169121
2012-07-23,0.7059963456835823,0.7345162926873238,0.7176334556558925,0.7426954759205991,0.14012609314622737
2012-07-24,0.7101003197526865,0.7053233563972209,0.712064971285995,0.7015822116600569,0.15143055635225658
2012-07-25,0.7154582907303728,0.7084144183936268,0.7052203777585804,0.7033144428209305,0.13966081975030523
2012-07-26,0.7202462314861942,0.7211219236170544,0.7194895581071543,0.7137082703332637,0.10712528833334203
2012-07-27,0.7286821395285084,0.7208929107729013,0.7317865134344386,0.7175193551060223,0.09380560610985667
2012-07-28,0.7286821395285084,0.7208929107729013,0.7317865134344386,0.7175193551060223,0.09380560610985667
2012-07-29,0.7286821395285084,0.7208929107729013,0.7317865134344386,0.7175193551060223,0.09380560610985667
2012-07-30,0.724692188898657,0.726617009077407,0.7341067521335862,0.7257189056686913,0.08261297075614749
2012-07-31,0.7050843321183589,0.7191757511557965,0.7106728280665064,0.7202910130728385,0.13577813354099708
2012-08-01,0.7147743240436555,0.7096737270080428,0.7129930667656541,0.7013511887656615,0.1348238305732713
2012-08-02,0.6944824136022396,0.7115053930472243,0.7061484732382393,0.7110521238136452,0.14727786092439338
2012-08-03,0.7431600722096263,0.7356610948796632,0.709744821094904,0.692458745738643,0.14674769260899015
2012-08-04,0.7431600722096263,0.7356610948796632,0.709744821094904,0.692458745738643,0.14674769260899015
2012-08-05,0.7431600722096263,0.7356610948796632,0.709744821094904,0.692458745738643,0.14674769260899015
2012-08-06,0.7522799469386576,0.7424155762972405,0.7491879053917911,0.7395772836121902,0.08451288540773999
2012-08-07,0.7690378265584334,0.7663422652855264,0.7625289902607062,0.7477769222842773,0.12254478473717847
2012-08-08,0.7653898592719408,0.7697767592053534,0.774593965972104,0.7634831309452655,0.1282920410437189
2012-08-09,0.7655038827111937,0.763938154478771,0.7774941979649961,0.7637140657302427,0.12174808371676382
2012-08-10,0.7599179518294021,0.7600458095562553,0.7617169288430186,0.7640605119624174,0.10197541293738163
2012-08-11,0.7599179518294021,0.7600458095562553,0.7617169288430186,0.7640605119624174,0.10197541293738163
2012-08-12,0.7599179518294021,0.7600458095562553,0.7617169288430186,0.7640605119624174,0.10197541293738163
2012-08-13,0.7583219715774616,0.7631367842098525,0.7656612903775413,0.7616353002277761,0.1342814944604654
2012-08-14,0.766301872837164,0.7606181669810207,0.7715776999172406,0.755399003720376,0.08801083745155333
2012-08-15,0.7765618080099248,0.7718374380886878,0.7729698431367289,0.7616353002277761,0.13507819548088004
2012-08-16,0.7910396537166422,0.7815683877377858,0.7874710031011896,0.7727220202044588,0.09508959844530315
2012-08-17,0.7957136580076112,0.7876359179657125,0.7996520128745588,0.7845017207549091,0.06609721374822047
2012-08-18,0.7957136580076112,0.7876359179657125,0.7996520128745588,0.7845017207549091,0.06609721374822047
2012-08-19,0.7957136580076112,0.7876359179657125,0.7996520128745588,0.7845017207549091,0.06609721374822047
2012-08-20,0.7952576512249996,0.7904979671179656,0.800115972106332,0.7975516947868609,0.03754229033871092
2012-08-21,0.8033515759239551,0.8027475339958955,0.8092807158248376,0.7930477175497529,0.09947232318596971
2012-08-22,0.8099635438102233,0.8020606701490535,0.8145011865168774,0.8042499489736333,0.09787486521267283
2012-08-23,0.7986775716329861,0.8106468176058123,0.8085846884691217,0.8084074799785664,0.10234855872439766
2012-08-24,0.7973096382595517,0.7978248059603082,0.8046404154426554,0.7940870562462771,0.09022421774099626
2012-08-25,0.7973096382595517,0.7978248059603082,0.8046404154426554,0.7940870562462771,0.09022421774099626
2012-08-26,0.7973096382595517,0.7978248059603082,0.8046404154426554,0.7940870562462771,0.09022421774099626
2012-08-27,0.7895576969039548,0.8041213490323881,0.7930394874710871,0.8011317566652242,0.10564429356375665
2012-08-28,0.7993616252941038,0.790612473540042,0.8015081153258203,0.7894676556713897,0.08687923229310254
2012-08-29,0.7897856568080603,0.7886663010787841,0.7970997945595248,0.7943180791406724,0.0795953570002787
2012-08-30,0.7798677919530588,0.7798511407778724,0.7877029827170761,0.7853101246664563,0.08340098049270309
2012-08-31,0.8009576055460443,0.7949627568080554,0.7941995625666327,0.7789583167118587,0.11620072693898198
2012-09-01,0.8009576055460443,0.7949627568080554,0.7941995625666327,0.7789583167118587,0.11620072693898198
2012-09-02,0.8009576055460443,0.7949627568080554,0.7941995625666327,0.7789583167118587,0.11620072693898198
2012-09-03,0.8009576055460443,0.7949627568080554,0.7941995625666327,0.7789583167118587,0.11620072693898198
2012-09-04,0.7876197333086559,0.8001144976877957,0.7995359788125873,0.7977826295718381,0.12030533059615833
2012-09-05,0.788303699995373,0.7847738688134597,0.7912993305737406,0.7888901865448196,0.10691901519642011
2012-09-06,0.7902416635906719,0.8040068426103114,0.7951275695382352,0.7933941637819276,0.16140641196569608
2012-09-07,0.8003875753241796,0.792902077924721,0.7892111599985361,0.7783808475852888,0.1416737210920656
2012-09-08,0.8003875753241796,0.792902077924721,0.7892111599985361,0.7783808475852888,0.1416737210920656
2012-09-09,0.8003875753241796,0.792902077924721,0.7892111599985361,0.7783808475852888,0.1416737210920656
2012-09-10,0.8017555956720146,0.7916427693103049,0.8038282655169116,0.7961658217487438,0.10051759492475376
2012-09-11,0.8089375068057467,0.7994275464981452,0.8124130159416727,0.7967432908753137,0.10052338911399314
2012-09-12,0.8071135666497009,0.8080136939549037,0.8150811798106219,0.8032105221676907,0.10140526471622668
2012-09-13,0.821933395699777,0.8139668051035626,0.8174014185097693,0.8041344375264355,0.14053168639298394
2012-09-14,0.8297993604946268,0.8350314449395956,0.834570742343179,0.8169534767734102,0.12937149849901527
2012-09-15,0.8297993604946268,0.8350314449395956,0.834570742343179,0.8169534767734102,0.12937149849901527
2012-09-16,0.8297993604946268,0.8350314449395956,0.834570742343179,0.8169534767734102,0.12937149849901527
2012-09-17,0.802667609237238,0.8247280505229236,0.7958236854020078,0.8297725160203849,0.15050870084427131
2012-09-18,0.7875057098694027,0.7985117571499588,0.8011601016479624,0.8015937143445965,0.085577277971014
2012-09-19,0.7497720400958945,0.7863766093512966,0.756380512597064,0.7875043135067025,0.048971908032310725
2012-09-20,0.7485180431873126,0.742873514642738,0.7495360075777058,0.7445432185286706,0.11358754759202186
2012-09-21,0.7601459117335077,0.7597022902900258,0.7719257135950985,0.7579397269022151,0.07678459580025576
2012-09-22,0.7601459117335077,0.7597022902900258,0.7719257135950985,0.7579397269022151,0.07678459580025576
2012-09-23,0.7601459117335077,0.7597022902900258,0.7719257135950985,0.7579397269022151,0.07678459580025576
2012-09-24,0.7492020098740297,0.7521465259463386,0.754176307959888,0.7608268963162289,0.08100218614760002
2012-09-25,0.7428180888662679,0.7523754514476831,0.7484918780360752,0.7484698147486267,0.11038394036156901
2012-09-26,0.7269722228117153,0.7310817987674968,0.7296983428592341,0.7335720099991855,0.12952388567601095
2012-09-27,0.7482899963088063,0.7431024401440826,0.740487209413115,0.7250260132043417,0.10937864852853668
2012-09-28,0.7521660104738053,0.7467658595652539,0.7581206694944105,0.751241472715443,0.09367987220336213
2012-09-29,0.7521660104738053,0.7467658595652539,0.7581206694944105,0.751241472715443,0.09367987220336213
2012-09-30,0.7521660104738053,0.7467658595652539,0.7581206694944105,0.751241472715443,0.09367987220336213
2012-10-01,0.7554719944169392,0.753863772906252,0.7564965466590354,0.748931772427999,0.09704629615144156
2012-10-02,0.7487460030914181,0.7493989832161622,0.7606728878094446,0.7519344532892106,0.07486787799986905
2012-10-03,0.7059963456835823,0.7365769715706582,0.7151971828947736,0.7430419221527739,0.16860511267670106
2012-10-04,0.7466940160568658,0.7368058970720027,0.7176334556558925,0.7011202539806843,0.1407252123135792
2012-10-05,0.725832162367986,0.7353176629562422,0.7303944587230067,0.7415406257768772,0.13362269514394795
2012-10-06,0.725832162367986,0.7353176629562422,0.7303944587230067,0.7415406257768772,0.13362269514394795
2012-10-07,0.725832162367986,0.7353176629562422,0.7303944587230067,0.7415406257768772,0.13362269514394795
2012-10-08,0.719562264799477,0.7144819486215536,0.7211136809425294,0.722369778575305,0.08933017434136004
2012-10-09,0.7544459574124629,0.7490555512927414,0.7336427043937568,0.7197136320556866,0.1909324414917256
2012-10-10,0.7414500685184329,0.7576416987494999,0.7537122602200583,0.7502021340189186,0.14774371373923947
2012-10-11,0.7507979901259703,0.7493989832161622,0.754524321637746,0.738768879700643,0.1457649981139914
2012-10-12,0.7484040197480595,0.7459644892963354,0.7553364715634898,0.7519344532892106,0.0868815499687983
2012-10-13,0.7484040197480595,0.7459644892963354,0.7553364715634898,0.7519344532892106,0.0868815499687983
2012-10-14,0.7484040197480595,0.7459644892963354,0.7553364715634898,0.7519344532892106,0.0868815499687983
2012-10-15,0.7482899963088063,0.7409272548386715,0.7394431683795408,0.7429264107055763,0.12776187272831568
2012-10-16,0.7510259500300758,0.7423010698751641,0.7569605943988649,0.744427795190891,0.10643983574632343
2012-10-17,0.751368020347835,0.7483686001030908,0.759860826391757,0.748123368516452,0.10303632898711199
2012-10-18,0.7511399734693287,0.7453920445287613,0.7495360075777058,0.7478923456220566,0.07888093346706324
2012-10-19,0.7277702129376855,0.7506582918305781,0.7399072161193705,0.7476614108370795,0.043532902593305285
2012-10-20,0.7277702129376855,0.7506582918305781,0.7399072161193705,0.7476614108370795,0.043532902593305285
2012-10-21,0.7277702129376855,0.7506582918305781,0.7399072161193705,0.7476614108370795,0.043532902593305285
2012-10-22,0.7127223370091034,0.7248998494603022,0.7209976468805579,0.7185586938025464,0.13164629719439563
2012-10-23,0.6892384660638065,0.7076130481247084,0.691879381397722,0.7141702280126362,0.15121443309362773
2012-10-24,0.6785226110828348,0.6867773337900197,0.6831786854190456,0.684836576193126,0.144648457847563
2012-10-25,0.6821705783693275,0.678534618256682,0.6865429651517672,0.6738653676636409,0.09280089369574829
2012-10-26,0.6847925086513436,0.6741843349886688,0.6838747127747615,0.6779073872213766,0.09494474371431866
2012-10-27,0.6847925086513436,0.6741843349886688,0.6838747127747615,0.6779073872213766,0.09494474371431866
2012-10-28,0.6847925086513436,0.6741843349886688,0.6838747127747615,0.6779073872213766,0.09494474371431866
2012-10-29,0.6847925086513436,0.6741843349886688,0.6838747127747615,0.6779073872213766,0.09494474371431866
2012-10-30,0.6847925086513436,0.6741843349886688,0.6838747127747615,0.6779073872213766,0.09494474371431866
2012-10-31,0.684336501868732,0.683571852714346,0.6909512859180629,0.6747892830223856,0.09506004808018231
2012-11-01,0.694026406819628,0.6862048890224458,0.694547545266671,0.6790622373650984,0.08613815548938591
2012-11-02,0.6686046592534327,0.6841442101391113,0.6799304397482955,0.6884167261809074,0.1441565311811397
2012-11-03,0.6686046592534327,0.6841442101391113,0.6799304397482955,0.6884167261809074,0.1441565311811397
2012-11-04,0.6686046592534327,0.6841442101391113,0.6799304397482955,0.6884167261809074,0.1441565311811397
2012-11-05,0.6776105975176114,0.668803668607584,0.6762180578296595,0.6623166900075858,0.10017052298931495
2012-11-06,0.7124942901305973,0.7068116778557899,0.6887470812808869,0.6740963024486181,0.147701416157792
2012-11-07,0.6638167184976111,0.7020034562422791,0.6728538666049941,0.7058551660027695,0.21652595478098835
2012-11-08,0.6712265895354488,0.6665139768800965,0.6748260031182274,0.660815305522271,0.14374398490729587
2012-11-09,0.682398538273433,0.6787635437580265,0.6737818735765968,0.6663587095653215,0.15869531082059046
2012-11-10,0.682398538273433,0.6787635437580265,0.6737818735765968,0.6663587095653215,0.15869531082059046
2012-11-11,0.682398538273433,0.6787635437580265,0.6737818735765968,0.6663587095653215,0.15869531082059046
2012-11-12,0.6766985839523882,0.6761305074499268,0.6870069243835402,0.6801016641710408,0.13452600924636718
2012-11-13,0.674532573478583,0.6693760260323495,0.6788863102066649,0.6731723870898733,0.17598748918659435
2012-11-14,0.6852485154339554,0.6773898160643427,0.6830626513570741,0.6706317520174524,0.12561222852050594
2012-11-15,0.6753305636045532,0.6794504949476771,0.680162419364182,0.6820649182263099,0.06928807376234669
2012-11-16,0.6892384660638065,0.6815111738310115,0.6841066923906483,0.66959232521151,0.1290325384285116
2012-11-17,0.6892384660638065,0.6815111738310115,0.6841066923906483,0.66959232521151,0.1290325384285116
2012-11-18,0.6892384660638065,0.6815111738310115,0.6841066923906483,0.66959232521151,0.1290325384285116
2012-11-19,0.7189922345776123,0.7134516528512908,0.7083526778754154,0.6929207034180155,0.11505058037496516
2012-11-20,0.6901504796290299,0.7064682459323689,0.6974477772595631,0.7142857394598338,0.15882683891632438
2012-11-21,0.697332390762762,0.6915855554035305,0.6997680159587105,0.6926896805236201,0.0999289052980328
2012-11-22,0.697332390762762,0.6915855554035305,0.6997680159587105,0.6926896805236201,0.0999289052980328
2012-11-23,0.7075923259355228,0.6989123942458731,0.7037122889851768,0.697309169207926,0.032695451039970055
2012-11-24,0.7075923259355228,0.6989123942458731,0.7037122889851768,0.697309169207926,0.032695451039970055
2012-11-25,0.7075923259355228,0.6989123942458731,0.7037122889851768,0.697309169207926,0.032695451039970055
2012-11-26,0.7014363648318662,0.696164851515697,0.710208780326677,0.7034299542681283,0.06262185904244069
2012-11-27,0.6950524438241044,0.6957069131701995,0.7051044322046653,0.6989259770310202,0.09383921240744508
2012-11-28,0.6871864790292543,0.6852890123314508,0.6880510539251707,0.6932671496501902,0.11659531122618372
2012-11-29,0.705198355557612,0.7007441476278632,0.7018561865339152,0.6844901299609513,0.12834940351718876
2012-11-30,0.7147743240436555,0.7041785542048816,0.7125290190258244,0.6970782344229488,0.09716275935515309
2012-12-01,0.7147743240436555,0.7041785542048816,0.7125290190258244,0.6970782344229488,0.09716275935515309
2012-12-02,0.7147743240436555,0.7041785542048816,0.7125290190258244,0.6970782344229488,0.09716275935515309
2012-12-03,0.716826224103807,0.7195191830792175,0.7263341516345689,0.7108211009192499,0.10862424508956947
2012-12-04,0.7101003197526865,0.7063537395102925,0.71368909412137,0.7117450162779947,0.09140275583228605
2012-12-05,0.7030323450838067,0.704865505394532,0.712412984963853,0.7067790813615143,0.0998535808379209
2012-12-06,0.684564548747238,0.6954779876688549,0.6917633473357503,0.6995034461575901,0.12792237177024648
2012-12-07,0.6808025580214925,0.68048079071794,0.6928073883693244,0.6824113644584846,0.11384249191855456
2012-12-08,0.6808025580214925,0.68048079071794,0.6928073883693244,0.6824113644584846,0.11384249191855456
2012-12-09,0.6808025580214925,0.68048079071794,0.6928073883693244,0.6824113644584846,0.11384249191855456
2012-12-10,0.6765845605131351,0.678878050180103,0.6877030402473128,0.6776764524363994,0.09449569404826677
2012-12-11,0.679206577769552,0.6741843349886688,0.6863108970278242,0.6744427486807928,0.0981205388364225
2012-12-12,0.6903784395331354,0.6891814445967751,0.6917633473357503,0.6743273253430133,0.1459191235477589
2012-12-13,0.6803465512388809,0.681053235485514,0.6932714361091539,0.686799830248395,0.10423804383535928
2012-12-14,0.6899225197249244,0.68048079071794,0.696055722548131,0.6794086835972731,0.0983557829195413
2012-12-15,0.6899225197249244,0.68048079071794,0.696055722548131,0.6794086835972731,0.0983557829195413
2012-12-16,0.6899225197249244,0.68048079071794,0.696055722548131,0.6794086835972731,0.0983557829195413
2012-12-17,0.6952804037282099,0.6895248765201961,0.7010441251162276,0.6880701918393145,0.06298863122129342
2012-12-18,0.7036023753056715,0.6946766173999365,0.7095127529709608,0.6946529345788891,0.02585019587256724
2012-12-19,0.7216142518340292,0.7145964550436302,0.7164732920522907,0.7003118500691373,0.1069416125344537
2012-12-20,0.7286821395285084,0.7219232938859729,0.7332946907158986,0.7205220359672336,0.07510891627222724
2012-12-21,0.7119243468831331,0.716542627504888,0.7182134489496372,0.724333032630574,0.07640159989153278
2012-12-22,0.7119243468831331,0.716542627504888,0.7182134489496372,0.724333032630574,0.07640159989153278
2012-12-23,0.7119243468831331,0.716542627504888,0.7182134489496372,0.724333032630574,0.07640159989153278
2012-12-24,0.7113543166612684,0.7026903200891211,0.7209976468805579,0.7079339315052361,0.0
2012-12-25,0.7113543166612684,0.7026903200891211,0.7209976468805579,0.7079339315052361,0.0
2012-12-26,0.738372131453805,0.7306239477648081,0.7255220017088251,0.7081649543996315,0.0539334722779913
2012-12-27,0.7371181345452229,0.732226688302645,0.7424594344344044,0.735650775501652,0.060407319915149894
2012-12-28,0.7363201444192529,0.7327990457274104,0.7455916460431831,0.7373830947719441,0.048009493199649804
2012-12-29,0.7363201444192529,0.7327990457274104,0.7455916460431831,0.7373830947719441,0.048009493199649804
2012-12-30,0.7363201444192529,0.7327990457274104,0.7455916460431831,0.7373830947719441,0.048009493199649804
2012-12-31,0.7479480129654479,0.7385231440319161,0.7418793526326035,0.7288370979771003,0.04114395836990916
2013-01-01,0.7479480129654479,0.7385231440319161,0.7418793526326035,0.7288370979771003,0.04114395836990916
2013-01-02,0.7627679289899245,0.7600458095562553,0.759976771945672,0.7446587299758681,0.09001215041483498
2013-01-03,0.7604878950768661,0.7535203409828312,0.7707656384995529,0.757708792117238,0.0818695762767351
2013-01-04,0.7624258586721653,0.7524899578697596,0.7595127242058426,0.7571313229906681,0.09399971144937588
2013-01-05,0.7624258586721653,0.7524899578697596,0.7595127242058426,0.7571313229906681,0.09399971144937588
2013-01-06,0.7624258586721653,0.7524899578697596,0.7595127242058426,0.7571313229906681,0.09399971144937588
2013-01-07,0.7635659191158948,0.7540926984075965,0.7699535770818655,0.7611733425484036,0.06824164318571477
2013-01-08,0.7631099123332832,0.7592444392873369,0.7728538090747574,0.7624437041393232,0.08537795786117935
2013-01-09,0.7625398821114184,0.7575271923274235,0.7729698431367289,0.7604804500840542,0.0885751914834689
2013-01-10,0.7707478302496269,0.7695477463612003,0.7776102320269676,0.7609424077634265,0.13371771984747377
2013-01-11,0.7677838296498514,0.7630222777877761,0.7726218294588709,0.7687955120939208,0.12127527787483044
2013-01-12,0.7677838296498514,0.7630222777877761,0.7726218294588709,0.7687955120939208,0.12127527787483044
2013-01-13,0.7677838296498514,0.7630222777877761,0.7726218294588709,0.7687955120939208,0.12127527787483044
2013-01-14,0.7743957975361195,0.7648540311697661,0.7761020547455075,0.7672941276086059,0.1159324559771987
2013-01-15,0.7645918691459705,0.7665712781296795,0.7792343548623426,0.7726065087572612,0.1156636055964915
2013-01-16,0.7755357710054485,0.7656554014386846,0.7778422116428543,0.763367619498068,0.1118365436038814
2013-01-17,0.7897856568080603,0.7848883752355363,0.785962914327786,0.7724910854194816,0.07519061434050248
2013-01-18,0.7905836469340306,0.7806525110467909,0.7988399514568714,0.7840397630755368,0.04057844550014573
2013-01-19,0.7905836469340306,0.7806525110467909,0.7988399514568714,0.7840397630755368,0.04057844550014573
2013-01-20,0.7905836469340306,0.7806525110467909,0.7988399514568714,0.7840397630755368,0.04057844550014573
2013-01-21,0.7905836469340306,0.7806525110467909,0.7988399514568714,0.7840397630755368,0.04057844550014573
2013-01-22,0.7983355882896275,0.7890097330022051,0.7996520128745588,0.7847326555398862,0.10885833033484041
2013-01-23,0.7868217431826856,0.7949627568080554,0.7993039106886444,0.8021711834711666,0.15614876464988323
2013-01-24,0.7950296043464935,0.792215214077879,0.8012761357099338,0.7876198249539,0.10633438150216673
2013-01-25,0.7942316142205232,0.7908413990413864,0.8048723950585421,0.7928166946553575,0.07900782621140565
2013-01-26,0.7942316142205232,0.7908413990413864,0.8048723950585421,0.7928166946553575,0.07900782621140565
2013-01-27,0.7942316142205232,0.7908413990413864,0.8048723950585421,0.7928166946553575,0.07900782621140565
2013-01-28,0.8006156222026859,0.7937034481936395,0.8053364427983716,0.7938561214612999,0.06875964370371529
2013-01-29,0.8134974876574628,0.8052661512247273,0.8148492001947354,0.7987065449305827,0.11844191933677392
2013-01-30,0.8177154851658202,0.8100743728382381,0.8267981418441617,0.8086384147635436,0.094306803479063
2013-01-31,0.8125854740922394,0.8077847684535594,0.8212296574742641,0.8160295614146654,0.10552029791403394
2013-02-01,0.8157774345961204,0.8090440770679753,0.8174014185097693,0.8097932649072656,0.12849136115355356
2013-02-02,0.8157774345961204,0.8090440770679753,0.8174014185097693,0.8097932649072656,0.12849136115355356
2013-02-03,0.8157774345961204,0.8090440770679753,0.8174014185097693,0.8097932649072656,0.12849136115355356
2013-02-04,0.7975375981636572,0.8045792873778855,0.8102088113044967,0.8132579034478492,0.08601995402890258
2013-02-05,0.8028955691413435,0.7966800037679688,0.8104408794284397,0.7948954601578243,0.08130696050159139
2013-02-06,0.802667609237238,0.7957641270769739,0.800348040230275,0.8007853104330495,0.13575032143264806
2013-02-07,0.7936616709730591,0.7982827443058057,0.806148504216059,0.8033260336148885,0.1315037601391069
2013-02-08,0.7924076740644772,0.7909559054634631,0.8030162040992239,0.7924702484231828,0.10471606444760806
2013-02-09,0.7924076740644772,0.7909559054634631,0.8030162040992239,0.7924702484231828,0.10471606444760806
2013-02-10,0.7924076740644772,0.7909559054634631,0.8030162040992239,0.7924702484231828,0.10471606444760806
2013-02-11,0.8073415265538064,0.7969089292693131,0.7995359788125873,0.7909689520472861,0.1364183914519485
2013-02-12,0.8128135209707457,0.8049227193013065,0.8193735550230026,0.8044808837586103,0.1108312517708491
2013-02-13,0.8071135666497009,0.8085861387224779,0.8187934732212014,0.8117565189625345,0.11467917284472096
2013-02-14,0.8105334870576872,0.8040068426103114,0.8204175960565765,0.8069060954932518,0.07305487618686723
2013-02-15,0.7940036543164177,0.801259299880135,0.802320176743508,0.8088693495485207,0.1014423475273587
2013-02-16,0.7940036543164177,0.801259299880135,0.802320176743508,0.8088693495485207,0.1014423475273587
2013-02-17,0.7940036543164177,0.801259299880135,0.802320176743508,0.8088693495485207,0.1014423475273587
2013-02-18,0.7940036543164177,0.801259299880135,0.802320176743508,0.8088693495485207,0.1014423475273587
2013-02-19,0.8031236160198496,0.7927876588454529,0.8027842244833374,0.7930477175497529,0.04043822612055275
2013-02-20,0.7780437648226122,0.7966800037679688,0.7873549690392181,0.8010163333274446,0.1682928058766985
2013-02-21,0.7595758815116429,0.7720663635900323,0.772389761334928,0.7786118704796839,0.13785419154546671
2013-02-22,0.7628818654547769,0.7555810198661655,0.7701856452058085,0.7582861731343898,0.0902398620519426
2013-02-23,0.7628818654547769,0.7555810198661655,0.7701856452058085,0.7582861731343898,0.0902398620519426
2013-02-24,0.7628818654547769,0.7555810198661655,0.7701856452058085,0.7582861731343898,0.0902398620519426
2013-02-25,0.7626539055506714,0.7668002036310241,0.7658932699934278,0.761404365442799,0.0979235364022836
2013-02-26,0.7571819111337321,0.7551230815206681,0.7641531130960812,0.7462755377989624,0.10563965821236515
2013-02-27,0.7586639549208203,0.7543217112517496,0.7671693791509449,0.7555145151675738,0.08864877768680901
2013-02-28,0.7505700302218647,0.7521465259463386,0.7600928060076435,0.7574777692228428,0.09827118775664637
2013-03-01,0.7349521240714179,0.7382942185305718,0.742343400372433,0.744427795190891,0.11585481384139101
2013-03-02,0.7349521240714179,0.7382942185305718,0.742343400372433,0.744427795190891,0.11585481384139101
2013-03-03,0.7349521240714179,0.7382942185305718,0.742343400372433,0.744427795190891,0.11585481384139101
2013-03-04,0.7285682030636558,0.7261591580747181,0.7341067521335862,0.732301648408266,0.10579726015967628
2013-03-05,0.7365481043233582,0.7270749474229047,0.74211133224849,0.7267583324746337,0.09349387872877807
2013-03-06,0.7321021469108955,0.7291356263062391,0.7366589704486204,0.733687521446383,0.11336447130630575
2013-03-07,0.7449840123656724,0.7355466758003953,0.7444315709476375,0.7289525213148799,0.10800658451665163
2013-03-08,0.7494299697781353,0.7389810823774136,0.7515081440909388,0.7405011989709348,0.09933847741454005
2013-03-09,0.7494299697781353,0.7389810823774136,0.7515081440909388,0.7405011989709348,0.09933847741454005
2013-03-10,0.7494299697781353,0.7389810823774136,0.7515081440909388,0.7405011989709348,0.09933847741454005
2013-03-11,0.7506839666867171,0.7403548974139061,0.7522041714466547,0.7452361991024382,0.08464789001701753
2013-03-12,0.7561559611036563,0.7554665134440889,0.7604408196855017,0.7465065606933577,0.13593052071799275
2013-03-13,0.7559279142251503,0.7546651431751704,0.7640371675421662,0.7543596650238519,0.1175177461530929
2013-03-14,0.7617418919854482,0.752947896215257,0.7651972426377118,0.7530893034329323,0.07311397691710891
2013-03-15,0.7665298327412695,0.7597022902900258,0.7766821365473087,0.7604804500840542,0.07364124813789244
2013-03-16,0.7665298327412695,0.7597022902900258,0.7766821365473087,0.7604804500840542,0.07364124813789244
2013-03-17,0.7665298327412695,0.7597022902900258,0.7766821365473087,0.7604804500840542,0.07364124813789244
2013-03-18,0.7698358166844037,0.7608471798251738,0.7622970106448197,0.7617508116749737,0.0595016881370349
2013-03-19,0.7518240271304466,0.7625643394422786,0.7654292222535983,0.7679871081823736,0.027974345647723727
2013-03-20,0.7609439018594779,0.7535203409828312,0.7661252496093143,0.7482387918542314,0.10329532924611223
2013-03-21,0.75512992409918,0.7561533772909309,0.7632250176164221,0.763367619498068,0.09596046508798187
2013-03-22,0.769493833341045,0.7608471798251738,0.7689095360482914,0.7510105379304658,0.0893174271250334
2013-03-23,0.769493833341045,0.7608471798251738,0.7689095360482914,0.7510105379304658,0.0893174271250334
2013-03-24,0.769493833341045,0.7608471798251738,0.7689095360482914,0.7510105379304658,0.0893174271250334
2013-03-25,0.7820337154524635,0.7804235855454466,0.7848027507241839,0.7670631928236288,0.1287092226689542
2013-03-26,0.7994755617589564,0.7895820904269705,0.7960556650178943,0.7789583167118587,0.0960844607377046
2013-03-27,0.8022116024546262,0.7940468801170603,0.8066125519558887,0.7954729292843942,0.09227883724528022
2013-03-28,0.8096215604668646,0.7998854848436426,0.8145011865168774,0.8012472681124218,0.0729337776317642
2013-03-29,0.8096215604668646,0.7998854848436426,0.8145011865168774,0.8012472681124218,0.0729337776317642
2013-03-30,0.8096215604668646,0.7998854848436426,0.8145011865168774,0.8012472681124218,0.0729337776317642
2013-03-31,0.8096215604668646,0.7998854848436426,0.8145011865168774,0.8012472681124218,0.0729337776317642
2013-04-01,0.807797533336418,0.805037225723383,0.8105568249823547,0.8091003724429161,0.08336679477619074
2013-04-02,0.809165553684253,0.8009158679567142,0.8104408794284397,0.8049428414379828,0.09349561698554987
2013-04-03,0.777929741383359,0.7954206951535528,0.7903712350940815,0.8041344375264355,0.1470095899626101
2013-04-04,0.764363909241865,0.7711504868990372,0.7664733517952287,0.7760711472978449,0.17776862295877957
2013-04-05,0.7579799012597024,0.7566113156364284,0.7640371675421662,0.7629056618186957,0.12675368380066368
2013-04-06,0.7579799012597024,0.7566113156364284,0.7640371675421662,0.7629056618186957,0.12675368380066368
2013-04-07,0.7579799012597024,0.7566113156364284,0.7640371675421662,0.7629056618186957,0.12675368380066368
2013-04-08,0.7655038827111937,0.7586719945197627,0.770417624821695,0.7589790655987395,0.09479351537517086
2013-04-09,0.7750797642228366,0.767029216475177,0.7750580137119336,0.7644069581945921,0.1078901213129401
2013-04-10,0.7800957518571643,0.7709215613976929,0.7813225254375473,0.769834850790445,0.11590754096346939
2013-04-11,0.7672138864023874,0.7688608825143585,0.7773781639030246,0.7767640397621945,0.10077427750805826
2013-04-12,0.7419060753010445,0.7560388708688545,0.7450115642413822,0.7644069581945921,0.1605361247419413
2013-04-13,0.7419060753010445,0.7560388708688545,0.7450115642413822,0.7644069581945921,0.1605361247419413
2013-04-14,0.7419060753010445,0.7560388708688545,0.7450115642413822,0.7644069581945921,0.1605361247419413
2013-04-15,0.7124942901305973,0.7269605283436366,0.7093967189089894,0.7350733063750822,0.18194217746790453
2013-04-16,0.7126083135698502,0.7038351222814606,0.696171668102046,0.6943064883467144,0.13841970441523013
2013-04-17,0.6893524895030596,0.7053233563972209,0.696171668102046,0.7102437199020982,0.14239683590914015
2013-04-18,0.7013224283670139,0.6986834687445288,0.6909512859180629,0.6824113644584846,0.10411230992886475
2013-04-19,0.7045143888708949,0.7018889498202027,0.7135730600593986,0.7052777849856177,0.03020858501842842
2013-04-20,0.7045143888708949,0.7018889498202027,0.7135730600593986,0.7052777849856177,0.03020858501842842
2013-04-21,0.7045143888708949,0.7018889498202027,0.7135730600593986,0.7052777849856177,0.03020858501842842
2013-04-22,0.713064320352462,0.7057812947427186,0.7134571145054835,0.7005427848541145,0.11021359119793125
2013-04-23,0.7178522611082834,0.7111619611238033,0.7163573464983757,0.7157870358357304,0.13922567613842782
2013-04-24,0.743502055552985,0.7354321693783187,0.7327146089140977,0.7194826091612913,0.12122602726629572
2013-04-25,0.7686958432150748,0.7600458095562553,0.7547563897616889,0.7423490296884244,0.12840213063926711
2013-04-26,0.7613999086420895,0.756725822058505,0.7657772359314563,0.7615197887805784,0.11150917191185647
2013-04-27,0.7613999086420895,0.756725822058505,0.7657772359314563,0.7615197887805784,0.11150917191185647
2013-04-28,0.7613999086420895,0.756725822058505,0.7657772359314563,0.7615197887805784,0.11150917191185647
2013-04-29,0.7784997716052238,0.7694333272819324,0.770069611143837,0.7552834922731785,0.09623684791470027
2013-04-30,0.7666438561805227,0.7686319570130139,0.7750580137119336,0.7751472319391003,0.13267708346008122
2013-05-01,0.7389420747012689,0.7530624026373335,0.7431554617901206,0.7596720461725072,0.16447733226256717
2013-05-02,0.7726857938449261,0.7643960928242687,0.7494199735157343,0.735650775501652,0.15197694839753007
2013-05-03,0.7911536771558954,0.7848883752355363,0.7831786278888089,0.7701812970226197,0.1442787885740906
2013-05-04,0.7911536771558954,0.7848883752355363,0.7831786278888089,0.7701812970226197,0.1442787885740906
2013-05-05,0.7911536771558954,0.7848883752355363,0.7831786278888089,0.7701812970226197,0.1442787885740906
2013-05-06,0.7974236616988049,0.7978248059603082,0.7981438355930988,0.7885437403126448,0.1289137575491043
2013-05-07,0.7912677005951485,0.7874069924643682,0.7989558970107864,0.7909689520472861,0.12261952977836646
2013-05-08,0.802667609237238,0.7932455098481418,0.802668190421366,0.7883127174182495,0.1319910514541387
2013-05-09,0.8000455919808211,0.7932455098481418,0.803944299578883,0.8003233527536769,0.12960442490643834
2013-05-10,0.7960556413509698,0.7871779796202151,0.7809745117596891,0.7952419944994172,0.17707216141220616
2013-05-11,0.7960556413509698,0.7871779796202151,0.7809745117596891,0.7952419944994172,0.17707216141220616
2013-05-12,0.7960556413509698,0.7871779796202151,0.7809745117596891,0.7952419944994172,0.17707216141220616
2013-05-13,0.7861376895215677,0.7822552515846278,0.7937355148268033,0.7906225058151114,0.14399719097705677
2013-05-14,0.7751937876620898,0.780538091967523,0.7865429076215305,0.7810370822143254,0.12798610785187967
2013-05-15,0.7762198246665661,0.7665712781296795,0.7665892973491437,0.771798104845714,0.18087604664785872
2013-05-16,0.7860237530567153,0.7795077088544514,0.7793503889243141,0.7742233165803555,0.14447637042715342
2013-05-17,0.7958275944724638,0.7895820904269705,0.7974478082373828,0.7835778053961645,0.08067713213127084
2013-05-18,0.7958275944724638,0.7895820904269705,0.7974478082373828,0.7835778053961645,0.08067713213127084
2013-05-19,0.7958275944724638,0.7895820904269705,0.7974478082373828,0.7835778053961645,0.08067713213127084
2013-05-20,0.8036935592673138,0.7971379421134662,0.8025522448674509,0.7925857598703804,0.04062016366266926
2013-05-21,0.7974236616988049,0.7955352015756293,0.8056844564762295,0.8014782028973989,0.12205054039505941
2013-05-22,0.77599177778806,0.7866056221954497,0.7883990985808484,0.7922393136382057,0.16686164113457178
2013-05-23,0.7756497944447014,0.7668002036310241,0.7675173928288028,0.7723755739722841,0.15940799609703413
2013-05-24,0.7745098209753727,0.7659988333621056,0.7771461842871381,0.7745698509219484,0.09008515719925117
2013-05-25,0.7745098209753727,0.7659988333621056,0.7771461842871381,0.7745698509219484,0.09008515719925117
2013-05-26,0.7745098209753727,0.7659988333621056,0.7771461842871381,0.7745698509219484,0.09008515719925117
2013-05-27,0.7745098209753727,0.7659988333621056,0.7771461842871381,0.7745698509219484,0.09008515719925117
2013-05-28,0.7843137493655217,0.7835145601990438,0.7793503889243141,0.769026446878898,0.11152307796603098
2013-05-29,0.7628818654547769,0.7755008575098591,0.7747100000340756,0.7824229552524425,0.14192576832397863
2013-05-30,0.7683538598717161,0.7614195372499392,0.7610209014873026,0.7574777692228428,0.1427334783039481
2013-05-31,0.7496580166566413,0.7598167967121022,0.759976771945672,0.7661392774648842,0.1271604358852681
2013-06-01,0.7496580166566413,0.7598167967121022,0.759976771945672,0.7661392774648842,0.1271604358852681
2013-06-02,0.7496580166566413,0.7598167967121022,0.759976771945672,0.7661392774648842,0.1271604358852681
2013-06-03,0.7665298327412695,0.7580995497521889,0.7564965466590354,0.7440813489587162,0.13845678722636218
2013-06-04,0.764933852489329,0.7662278462062585,0.7694895293420358,0.7627901503714979,0.1463728085652023
2013-06-05,0.7698358166844037,0.767029216475177,0.7814385594995188,0.768680000646723,0.12769987490345433
2013-06-06,0.7814637722049993,0.7766456597021986,0.7846868051702689,0.7668321699292336,0.12668878888118262
2013-06-07,0.7959416179117167,0.7888952265801287,0.7850348188481269,0.7786118704796839,0.1635798123493873
2013-06-08,0.7959416179117167,0.7888952265801287,0.7850348188481269,0.7786118704796839,0.1635798123493873
2013-06-09,0.7959416179117167,0.7888952265801287,0.7850348188481269,0.7786118704796839,0.1635798123493873
2013-06-10,0.7929776173119414,0.7872924860422917,0.8020881971276215,0.7944335024784518,0.10782117046099149
2013-06-11,0.7885316598994785,0.7834001411197759,0.7887471122587064,0.7906225058151114,0.12107421950822397
2013-06-12,0.7942316142205232,0.7895820904269705,0.7936194807648316,0.7805751245349529,0.1137712233909102
2013-06-13,0.8034655993632083,0.7949627568080554,0.800115972106332,0.790737929152891,0.10193890954517354
2013-06-14,0.8166894481613438,0.8101888792603148,0.816357288968139,0.8007853104330495,0.1114744067764202
2013-06-15,0.8166894481613438,0.8101888792603148,0.816357288968139,0.8007853104330495,0.1114744067764202
2013-06-16,0.8166894481613438,0.8101888792603148,0.816357288968139,0.8007853104330495,0.1114744067764202
2013-06-17,0.8157774345961204,0.8157984711427441,0.8274941691998778,0.8147591998237459,0.11256834970481502
2013-06-18,0.8234154394868649,0.8149971008738256,0.8278422713857922,0.8156831151824907,0.05626273635222182
2013-06-19,0.8211354055738067,0.8188895331391498,0.8296983738370538,0.8233051966185897,0.0363782377205196
2013-06-20,0.7887597067779846,0.8076702620314827,0.7986078833329284,0.8167224538790149,0.18988311382047401
2013-06-21,0.7692658734369395,0.7825986835080488,0.7780742797667972,0.7813835284465002,0.16941456091344234
2013-06-22,0.7692658734369395,0.7825986835080488,0.7780742797667972,0.7813835284465002,0.16941456091344234
2013-06-23,0.7692658734369395,0.7825986835080488,0.7780742797667972,0.7813835284465002,0.16941456091344234
2013-06-24,0.7862517129608209,0.779736634355796,0.7728538090747574,0.7685644891995255,0.15488157546323095
2013-06-25,0.7878476932127614,0.7863766093512966,0.7951275695382352,0.7820764209108496,0.12690722981550723
2013-06-26,0.7898996802473135,0.7809959429702119,0.7845707711082974,0.7838087401811414,0.14074143604344946
2013-06-27,0.8075695734323125,0.8005724360332932,0.803944299578883,0.7878507597388772,0.12793338072980132
2013-06-28,0.8019835555761201,0.8052661512247273,0.8153132479345648,0.8027485644883184,0.11535709298572833
2013-06-29,0.8019835555761201,0.8052661512247273,0.8153132479345648,0.8027485644883184,0.11535709298572833
2013-06-30,0.8019835555761201,0.8052661512247273,0.8153132479345648,0.8027485644883184,0.11535709298572833
2013-07-01,0.8182854284132843,0.8105323111837356,0.8122969818797012,0.8000924179687,0.10468767292033512
2013-07-02,0.8366392882850004,0.8287349892103245,0.8321345580901165,0.8171844115583874,0.13747583098813523
2013-07-03,0.8553351315000752,0.8551802954274424,0.8531322093960771,0.83508489716904,0.1765686463673041
2013-07-04,0.8553351315000752,0.8551802954274424,0.8531322093960771,0.83508489716904,0.1765686463673041
2013-07-05,0.877906988880149,0.8723525903409598,0.866125280587134,0.8521768907587274,0.12023580032528577
2013-07-06,0.877906988880149,0.8723525903409598,0.866125280587134,0.8521768907587274,0.12023580032528577
2013-07-07,0.877906988880149,0.8723525903409598,0.866125280587134,0.8521768907587274,0.12023580032528577
2013-07-08,0.8769949753149255,0.8773898247986235,0.8825985770648277,0.8852061159037984,0.1185989418651611
2013-07-09,0.8814409327273884,0.8847166636409661,0.8846867476400322,0.8742349073743133,0.13741151548757813
2013-07-10,0.915526635214404,0.9064682546666499,0.9067285284876234,0.8923663277699431,0.20644985969370758
2013-07-11,0.8971728623170885,0.9155122531260974,0.907888603583169,0.9106132596127706,0.15540826726509055
2013-07-12,0.909028690767389,0.9026903288234019,0.9084686853849699,0.8924818392171409,0.10791098039420188
2013-07-13,0.909028690767389,0.9026903288234019,0.9084686853849699,0.8924818392171409,0.10791098039420188
2013-07-14,0.909028690767389,0.9026903288234019,0.9084686853849699,0.8924818392171409,0.10791098039420188
2013-07-15,0.9132466882757464,0.9061247354004204,0.9118329651176915,0.9094584094690487,0.09403389716588823
2013-07-16,0.9095987209892538,0.9124212784725,0.9235499271512313,0.9139623867061567,0.11727728729965867
2013-07-17,0.915070715406193,0.9057813034769994,0.9171693813636461,0.9063402171606397,0.12415383108895414
2013-07-18,0.9328545450560446,0.9267315242337645,0.9292343570750441,0.9153481716348558,0.0622568251203598
2013-07-19,0.9329685684952975,0.93692041222836,0.9446636125191636,0.933364168692706,0.03699995422590501
2013-07-20,0.9329685684952975,0.93692041222836,0.9446636125191636,0.933364168692706,0.03699995422590501
2013-07-21,0.9329685684952975,0.93692041222836,0.9446636125191636,0.933364168692706,0.03699995422590501
2013-07-22,0.9199726796012675,0.9308528820004333,0.9324826027457942,0.9359048037651269,0.13636624374879408
2013-07-23,0.9236206468877601,0.9166571426612454,0.9212296884520839,0.9204296179985337,0.11189970026659066
2013-07-24,0.9026447697596272,0.9163136233950159,0.9134570879530666,0.9245871490034671,0.1331191800990459
2013-07-25,0.9037847432289559,0.8974241688643937,0.9052204397142198,0.9016053051385545,0.12866808392535461
2013-07-26,0.8947788049647771,0.8946765387914087,0.9031322691390153,0.9037994939788007,0.09290345084528531
2013-07-27,0.8947788049647771,0.8946765387914087,0.9031322691390153,0.9037994939788007,0.09290345084528531
2013-07-28,0.8947788049647771,0.8946765387914087,0.9031322691390153,0.9037994939788007,0.09290345084528531
2013-07-29,0.8930688882479842,0.891700070559888,0.9027842554611571,0.8928282854493156,0.09143810038664626
2013-07-30,0.8763110086282084,0.8821980464121343,0.8888630887904414,0.8917888586433732,0.10840290706062519
2013-07-31,0.8985407956905227,0.8923869344067298,0.8918793548453048,0.8759672266446054,0.145208755947011
2013-08-01,0.9311445413648509,0.922495660045019,0.9170533473016746,0.900334943547635,0.12693793901847594
2013-08-02,0.9203146629446262,0.9311963139238543,0.9327145823616807,0.9296685953671452,0.1163461610888904
2013-08-03,0.9203146629446262,0.9311963139238543,0.9327145823616807,0.9296685953671452,0.1163461610888904
2013-08-04,0.9203146629446262,0.9311963139238543,0.9327145823616807,0.9296685953671452,0.1163461610888904
2013-08-05,0.9159826419970156,0.9182598831990824,0.9240138863830045,0.9185817872810443,0.09058867224415323
2013-08-06,0.9016188197295514,0.913451574242763,0.9142691493707542,0.9144243443855292,0.13006796004558868
2013-08-07,0.8910169012134319,0.8962792793292457,0.9054524193301063,0.9051853670169178,0.14237829450357414
2013-08-08,0.8799589759147011,0.8870062680256451,0.883642706606458,0.887862350532835,0.15734352647104324
2013-08-09,0.9092567376458951,0.9016599457103304,0.8998840234682652,0.8842822886544718,0.14791406290287723
2013-08-10,0.9092567376458951,0.9016599457103304,0.8998840234682652,0.8842822886544718,0.14791406290287723
2013-08-11,0.9092567376458951,0.9016599457103304,0.8998840234682652,0.8842822886544718,0.14791406290287723
2013-08-12,0.9108527178978356,0.9041785629391624,0.9162412858839872,0.9070331096249892,0.12088011416870478
2013-08-13,0.9190606660360443,0.9126502039738446,0.9223897635476295,0.9106132596127706,0.13225642532130227
2013-08-14,0.9192886259401498,0.9110474634360076,0.9228538112874589,0.9151172368498787,0.12886566577841746
2013-08-15,0.9247606203570891,0.9203205620824167,0.9344547392590272,0.9201986832135566,0.1178259970206279
2013-08-16,0.9262425771697764,0.923754968659435,0.9339906915191978,0.9225083835010005,0.07610261972678081
2013-08-17,0.9262425771697764,0.923754968659435,0.9339906915191978,0.9225083835010005,0.07610261972678081
2013-08-18,0.9262425771697764,0.923754968659435,0.9339906915191978,0.9225083835010005,0.07610261972678081
2013-08-19,0.9221386031006722,0.9195191918134983,0.9339906915191978,0.9294375724727498,0.0314421679074923
2013-08-20,0.8978568290038056,0.9115054017815051,0.910092808220345,0.9196212140869867,0.18109680525787908
2013-08-21,0.8850889000138811,0.8914710577157349,0.8984918802487767,0.8994110281888902,0.12209921158467019
2013-08-22,0.8985407956905227,0.8903262555233954,0.8988398939266347,0.8843977119922514,0.09049132986493166
2013-08-23,0.9143866617450753,0.9096737357423238,0.9077726580292538,0.8998729858682627,0.12227419609969944
2013-08-24,0.9143866617450753,0.9096737357423238,0.9077726580292538,0.8998729858682627,0.12227419609969944
2013-08-25,0.9143866617450753,0.9096737357423238,0.9077726580292538,0.8998729858682627,0.12227419609969944
2013-08-26,0.9086867074240303,0.914596463777911,0.9223897635476295,0.9193902793020096,0.06806955576530521
2013-08-27,0.9439124703547754,0.93692041222836,0.926102056958209,0.910497748165573,0.14335867132287713
2013-08-28,0.9563383290269407,0.9703491253643998,0.9635730932499198,0.9460676964924831,0.166672750565368
2013-08-29,0.9415184999768649,0.9455065596851188,0.9474478104500843,0.9496477583708464,0.11676566038982147
2013-08-30,0.9284085876435817,0.9303949436549358,0.9361948961563737,0.9339415497098579,0.11676566038982147
2013-08-31,0.9284085876435817,0.9303949436549358,0.9361948961563737,0.9339415497098579,0.11676566038982147
2013-09-01,0.9284085876435817,0.9303949436549358,0.9361948961563737,0.9339415497098579,0.11676566038982147
2013-09-02,0.9284085876435817,0.9303949436549358,0.9361948961563737,0.9339415497098579,0.11676566038982147
2013-09-03,0.9385544993770893,0.9313108203459307,0.9067285284876234,0.921238021910081,0.1387719911209844
2013-09-04,0.9236206468877601,0.9287922031170989,0.9364268757722605,0.937059742018267,0.10189719138265
2013-09-05,0.9366165357817902,0.9279908328481804,0.9406032169226695,0.9272432955230855,0.07901709691418865
2013-09-06,0.9612402932220154,0.952718892105385,0.9520881993403227,0.9379835692675936,0.12825437881366294
2013-09-07,0.9612402932220154,0.952718892105385,0.9520881993403227,0.9379835692675936,0.12825437881366294
2013-09-08,0.9612402932220154,0.952718892105385,0.9520881993403227,0.9379835692675936,0.12825437881366294
2013-09-09,0.9497263611406728,0.9499713493752086,0.9595127861614821,0.9583092666128877,0.12654451356912208
2013-09-10,0.9254445870438062,0.9326845480396148,0.9320185550059648,0.9426030579518992,0.16038199930817382
2013-09-11,0.9273825506391054,0.92283909196844,0.9336426778413398,0.9245871490034671,0.10992677883058197
2013-09-12,0.9392384660638065,0.9350887461891787,0.9425754419439589,0.9293220610255523,0.11661617030744548
2013-09-13,0.9347925086513436,0.9302804372328594,0.9417633805262715,0.9393694423057107,0.09185006724156614
2013-09-14,0.9347925086513436,0.9302804372328594,0.9417633805262715,0.9393694423057107,0.09185006724156614
2013-09-15,0.9347925086513436,0.9302804372328594,0.9417633805262715,0.9393694423057107,0.09185006724156614
2013-09-16,0.9163246253403743,0.9218087961981772,0.9281902275334135,0.9262039568265613,0.1357995720411828
2013-09-17,0.9029867531029856,0.9038351310157414,0.9151972448504131,0.9114216635243176,0.14852534986763175
2013-09-18,0.933196528399403,0.9274183880806065,0.9196055656167088,0.9034530477466259,0.08770780135433379
2013-09-19,0.9140446784017167,0.9331424863851122,0.9284222956573567,0.934519018836428,0.052911956715088714
2013-09-20,0.8945508450606716,0.9041785629391624,0.9080046376451405,0.9131539827946097,0.11695223328332949
2013-09-21,0.8945508450606716,0.9041785629391624,0.9080046376451405,0.9131539827946097,0.11695223328332949
2013-09-22,0.8945508450606716,0.9041785629391624,0.9080046376451405,0.9131539827946097,0.11695223328332949
2013-09-23,0.8821248994141055,0.8888380214076351,0.894083559482481,0.8960619010955041,0.10132646374257112
2013-09-24,0.8768809518756726,0.8718946519954621,0.8845708020861172,0.8793163537379914,0.12227303726185157
2013-09-25,0.8715230678723869,0.8755580714166334,0.8834106384825151,0.8789699075058167,0.10874476422574858
2013-09-26,0.8757409784063437,0.8678878006508698,0.8834106384825151,0.866150868258842,0.0783733624896936
2013-09-27,0.8739170382502977,0.8733828861112226,0.8852668294418331,0.8731955686777891,0.10648734809808635
2013-09-28,0.8739170382502977,0.8733828861112226,0.8852668294418331,0.8731955686777891,0.10648734809808635
2013-09-29,0.8739170382502977,0.8733828861112226,0.8852668294418331,0.8731955686777891,0.10648734809808635
2013-09-30,0.8677610771466413,0.8618202704229431,0.8700696421216567,0.8679986108669134,0.10324723747542539
2013-10-01,0.8644550932035071,0.8597595915396087,0.8701855876755717,0.8662662915966216,0.10111555525425772
2013-10-02,0.8879388771744035,0.8786491334130394,0.8744779628879522,0.8582977639283479,0.14601936302160015
2013-10-03,0.8789329389102247,0.8803662930301442,0.8911833274895888,0.8837048195279019,0.1029679575540873
2013-10-04,0.8849748765746279,0.878191195067542,0.8915313411674468,0.8733109920155685,0.06760717946400274
2013-10-05,0.8849748765746279,0.878191195067542,0.8915313411674468,0.8733109920155685,0.06760717946400274
2013-10-06,0.8849748765746279,0.878191195067542,0.8915313411674468,0.8733109920155685,0.06760717946400274
2013-10-07,0.8757409784063437,0.8730394541878016,0.8794663654560491,0.8794317770757708,0.12776708749863114
2013-10-08,0.8809849259447768,0.876931886453126,0.8909512593656459,0.8760827380918029,0.08440916942035512
2013-10-09,0.8595531290084326,0.873153960609878,0.8715777308950603,0.8798937347551433,0.1359403708396997
2013-10-10,0.8755130185022382,0.8710932817265437,0.8713457512791736,0.8564499332108583,0.1438940544085958
2013-10-11,0.864227046325001,0.8639953683855456,0.8648491714296169,0.8735420149099639,0.14468090530730351
2013-10-12,0.864227046325001,0.8639953683855456,0.8648491714296169,0.8735420149099639,0.14468090530730351
2013-10-13,0.864227046325001,0.8639953683855456,0.8648491714296169,0.8735420149099639,0.14468090530730351
2013-10-14,0.8686730907118645,0.8602175298851061,0.8701855876755717,0.8554105945143341,0.07078065691041083
2013-10-15,0.8549931481567168,0.8583857765031163,0.867981471546452,0.8648805066679225,0.11107576655675089
2013-10-16,0.8673050703640295,0.8642243812296985,0.8665893283269637,0.8497516790240861,0.10818910147769209
2013-10-17,0.8488371870530602,0.8567830359652794,0.8582366460261452,0.8641875260941548,0.12637648208118007
2013-10-18,0.8504331673050007,0.8497996290463575,0.863805130396043,0.8479039364160147,0.03949551153130571
2013-10-19,0.8504331673050007,0.8497996290463575,0.863805130396043,0.8479039364160147,0.03949551153130571
2013-10-20,0.8504331673050007,0.8497996290463575,0.863805130396043,0.8479039364160147,0.03949551153130571
2013-10-21,0.8323073543117907,0.8410989751675225,0.8460557247608325,0.8468645096100723,0.024514055833966354
2013-10-22,0.8161195049138796,0.8275900996751765,0.8288863124193664,0.8287330892144423,0.1731292156348085
2013-10-23,0.8054035629585072,0.8106468176058123,0.8133411114213318,0.817877392132155,0.17827445567937739
2013-10-24,0.8082535401190296,0.8037779171089671,0.8109048386602127,0.8060976915817045,0.11601473346439789
2013-10-25,0.8166894481613438,0.8080136939549037,0.8229698143716107,0.8071371183876469,0.08350353764224011
2013-10-26,0.8166894481613438,0.8080136939549037,0.8229698143716107,0.8071371183876469,0.08350353764224011
2013-10-27,0.8166894481613438,0.8080136939549037,0.8229698143716107,0.8071371183876469,0.08350353764224011
2013-10-28,0.8261513932081341,0.816714347833739,0.8273782236459628,0.8151056460559206,0.10524507392516341
2013-10-29,0.8206793987911949,0.8138522986814861,0.8310905170565424,0.8227278156014378,0.0780633733653868
2013-10-30,0.8043775259540309,0.8052661512247273,0.817865466249599,0.8138352844650011,0.12725314291309817
2013-10-31,0.799931568541568,0.7962220654224713,0.8118329341398718,0.8005543756480723,0.11987308407890063
2013-11-01,0.7797537685138058,0.791871782154458,0.7924594056692862,0.7970897371074884,0.13536500784822933
2013-11-02,0.7797537685138058,0.791871782154458,0.7924594056692862,0.7970897371074884,0.13536500784822933
2013-11-03,0.7797537685138058,0.791871782154458,0.7924594056692862,0.7970897371074884,0.13536500784822933
2013-11-04,0.7798677919530588,0.7742415488954432,0.7889790918745931,0.776302082082822,0.09884481249134494
2013-11-05,0.7656179061504469,0.7718374380886878,0.7774941979649961,0.7757247010656702,0.10310064448766909
2013-11-06,0.7819197789876109,0.7775615363931935,0.7842227574304395,0.7672941276086059,0.1357033884998091
2013-11-07,0.7750797642228366,0.7765311532801221,0.785962914327786,0.7808061474293483,0.12288374480768216
2013-11-08,0.7796397450745527,0.7720663635900323,0.7871229894233314,0.7744543394747506,0.11192867121278754
2013-11-09,0.7796397450745527,0.7720663635900323,0.7871229894233314,0.7744543394747506,0.11192867121278754
2013-11-10,0.7796397450745527,0.7720663635900323,0.7871229894233314,0.7744543394747506,0.11192867121278754
2013-11-11,0.785795706178209,0.7773325235490406,0.789559173676394,0.775493678171275,0.09166697086160175
2013-11-12,0.7618559154247011,0.7755008575098591,0.7750580137119336,0.7818454861258725,0.17682301127491284
2013-11-13,0.771431796936344,0.767716080322019,0.775870075129621,0.7595565347253094,0.14861689805761394
2013-11-14,0.7700638635629098,0.7664567717076031,0.7709977066234959,0.7645224696417899,0.15444411417565782
2013-11-15,0.7709757901537324,0.7678305867440954,0.7834106960127518,0.769026446878898,0.0903024392957279
2013-11-16,0.7709757901537324,0.7678305867440954,0.7834106960127518,0.769026446878898,0.0903024392957279
2013-11-17,0.7709757901537324,0.7678305867440954,0.7834106960127518,0.769026446878898,0.0903024392957279
2013-11-18,0.7617418919854482,0.7649685375918426,0.7734338908765586,0.7677560852879785,0.07006739221504324
2013-11-19,0.7652758358326877,0.7553520070220124,0.770069611143837,0.7587481308137624,0.04806106148388028
2013-11-20,0.7651618993678353,0.7607326734030971,0.77354992493853,0.7625592155865207,0.10277443163349204
2013-11-21,0.7892157135605962,0.7801945727012934,0.7821345868552347,0.7671787042708266,0.10059987241195295
2013-11-22,0.7823756987958219,0.7795077088544514,0.7888631463206779,0.7851946132192588,0.12128802509115708
2013-11-23,0.7823756987958219,0.7795077088544514,0.7888631463206779,0.7851946132192588,0.12128802509115708
2013-11-24,0.7823756987958219,0.7795077088544514,0.7888631463206779,0.7851946132192588,0.12128802509115708
2013-11-25,0.7738257673142548,0.7672581419765215,0.7776102320269676,0.7720291277401093,0.12883032122405724
2013-11-26,0.7691518499976864,0.7694333272819324,0.7816705391154053,0.7727220202044588,0.0646990758847582
2013-11-27,0.7534200073823871,0.7569547475598494,0.7624129561987347,0.7645224696417899,0.10566399380717054
2013-11-28,0.7534200073823871,0.7569547475598494,0.7624129561987347,0.7645224696417899,0.10566399380717054
2013-11-29,0.7582079481382085,0.7603892414796763,0.7657772359314563,0.7510105379304658,0.05486459848875957
2013-11-30,0.7582079481382085,0.7603892414796763,0.7657772359314563,0.7510105379304658,0.05486459848875957
2013-12-01,0.7582079481382085,0.7603892414796763,0.7657772359314563,0.7510105379304658,0.05486459848875957
2013-12-02,0.7707478302496269,0.7624499203630107,0.7715776999172406,0.755399003720376,0.10793647482685514
2013-12-03,0.7960556413509698,0.7954206951535528,0.784454737046326,0.768680000646723,0.15688057075081685
2013-12-04,0.8092794901491054,0.8025186084945511,0.8149652342567069,0.8037879912942608,0.16069662378387212
2013-12-05,0.8113314771836575,0.8072123236859853,0.8232018824955536,0.8087539262107412,0.09727053127500554
2013-12-06,0.8144095012226862,0.8081282003769804,0.8240139439132412,0.809331307227893,0.10164630298858487
2013-12-07,0.8144095012226862,0.8081282003769804,0.8240139439132412,0.809331307227893,0.10164630298858487
2013-12-08,0.8144095012226862,0.8081282003769804,0.8240139439132412,0.809331307227893,0.10164630298858487
2013-12-09,0.8108754704010459,0.8069833981846409,0.8242459235291277,0.8125650109834998,0.09361903321634865
2013-12-10,0.8242134296128352,0.8157984711427441,0.8258700463645028,0.8078300108519966,0.12534106046410298
2013-12-11,0.8120155308447754,0.8159129775648205,0.8254059986246733,0.8239981771923574,0.13076210391646634
2013-12-12,0.8126994975314925,0.8093875089913963,0.8266821077821902,0.8112946493925802,0.09110377566753405
2013-12-13,0.8024395623587317,0.8029765468400486,0.8145011865168774,0.811641095624755,0.10698680721052087
2013-12-14,0.8024395623587317,0.8029765468400486,0.8145011865168774,0.811641095624755,0.10698680721052087
2013-12-15,0.8024395623587317,0.8029765468400486,0.8145011865168774,0.811641095624755,0.10698680721052087
2013-12-16,0.812471537627387,0.8037779171089671,0.8139211047150763,0.7997459717365253,0.08058268684666894
2013-12-17,0.8095075370276115,0.8061820279157225,0.8230858484335821,0.8084074799785664,0.0414927685621198
2013-12-18,0.8161195049138796,0.8074413365301384,0.8233178280494686,0.8084074799785664,0.020923396762322938
2013-12-19,0.8271773432382099,0.8207211991783313,0.8288863124193664,0.8129114572156745,0.0835904504808308
2013-12-20,0.8334473277811194,0.8233543228292398,0.8409512881307641,0.8245755582095092,0.05954398571848237
2013-12-21,0.8334473277811194,0.8233543228292398,0.8409512881307641,0.8245755582095092,0.05954398571848237
2013-12-22,0.8334473277811194,0.8233543228292398,0.8409512881307641,0.8245755582095092,0.05954398571848237
2013-12-23,0.8287734104645512,0.8223239397161682,0.8421113632263098,0.8303498970375366,0.03404491771382152
2013-12-24,0.8323073543117907,0.8222095206369003,0.8408352540687927,0.8236517309601826,0.0019474270033554147
2013-12-25,0.8323073543117907,0.8222095206369003,0.8408352540687927,0.8236517309601826,0.0019474270033554147
2013-12-26,0.8360693450375363,0.826788729406258,0.8468677861785199,0.8303498970375366,0.009937034545535663
2013-12-27,0.8448472364232091,0.8388093707828436,0.8505800795890994,0.8353158319540172,0.045589839773284964
2013-12-28,0.8448472364232091,0.8388093707828436,0.8505800795890994,0.8353158319540172,0.045589839773284964
2013-12-29,0.8448472364232091,0.8388093707828436,0.8505800795890994,0.8353158319540172,0.045589839773284964
2013-12-30,0.833105344437761,0.8350314449395956,0.8477957931501225,0.8413211936764399,0.0404666176478257
2013-12-31,0.8231873926083588,0.8232398164071631,0.836426933302497,0.8309273661641067,0.03788878285522581
2014-01-01,0.8231873926083588,0.8232398164071631,0.836426933302497,0.8309273661641067,0.03788878285522581
2014-01-02,0.7892157135605962,0.8184315947936524,0.8038282655169116,0.8222658579220653,0.11746675728778638
2014-01-03,0.7723438105015674,0.7814538813157094,0.7866589416835019,0.7872733787217253,0.09676643681117955
2014-01-04,0.7723438105015674,0.7814538813157094,0.7866589416835019,0.7872733787217253,0.09676643681117955
2014-01-05,0.7723438105015674,0.7814538813157094,0.7866589416835019,0.7872733787217253,0.09676643681117955
2014-01-06,0.766301872837164,0.7682884377467843,0.7790022867383997,0.7723755739722841,0.08161868788266999
2014-01-07,0.7690378265584334,0.7640526609008477,0.7807424436357462,0.7656773197855117,0.07455151526739895
2014-01-08,0.7537619907257456,0.7635947225553502,0.7680974746306037,0.769834850790445,0.11376253210705112
2014-01-09,0.7461240728094019,0.7492844767940857,0.7562644785350925,0.7538977073444796,0.12009500152676886
2014-01-10,0.7582079481382085,0.7544361303310175,0.7649651745137687,0.7506640916982911,0.12021320298725222
2014-01-11,0.7582079481382085,0.7544361303310175,0.7649651745137687,0.7506640916982911,0.12021320298725222
2014-01-12,0.7582079481382085,0.7544361303310175,0.7649651745137687,0.7506640916982911,0.12021320298725222
2014-01-13,0.7477200530613424,0.7487120320265116,0.7584686831722685,0.7567848767584934,0.09484624249724921
2014-01-14,0.7567259043511205,0.7487120320265116,0.7592807445899561,0.7415406257768772,0.11296235457309284
2014-01-15,0.7747377808794782,0.7688608825143585,0.770069611143837,0.7547061112560266,0.12444701706446673
2014-01-16,0.7723438105015674,0.7688608825143585,0.7836426756286383,0.7736459355632036,0.06757125549071857
2014-01-17,0.7770178147925364,0.7722953764341852,0.787587037163161,0.7722600625250865,0.041353708020374684
2014-01-18,0.7770178147925364,0.7722953764341852,0.787587037163161,0.7722600625250865,0.041353708020374684
2014-01-19,0.7770178147925364,0.7722953764341852,0.787587037163161,0.7722600625250865,0.041353708020374684
2014-01-20,0.7770178147925364,0.7722953764341852,0.787587037163161,0.7722600625250865,0.041353708020374684
2014-01-21,0.7840857024870156,0.7756153639319358,0.7816705391154053,0.7702968084698173,0.11376600862059474
2014-01-22,0.8039216061458199,0.7946193248846344,0.8012761357099338,0.7841551864133162,0.11810469752304203
2014-01-23,0.8106475104969404,0.8054950767260719,0.8162413434142239,0.8013627795596195,0.13069489132128953
2014-01-24,0.8028955691413435,0.805037225723383,0.814385152454906,0.8092158838901137,0.11075998324320471
2014-01-25,0.8028955691413435,0.805037225723383,0.814385152454906,0.8092158838901137,0.11075998324320471
2014-01-26,0.8028955691413435,0.805037225723383,0.814385152454906,0.8092158838901137,0.11075998324320471
2014-01-27,0.7924076740644772,0.7979393123823847,0.802320176743508,0.8037879912942608,0.1081160946932759
2014-01-28,0.8116735475014167,0.803434485185546,0.8071925452496331,0.7894676556713897,0.09153312509017208
2014-01-29,0.811103517279552,0.8044647809558089,0.8151972138725934,0.8069060954932518,0.08805429387084868
2014-01-30,0.8210214691089541,0.8140812241828305,0.8269141759061331,0.8097932649072656,0.08743663329793083
2014-01-31,0.8125854740922394,0.8117916197981517,0.8242459235291277,0.816145072861863,0.11874669369076529
2014-02-01,0.8125854740922394,0.8117916197981517,0.8242459235291277,0.816145072861863,0.11874669369076529
2014-02-02,0.8125854740922394,0.8117916197981517,0.8242459235291277,0.816145072861863,0.11874669369076529
2014-02-03,0.8005015987634327,0.8066399662612199,0.8145011865168774,0.8095623301222884,0.14183943490431186
2014-02-04,0.809165553684253,0.8052661512247273,0.8157772956743943,0.7995149488421299,0.0902537681061171
2014-02-05,0.8113314771836575,0.8103033856823912,0.8207656982424911,0.8126804343212793,0.10959998655748096
2014-02-06,0.8165754247220907,0.8168288542558154,0.8259860804264743,0.8078300108519966,0.10763575640533135
2014-02-07,0.8398312487888815,0.8329707660562612,0.8243619575910992,0.816145072861863,0.12856784445151337
2014-02-08,0.8398312487888815,0.8329707660562612,0.8243619575910992,0.816145072861863,0.12856784445151337
2014-02-09,0.8398312487888815,0.8329707660562612,0.8243619575910992,0.816145072861863,0.12856784445151337
2014-02-10,0.8418832358234336,0.8365197663981646,0.847563813534236,0.8401663435327181,0.11739664759798987
2014-02-11,0.8405153024499992,0.8370921238229302,0.8532482434580486,0.8392424281739733,0.10743411861980096
2014-02-12,0.8454172666450739,0.8460217032031098,0.8583526800881167,0.8449012555548031,0.15654161068031314
2014-02-13,0.8451892197665676,0.8377790750125808,0.8509280932669576,0.842706978605139,0.10035883413959476
2014-02-14,0.8446192765191036,0.8356038897071697,0.8512761069448156,0.843515382516686,0.10503010950438244
2014-02-15,0.8446192765191036,0.8356038897071697,0.8512761069448156,0.843515382516686,0.10503010950438244
2014-02-16,0.8446192765191036,0.8356038897071697,0.8512761069448156,0.843515382516686,0.10503010950438244
2014-02-17,0.8446192765191036,0.8356038897071697,0.8512761069448156,0.843515382516686,0.10503010950438244
2014-02-18,0.86890105061597,0.8674298623053723,0.8605568847252929,0.8432844477317089,0.07466102544402323
2014-02-19,0.8789329389102247,0.8737264053774522,0.8857308771816628,0.8758517151974076,0.039196531366553745
2014-02-20,0.8744869814977618,0.8702919114576252,0.8897911842701003,0.8789699075058167,0.08452621204299057
2014-02-21,0.8662790333595531,0.8636519364621246,0.8774942289428158,0.8727336109984168,0.07227903424771434
2014-02-22,0.8662790333595531,0.8636519364621246,0.8774942289428158,0.8727336109984168,0.07227903424771434
2014-02-23,0.8662790333595531,0.8636519364621246,0.8774942289428158,0.8727336109984168,0.07227903424771434
2014-02-24,0.8733470080284329,0.8697194666900513,0.8807424746135659,0.8660353568116445,0.07494494071675281
2014-02-25,0.8620611228255965,0.8627360597711294,0.8697215399357423,0.8719252070868696,0.08036540475019222
2014-02-26,0.870724990772016,0.86342301096078,0.876218119785299,0.8631481873976307,0.08575458016173901
2014-02-27,0.8685590672726116,0.8654836898441144,0.878190256298532,0.869268972457833,0.08574125352648843
2014-02-28,0.870724990772016,0.864109874807622,0.8787703381003329,0.8644185489885502,0.07518539957018705
2014-03-01,0.870724990772016,0.864109874807622,0.8787703381003329,0.8644185489885502,0.07518539957018705
2014-03-02,0.870724990772016,0.864109874807622,0.8787703381003329,0.8644185489885502,0.07518539957018705
2014-03-03,0.8972867987819408,0.8899828235999744,0.8921113344611915,0.8742349073743133,0.14329203814662428
2014-03-04,0.8791609857887308,0.8870062680256451,0.8909512593656459,0.8960619010955041,0.09356978260781393
2014-03-05,0.857729101877986,0.8706353433810462,0.8677494034225091,0.8782769269320491,0.12707873781699286
2014-03-06,0.8589830987865679,0.854035493235103,0.8593967211216909,0.8515995097415755,0.14099174501859066
2014-03-07,0.8706110543071637,0.8635375173828567,0.8761020857233275,0.8623397834860834,0.10292160404017228
2014-03-08,0.8706110543071637,0.8635375173828567,0.8761020857233275,0.8623397834860834,0.10292160404017228
2014-03-09,0.8706110543071637,0.8635375173828567,0.8761020857233275,0.8623397834860834,0.10292160404017228
2014-03-10,0.853967198126641,0.8625071342697851,0.8677494034225091,0.8713477379602995,0.10242620086020535
2014-03-11,0.8415412524800749,0.8476244437409467,0.8499999977872985,0.8504446595978538,0.14235453832769268
2014-03-12,0.8182854284132843,0.8256439272139185,0.8294663942211673,0.8335836007931433,0.21346430518690027
2014-03-13,0.8206793987911949,0.8141957306049071,0.8308584489325994,0.8176463692377597,0.12721606010196615
2014-03-14,0.8285453635860449,0.8219805077927472,0.8353828037608666,0.8193786885080515,0.10301141397338265
2014-03-15,0.8285453635860449,0.8219805077927472,0.8353828037608666,0.8193786885080515,0.10301141397338265
2014-03-16,0.8285453635860449,0.8219805077927472,0.8353828037608666,0.8193786885080515,0.10301141397338265
2014-03-17,0.8193114654177607,0.8232398164071631,0.8273782236459628,0.8325441739872009,0.1036412423437032
2014-03-18,0.8377792617543294,0.8277046060972529,0.8317865444122585,0.816145072861863,0.0834316896956718
2014-03-19,0.8454172666450739,0.8356038897071697,0.850231977403185,0.8341609818102952,0.03580982775613648
2014-03-20,0.8347013246897015,0.839610741051762,0.8472157998563778,0.8440928516432561,0.11376890571521445
2014-03-21,0.8350433080330599,0.8330852724783379,0.8375870083980426,0.8233051966185897,0.08272537802739147
2014-03-22,0.8350433080330599,0.8330852724783379,0.8375870083980426,0.8233051966185897,0.08272537802739147
2014-03-23,0.8350433080330599,0.8330852724783379,0.8375870083980426,0.8233051966185897,0.08272537802739147
2014-03-24,0.8366392882850004,0.8335432108238353,0.8468677861785199,0.8336990241309229,0.05979255643685174
2014-03-25,0.831965370968432,0.8330852724783379,0.8439675541856277,0.8330061316665734,0.09763035042677101
2014-03-26,0.8441632697364918,0.8354893832850933,0.8474477794722644,0.8301189622525597,0.0943589511822174
2014-03-27,0.855791138282687,0.8496851226242811,0.8582366460261452,0.8430535129467319,0.08904741790647833
2014-03-28,0.8602370956951497,0.8558671592742843,0.8715777308950603,0.8550640601727412,0.06826134342912868
2014-03-29,0.8602370956951497,0.8558671592742843,0.8715777308950603,0.8550640601727412,0.06826134342912868
2014-03-30,0.8602370956951497,0.8558671592742843,0.8715777308950603,0.8550640601727412,0.06826134342912868
2014-03-31,0.8592111456650742,0.852776184620687,0.868097417100367,0.8591061678398949,0.06898214057050747
2014-04-01,0.838235268536941,0.8481968885085206,0.8495359500474691,0.8572583371224055,0.1095379887326196
2014-04-02,0.8368673351635065,0.8282770508648271,0.8446635815413439,0.8354313434012147,0.10608001659455799
2014-04-03,0.8445052530798505,0.835832815208514,0.8470997657944064,0.8313893238434792,0.08512475179141846
2014-04-04,0.8541951580307465,0.8488837523553626,0.8611368780190374,0.8439773401960585,0.08402501467378426
2014-04-05,0.8541951580307465,0.8488837523553626,0.8611368780190374,0.8439773401960585,0.08402501467378426
2014-04-06,0.8541951580307465,0.8488837523553626,0.8611368780190374,0.8439773401960585,0.08402501467378426
2014-04-07,0.8462152567710441,0.8453348393562677,0.8569605368686282,0.8500982133656788,0.11957352449522471
2014-04-08,0.8703830074286574,0.8612478256553692,0.865777266909276,0.84755749018384,0.14545327073291278
2014-04-09,0.8822389228533587,0.8733828861112226,0.8814385019692821,0.8667282492759939,0.16000305933191838
2014-04-10,0.8799589759147011,0.8738408244567201,0.893851491358538,0.8793163537379914,0.10061783439859504
2014-04-11,0.8838349031052992,0.8810532442197948,0.8928074503249639,0.8781614154848515,0.12364741894943237
2014-04-12,0.8838349031052992,0.8810532442197948,0.8928074503249639,0.8781614154848515,0.12364741894943237
2014-04-13,0.8838349031052992,0.8810532442197948,0.8928074503249639,0.8781614154848515,0.12364741894943237
2014-04-14,0.8873689339269395,0.8823125528342107,0.8966356892894587,0.8807021386666903,0.10933461269031738
2014-04-15,0.8839489265445524,0.876588454529705,0.8916473752294183,0.8811640963460629,0.09695532738038332
2014-04-16,0.8840629499838053,0.8873496999490661,0.894083559482481,0.8830119270635522,0.13377392348309575
2014-04-17,0.8902189110874619,0.8849455891423107,0.8989559279886061,0.8839357543128789,0.08275608723036018
2014-04-18,0.8902189110874619,0.8849455891423107,0.8989559279886061,0.8839357543128789,0.08275608723036018
2014-04-19,0.8902189110874619,0.8849455891423107,0.8989559279886061,0.8839357543128789,0.08275608723036018
2014-04-20,0.8902189110874619,0.8849455891423107,0.8989559279886061,0.8839357543128789,0.08275608723036018
2014-04-21,0.8910169012134319,0.884831082720234,0.9025521873372142,0.8920198815377683,0.03857713253686409
2014-04-22,0.8654810432335829,0.8801373675287999,0.8774942289428158,0.8899411160353018,0.15946014380018855
2014-04-23,0.8576151654131337,0.854035493235103,0.8718097105109468,0.8610694218951639,0.11711736767665179
2014-04-24,0.8633151197341784,0.8571264678887004,0.8741299492100942,0.8573738485696031,0.08909261258254547
2014-04-25,0.84803919692709,0.853692061311682,0.863457116718185,0.8618778258067111,0.10028872444979828
2014-04-26,0.84803919692709,0.853692061311682,0.863457116718185,0.8618778258067111,0.10028872444979828
2014-04-27,0.84803919692709,0.853692061311682,0.863457116718185,0.8618778258067111,0.10028872444979828
2014-04-28,0.8507751506483594,0.8476244437409467,0.8617169598208383,0.8452477017869781,0.10607654008101436
2014-04-29,0.855791138282687,0.8554092209287868,0.866125280587134,0.8498671904712837,0.09860261538113888
2014-04-30,0.838235268536941,0.83892387720492,0.8503480114651565,0.848365894095387,0.13585229916326114
2014-05-01,0.8345873012504483,0.8289639147116689,0.8432714383218554,0.8363552587599595,0.1083159942220345
2014-05-02,0.838463315415447,0.8318259638639219,0.848259840889952,0.8300034508053619,0.0956707556260129
2014-05-03,0.838463315415447,0.8318259638639219,0.848259840889952,0.8300034508053619,0.0956707556260129
2014-05-04,0.838463315415447,0.8318259638639219,0.848259840889952,0.8300034508053619,0.0956707556260129
2014-05-05,0.8352713549115662,0.8352604577837487,0.8452436633431448,0.8391269167267758,0.08197966587228334
2014-05-06,0.8354993148156717,0.8350314449395956,0.8499999977872985,0.8324286625400034,0.11744358053082884
2014-05-07,0.8499771605223891,0.84155691351302,0.8553364140332531,0.8376256203508791,0.14065684088055452
2014-05-08,0.8441632697364918,0.840870049666178,0.8563805435748837,0.8490587865597364,0.11825302876757016
2014-05-09,0.8410852456974633,0.8437320988184308,0.8545243526155657,0.842706978605139,0.1291090217264714
2014-05-10,0.8410852456974633,0.8437320988184308,0.8545243526155657,0.842706978605139,0.1291090217264714
2014-05-11,0.8410852456974633,0.8437320988184308,0.8545243526155657,0.842706978605139,0.1291090217264714
2014-05-12,0.847925173487837,0.840870049666178,0.8570765709305999,0.8409747474442651,0.09452176789984398
2014-05-13,0.8605790790385084,0.853692061311682,0.8620649734986965,0.8468645096100723,0.11882259756980115
2014-05-14,0.8682170839292529,0.8605609618085271,0.8791183517781909,0.861646891021734,0.10774932251442318
2014-05-15,0.8582991320998508,0.8560961721184374,0.8726217719286342,0.8630326759504331,0.13184329962853453
2014-05-16,0.864227046325001,0.8557527401950163,0.8740139151481228,0.8576047833545802,0.05758265266095244
2014-05-17,0.864227046325001,0.8557527401950163,0.8740139151481228,0.8576047833545802,0.05758265266095244
2014-05-18,0.864227046325001,0.8557527401950163,0.8740139151481228,0.8576047833545802,0.05758265266095244
2014-05-19,0.8709530376505221,0.8655981089233825,0.8807424746135659,0.8641875260941548,0.04206465504004655
2014-05-20,0.8690150740552232,0.8629650726152825,0.8822505633869695,0.8696154186900077,0.11660979669928215
2014-05-21,0.8875968938310448,0.8793359972598814,0.8901391979479583,0.873772949694941,0.12956444500068662
2014-05-22,0.8838349031052992,0.878534626990963,0.8990719620505776,0.8840512657600766,0.06412139521759208
2014-05-23,0.8907888543349258,0.8817401080666368,0.9001160030841517,0.8824344579369824,0.06492215217047431
2014-05-24,0.8907888543349258,0.8817401080666368,0.9001160030841517,0.8824344579369824,0.06492215217047431
2014-05-25,0.8907888543349258,0.8817401080666368,0.9001160030841517,0.8824344579369824,0.06492215217047431
2014-05-26,0.8907888543349258,0.8817401080666368,0.9001160030841517,0.8824344579369824,0.06492215217047431
2014-05-27,0.8880529006136566,0.8817401080666368,0.8993039416664641,0.8897100931409064,0.0729320393749924
2014-05-28,0.8722070345591042,0.8804807994522209,0.8885150751125832,0.8874003928534627,0.11044767644320216
2014-05-29,0.8820109629492532,0.8753291459152891,0.8881670614347252,0.8749277998386628,0.09096297686901714
2014-05-30,0.872093011119851,0.8709787753044672,0.8857308771816628,0.8801247576495385,0.07023600312190917
2014-05-31,0.872093011119851,0.8709787753044672,0.8857308771816628,0.8801247576495385,0.07023600312190917
2014-06-01,0.872093011119851,0.8709787753044672,0.8857308771816628,0.8801247576495385,0.07023600312190917
2014-06-02,0.8693570573985818,0.8685746644977118,0.8822505633869695,0.8733109920155685,0.06404085598716472
2014-06-03,0.8715230678723869,0.8629650726152825,0.8837587406684295,0.8677676760819363,0.06471645845247637
2014-06-04,0.8712950209938808,0.8724670967630362,0.8850347613178902,0.871809695639672,0.09272093388424485
2014-06-05,0.8694710808378348,0.8610189001540246,0.8764500994011855,0.8669592721703893,0.0880056226812379
2014-06-06,0.8715230678723869,0.865369183422038,0.8845708020861172,0.8677676760819363,0.086473639046346
2014-06-07,0.8715230678723869,0.865369183422038,0.8845708020861172,0.8677676760819363,0.086473639046346
2014-06-08,0.8715230678723869,0.865369183422038,0.8845708020861172,0.8677676760819363,0.086473639046346
2014-06-09,0.8914729079960437,0.8825414783355553,0.8882830954966967,0.8716941841924742,0.11484256898127143
2014-06-10,0.8907888543349258,0.8881510702179846,0.9040603646186742,0.8910959661790235,0.11998780902584036
2014-06-11,0.8913588845567906,0.8852890210657317,0.906264480747794,0.8892482235709523,0.08066206723924846
2014-06-12,0.9156406586536572,0.9097881548215917,0.9083526513229985,0.8912114776262213,0.15817151611335056
2014-06-13,0.9199726796012675,0.9181453767770059,0.9317865753900783,0.9185817872810443,0.11986902814643308
2014-06-14,0.9199726796012675,0.9181453767770059,0.9317865753900783,0.9185817872810443,0.11986902814643308
2014-06-15,0.9199726796012675,0.9181453767770059,0.9317865753900783,0.9185817872810443,0.11986902814643308
2014-06-16,0.9198586561620146,0.916542636239169,0.9341067255811693,0.9190437449604166,0.09054927175732547
2014-06-17,0.913702695058358,0.9124212784725,0.927610234239669,0.9156946178670305,0.11846393725588356
2014-06-18,0.9092567376458951,0.9100171676657446,0.9251740499866064,0.9158101293142281,0.07401555276275634
2014-06-19,0.9145006851843283,0.9069261056693388,0.9196055656167088,0.9101513019333981,0.04322754882038999
2014-06-20,0.9239626302311188,0.9187178215445798,0.9313225276502486,0.9158101293142281,0.09538046674511999
2014-06-21,0.9239626302311188,0.9187178215445798,0.9313225276502486,0.9158101293142281,0.09538046674511999
2014-06-22,0.9239626302311188,0.9187178215445798,0.9313225276502486,0.9158101293142281,0.09538046674511999
2014-06-23,0.9115366845845527,0.9155122531260974,0.9264501591441234,0.9252800414678165,0.073561288326389
2014-06-24,0.9099407043326124,0.9041785629391624,0.9187935041990212,0.9091118751274557,0.07340658347369758
2014-06-25,0.9152986753102985,0.9160846978936713,0.9213457225140553,0.910497748165573,0.1162013063579059
2014-06-26,0.9077746938588072,0.9081854142837548,0.9162412858839872,0.9170804909051476,0.08529452153613229
2014-06-27,0.9066347203894782,0.901087588285565,0.9197215996786803,0.9047234093375455,0.04661946720112269
2014-06-28,0.9066347203894782,0.901087588285565,0.9197215996786803,0.9047234093375455,0.04661946720112269
2014-06-29,0.9066347203894782,0.901087588285565,0.9197215996786803,0.9047234093375455,0.04661946720112269
2014-06-30,0.9024168098555216,0.8961648602499778,0.911948999179663,0.9053008784641153,0.09665750605347923
2014-07-01,0.9020747395377624,0.899942698750417,0.9112528833158906,0.9024137090501015,0.10033739563940908
2014-07-02,0.892270898122014,0.8935317365990693,0.9054524193301063,0.8997574744210649,0.11098827429923627
2014-07-03,0.8874828703917919,0.8793359972598814,0.9004640167620097,0.8889016892293594,0.0703542045823925
2014-07-04,0.8874828703917919,0.8793359972598814,0.9004640167620097,0.8889016892293594,0.0703542045823925
2014-07-05,0.8874828703917919,0.8793359972598814,0.9004640167620097,0.8889016892293594,0.0703542045823925
2014-07-06,0.8874828703917919,0.8793359972598814,0.9004640167620097,0.8889016892293594,0.0703542045823925
2014-07-07,0.8814409327273884,0.8775042438778914,0.8948956209001684,0.8864764774947179,0.081543942841482
2014-07-08,0.8799589759147011,0.8783056141468099,0.8928074503249639,0.8787388846114214,0.11638324390002242
2014-07-09,0.8673050703640295,0.8714367136499647,0.8793503313940776,0.8794317770757708,0.11731552894863856
2014-07-10,0.8746010049370148,0.8645678131531195,0.8758701061074408,0.8621087605916883,0.10983465122167582
2014-07-11,0.8506612141835068,0.8636519364621246,0.8629930689783554,0.872618099551219,0.12980953920551236
2014-07-12,0.8506612141835068,0.8636519364621246,0.8629930689783554,0.872618099551219,0.12980953920551236
2014-07-13,0.8506612141835068,0.8636519364621246,0.8629930689783554,0.872618099551219,0.12980953920551236
2014-07-14,0.8515732277487302,0.8439610243197754,0.8604408506633214,0.8449012555548031,0.1182935880922458
2014-07-15,0.8407432623541047,0.8423582837819384,0.8464037384386904,0.850329148150656,0.16379014141877676
2014-07-16,0.8548791247174636,0.8485403204319416,0.8587006937659749,0.8420140861407895,0.11106649585396788
2014-07-17,0.8775650055367903,0.8748712075697916,0.8726217719286342,0.856796379443033,0.17055543677467616
2014-07-18,0.8768809518756726,0.8753291459152891,0.8878190477568673,0.88254996938418,0.07185547901431572
2014-07-19,0.8768809518756726,0.8753291459152891,0.8878190477568673,0.88254996938418,0.07185547901431572
2014-07-20,0.8768809518756726,0.8753291459152891,0.8878190477568673,0.88254996938418,0.07185547901431572
2014-07-21,0.8935248080561953,0.8873496999490661,0.8886311091745547,0.8738884611421386,0.04546700296141012
2014-07-22,0.8915868444608961,0.8903262555233954,0.9030162350770439,0.8924818392171409,0.1181313507935432
2014-07-23,0.87676701541082,0.8684601580756354,0.8786543040383614,0.8622242720388859,0.12291561284849875
2014-07-24,0.8647970765468658,0.8681167261522144,0.8796983450719356,0.876544607661757,0.08453026797545815
2014-07-25,0.8650250364509713,0.8591871467720348,0.8694895603198556,0.8631481873976307,0.13697637187570075
2014-07-26,0.8650250364509713,0.8591871467720348,0.8694895603198556,0.8631481873976307,0.13697637187570075
2014-07-27,0.8650250364509713,0.8591871467720348,0.8694895603198556,0.8631481873976307,0.13697637187570075
2014-07-28,0.8602370956951497,0.8542644187364473,0.8683294852243102,0.8611849333423617,0.08650666592501044
2014-07-29,0.8522571944354473,0.8511734440828501,0.862181007560668,0.8580667410339525,0.12141375899765161
2014-07-30,0.8442772062013444,0.8493416907008601,0.8511600728828441,0.8514839982943779,0.1248404425138206
2014-07-31,0.8203374154478364,0.8285059763661714,0.8300463875149118,0.8334680893459457,0.16644909486072798
2014-08-01,0.8170314315047023,0.8084716323004012,0.8241298894671563,0.8130268805534541,0.1312244802177688
2014-08-02,0.8170314315047023,0.8084716323004012,0.8241298894671563,0.8130268805534541,0.1312244802177688
2014-08-03,0.8170314315047023,0.8084716323004012,0.8241298894671563,0.8130268805534541,0.1312244802177688
2014-08-04,0.8217054357956715,0.8149971008738256,0.8280742510016788,0.8126804343212793,0.09024217972763834
2014-08-05,0.8113314771836575,0.8149971008738256,0.8230858484335821,0.8212265192255411,0.1122456133641816
2014-08-06,0.8060875296452243,0.8088150642238222,0.819489589084974,0.8121030533041275,0.12462258099841994
2014-08-07,0.8108754704010459,0.8041213490323881,0.817865466249599,0.8036724798470632,0.1379103951810887
2014-08-08,0.8144095012226862,0.8124784836449935,0.8248260053309286,0.8123339880891046,0.12601782176726248
2014-08-09,0.8144095012226862,0.8124784836449935,0.8248260053309286,0.8123339880891046,0.12601782176726248
2014-08-10,0.8144095012226862,0.8124784836449935,0.8248260053309286,0.8123339880891046,0.12601782176726248
2014-08-11,0.8193114654177607,0.8139668051035626,0.8273782236459628,0.8111791379453827,0.11181452568477177
2014-08-12,0.8112175407188051,0.8066399662612199,0.8208816437964062,0.8146436883765483,0.11245130708217957
2014-08-13,0.8137254475615683,0.8048082128792299,0.82018561644069,0.8072525417254265,0.11888923074605401
2014-08-14,0.7908116938125367,0.802633027573819,0.8029002585453089,0.8084074799785664,0.17504419517842337
2014-08-15,0.8109894938402991,0.8005724360332932,0.803596285901025,0.7876198249539,0.12818716621848614
2014-08-16,0.8109894938402991,0.8005724360332932,0.803596285901025,0.7876198249539,0.12818716621848614
2014-08-17,0.8109894938402991,0.8005724360332932,0.803596285901025,0.7876198249539,0.12818716621848614
2014-08-18,0.8002736388593272,0.7977103868810403,0.8092807158248376,0.8060976915817045,0.06316883050663813
2014-08-19,0.7782718117011183,0.7964510782666244,0.7912993305737406,0.7998613950743046,0.03506933037134379
2014-08-20,0.7963976246943285,0.7898111032711236,0.7964036786957522,0.7783808475852888,0.09191670041781899
2014-08-21,0.7723438105015674,0.7666856972089474,0.7708816725615244,0.7644069581945921,0.10303632898711199
2014-08-22,0.7688098666543279,0.7619919820175133,0.7757540410676496,0.769026446878898,0.08282272040661304
2014-08-23,0.7688098666543279,0.7619919820175133,0.7757540410676496,0.769026446878898,0.08282272040661304
2014-08-24,0.7688098666543279,0.7619919820175133,0.7757540410676496,0.769026446878898,0.08282272040661304
2014-08-25,0.7653898592719408,0.7609615989044417,0.7772622183491096,0.7626746389243003,0.051512660013778584
2014-08-26,0.7712038370322385,0.7655408950166079,0.7807424436357462,0.7629056618186957,0.07402887939800692
2014-08-27,0.771431796936344,0.764281586402192,0.7808584776977177,0.7689109354317002,0.07323391663436407
2014-08-28,0.7790698018270885,0.7696622527832769,0.7819025187312918,0.7674096390558037,0.12386585988375698
2014-08-29,0.7951436277857464,0.7844304368900389,0.7938515488887747,0.7767640397621945,0.10803613488177247
2014-08-30,0.7951436277857464,0.7844304368900389,0.7938515488887747,0.7767640397621945,0.10803613488177247
2014-08-31,0.7951436277857464,0.7844304368900389,0.7938515488887747,0.7767640397621945,0.10803613488177247
2014-09-01,0.7951436277857464,0.7844304368900389,0.7938515488887747,0.7767640397621945,0.10803613488177247
2014-09-02,0.7600318882942545,0.7834001411197759,0.7729698431367289,0.7911998868322633,0.1575092402832895
2014-09-03,0.7903556870299251,0.7824842644287809,0.7773781639030246,0.7619817464599509,0.14246694559893666
2014-09-04,0.777929741383359,0.777447029971117,0.790139255478195,0.7826538900374197,0.1191424368158149
2014-09-05,0.7647058925852235,0.7728677338589508,0.7750580137119336,0.7768795512093921,0.1233409063386692
2014-09-06,0.7647058925852235,0.7728677338589508,0.7750580137119336,0.7768795512093921,0.1233409063386692
2014-09-07,0.7647058925852235,0.7728677338589508,0.7750580137119336,0.7768795512093921,0.1233409063386692
2014-09-08,0.7575239814514914,0.7571837604040025,0.7627610583846491,0.7644069581945921,0.13296157815173476
2014-09-09,0.7585499314815671,0.7608471798251738,0.7711136521774109,0.7600184924046819,0.13173668654652995
2014-09-10,0.7462380092742542,0.7504292789864252,0.756032498919206,0.7563229190791209,0.1429947962386441
2014-09-11,0.7594619450467905,0.7551230815206681,0.7468677552007001,0.7438503260643211,0.20549613614490572
2014-09-12,0.7530779370646279,0.7577561178287678,0.7646171608359107,0.7593255999403322,0.14442132562937932
2014-09-13,0.7530779370646279,0.7577561178287678,0.7646171608359107,0.7593255999403322,0.14442132562937932
2014-09-14,0.7530779370646279,0.7577561178287678,0.7646171608359107,0.7593255999403322,0.14442132562937932
2014-09-15,0.7604878950768661,0.7504292789864252,0.7491879053917911,0.7487007495336039,0.12283101768560381
2014-09-16,0.7828317055784337,0.7751574255864381,0.770417624821695,0.756553853864098,0.1426569950059883
2014-09-17,0.7775877580400006,0.7736691041278693,0.7852667984640134,0.7784963590324864,0.14909375983201487
2014-09-18,0.7621978987680598,0.7709215613976929,0.7749419796499621,0.7699503622376426,0.07083743996495676
2014-09-19,0.754674004290969,0.752604464291836,0.7633410516783936,0.7584016845815876,0.025647399249188962
2014-09-20,0.754674004290969,0.752604464291836,0.7633410516783936,0.7584016845815876,0.025647399249188962
2014-09-21,0.754674004290969,0.752604464291836,0.7633410516783936,0.7584016845815876,0.025647399249188962
2014-09-22,0.7445280055830608,0.7459644892963354,0.755800430795263,0.7497401763395463,0.10471027025836868
2014-09-23,0.7449840123656724,0.7396679462242556,0.7486079120980467,0.7321861369610684,0.11545153827033022
2014-09-24,0.7591199617034319,0.7534058345607545,0.7548724238236604,0.7439658375115187,0.13565239963450254
2014-09-25,0.7560419376644034,0.7562678837130073,0.7656612903775413,0.7574777692228428,0.11607846954603107
2014-09-26,0.7675558697457459,0.7599313031341787,0.7677494609527458,0.75262734575356,0.12189467670452012
2014-09-27,0.7675558697457459,0.7599313031341787,0.7677494609527458,0.75262734575356,0.12189467670452012
2014-09-28,0.7675558697457459,0.7599313031341787,0.7677494609527458,0.75262734575356,0.12189467670452012
2014-09-29,0.779297761731194,0.7688608825143585,0.7736658704924451,0.7627901503714979,0.12325978768931789
2014-09-30,0.7404241184883571,0.7718374380886878,0.7518561577687968,0.7742233165803555,0.22060506400551144
2014-10-01,0.7355221542932826,0.7496279087175067,0.7473318029405296,0.7398083065065854,0.19742540995337415
2014-10-02,0.7387141147971634,0.7333714904949843,0.7207656672646714,0.7326480946404407,0.23236900641822344
2014-10-03,0.7242361821160455,0.7362335396472371,0.7344547658114442,0.7400392412915625,0.17051082151753294
2014-10-04,0.7242361821160455,0.7362335396472371,0.7344547658114442,0.7400392412915625,0.17051082151753294
2014-10-05,0.7242361821160455,0.7362335396472371,0.7344547658114442,0.7400392412915625,0.17051082151753294
2014-10-06,0.7310761099064189,0.7242128982706516,0.7274942267301145,0.7214458632165602,0.13216429771239616
2014-10-07,0.7140902703825378,0.7222667258093939,0.7230858174557624,0.7292989675470546,0.1457800630060138
2014-10-08,0.6965344006367917,0.7000571964382126,0.7051044322046653,0.7059706774499671,0.18844789314587973
2014-10-09,0.6789785308910459,0.6922724192503725,0.6729698121589094,0.6978866383344958,0.17180002862329485
2014-10-10,0.6795485611129106,0.6732684582976738,0.6675173618509831,0.6593140091463744,0.20164473855749024
2014-10-11,0.6795485611129106,0.6732684582976738,0.6675173618509831,0.6593140091463744,0.20164473855749024
2014-10-12,0.6795485611129106,0.6732684582976738,0.6675173618509831,0.6593140091463744,0.20164473855749024
2014-10-13,0.6786365475476872,0.668460236684163,0.6730858462208809,0.6686684098527652,0.14127913680486387
2014-10-14,0.6341768864486579,0.6653691746877571,0.6411832942990678,0.6661277747803444,0.2475949769014646
2014-10-15,0.6334929197619406,0.6293073379008091,0.6259861069788912,0.635408249922717,0.2544836884881628
2014-10-16,0.6439808148388069,0.656554101729654,0.6233178546018856,0.6208568914054505,0.21786615075205681
2014-10-17,0.6445508450606716,0.6522037311188321,0.6541763654901247,0.6453401197556778,0.07279008173862761
2014-10-18,0.6445508450606716,0.6522037311188321,0.6541763654901247,0.6453401197556778,0.07279008173862761
2014-10-19,0.6445508450606716,0.6522037311188321,0.6541763654901247,0.6453401197556778,0.07279008173862761
2014-10-20,0.64409483827806,0.6410990537760501,0.6438515466760732,0.6447626506291079,0.020387434257680345
2014-10-21,0.6452348117473887,0.6476245223494744,0.6524362085927782,0.6404896962863951,0.1442787885740906
2014-10-22,0.6191290105200755,0.6373211279328023,0.6284222912319537,0.6380644845517537,0.1759701066188762
2014-10-23,0.6370268636091803,0.6283915485526227,0.6264501547187207,0.6134657447543287,0.1774893430374415
2014-10-24,0.6247150283762679,0.6235832395963032,0.630046414067329,0.6311352074705862,0.1297857830296309
2014-10-25,0.6247150283762679,0.6235832395963032,0.630046414067329,0.6311352074705862,0.1297857830296309
2014-10-26,0.6247150283762679,0.6235832395963032,0.630046414067329,0.6311352074705862,0.1297857830296309
2014-10-27,0.624601004937015,0.6160274752526161,0.6193735815754196,0.6232821031400919,0.1372127747966674
2014-10-28,0.6293889456928363,0.6202633394413615,0.630046414067329,0.6160064679361678,0.10287582994518119
2014-10-29,0.6382808605177621,0.6342300659363964,0.6425754375185562,0.6265158068956986,0.13630598418070455
2014-10-30,0.6259690252848498,0.6251859801341402,0.634222755217738,0.630904272685609,0.12837373911199415
2014-10-31,0.6193570573985818,0.6157984624084631,0.6206496907329366,0.6206259566204734,0.1423441087870618
2014-11-01,0.6193570573985818,0.6157984624084631,0.6206496907329366,0.6206259566204734,0.1423441087870618
2014-11-02,0.6193570573985818,0.6157984624084631,0.6206496907329366,0.6206259566204734,0.1423441087870618
2014-11-03,0.599293193835672,0.6124785622535214,0.603596312453442,0.6154289988095977,0.19557068997784882
2014-11-04,0.5811673808424618,0.583056700462074,0.5776101700713281,0.5880586891547748,0.22263650675283786
2014-11-05,0.5981532203663431,0.593817945881435,0.5848027772766009,0.5781268193218139,0.23128954896292703
2014-11-06,0.5893753289806705,0.5895821690354983,0.5924594322217032,0.5955653472530942,0.14159897605087762
2014-11-07,0.5978112370229847,0.5945048970710856,0.5965197393101407,0.5839011581498414,0.14923571746837966
2014-11-08,0.5978112370229847,0.5945048970710856,0.5965197393101407,0.5839011581498414,0.14923571746837966
2014-11-09,0.5978112370229847,0.5945048970710856,0.5965197393101407,0.5839011581498414,0.14923571746837966
2014-11-10,0.5835613512203726,0.5995420441859408,0.5925753777756182,0.5912923048009633,0.15700862233300714
2014-11-11,0.5897173123240291,0.5788208362733287,0.5843387295367715,0.5760480538193472,0.15400549405023678
2014-11-12,0.5810533574032088,0.5792787746188262,0.5867749137898339,0.5797436271449081,0.18045133257661222
2014-11-13,0.5471956148202988,0.5687464547008096,0.5570765665051969,0.5733918191903106,0.2308961235135732
2014-11-14,0.5655494746920149,0.558900998629635,0.5475638091088331,0.5434807863536486,0.17772458712056027
2014-11-15,0.5655494746920149,0.558900998629635,0.5475638091088331,0.5434807863536486,0.17772458712056027
2014-11-16,0.5655494746920149,0.558900998629635,0.5475638091088331,0.5434807863536486,0.17772458712056027
2014-11-17,0.5634974876574628,0.5575271835931426,0.5645011533263562,0.5616122067492784,0.1338144828077714
2014-11-18,0.5517555956720146,0.560503739167472,0.557656648306998,0.5565307603856003,0.07978482698840642
2014-11-19,0.5514136123286562,0.5485976042129629,0.5548723618680209,0.5419794899777519,0.039262585123882664
2014-11-20,0.5628135209707457,0.5527189619796318,0.5582366416007425,0.5422104247627291,0.10904895916081597
2014-11-21,0.5734154394868649,0.5764167254665733,0.5750580402643506,0.5657697377542117,0.13141279136804865
2014-11-22,0.5734154394868649,0.5764167254665733,0.5750580402643506,0.5657697377542117,0.13141279136804865
2014-11-23,0.5734154394868649,0.5764167254665733,0.5750580402643506,0.5657697377542117,0.13141279136804865
2014-11-24,0.5650934679094033,0.5671436268201641,0.5730858152430611,0.5695808225269702,0.0847313263420646
2014-11-25,0.5458275944724638,0.5621064797053089,0.5529002253547879,0.5567617832799956,0.14249707538298143
2014-11-26,0.5412677005951485,0.5380652842949464,0.5481438909106342,0.5378219589728187,0.12160033189115962
2014-11-27,0.5412677005951485,0.5380652842949464,0.5481438909106342,0.5378219589728187,0.12160033189115962
2014-11-28,0.4553123789968651,0.5275328770341212,0.4598608219663543,0.5335489165206877,0.29223920499088285
2014-11-29,0.4553123789968651,0.5275328770341212,0.4598608219663543,0.5335489165206877,0.29223920499088285
2014-11-30,0.4553123789968651,0.5275328770341212,0.4598608219663543,0.5335489165206877,0.29223920499088285
2014-12-01,0.4878021012319402,0.48151116509673064,0.43700697970107555,0.44693383410027443,0.2639867382596689
2014-12-02,0.46363426359992616,0.4789925478678987,0.4712296818139797,0.4843515250352559,0.18065354978106657
2014-12-03,0.4693342179209709,0.46651405548862424,0.4727378590954397,0.4654117007280789,0.14193851554030526
2014-12-04,0.4628362734739559,0.4663995490665478,0.4645011223485365,0.4631020004406352,0.10921757006768193
2014-12-05,0.45177834817522494,0.4511734266142884,0.4538282898566271,0.4561728114688858,0.13211504710386143
2014-12-06,0.45177834817522494,0.4511734266142884,0.4538282898566271,0.4561728114688858,0.13211504710386143
2014-12-07,0.45177834817522494,0.4511734266142884,0.4538282898566271,0.4561728114688858,0.13211504710386143
2014-12-08,0.41997263611406727,0.4358328850827611,0.4261020790852232,0.44069753759287444,0.1631417716428902
2014-12-09,0.4287505709869403,0.42037774978634856,0.41995360142158095,0.41240326852459763,0.15892765780908957
2014-12-10,0.3959188219213063,0.41156267682824554,0.3988399160536488,0.41609888590486765,0.23620360085684472
2014-12-11,0.3846329367184698,0.39152833276247534,0.3817865377741542,0.39057627480340695,0.19930678319940065
2014-12-12,0.3602371391823502,0.36737263093003625,0.3629930468513413,0.3680563445631577,0.21189813583549602
2014-12-13,0.3602371391823502,0.36737263093003625,0.3629930468513413,0.3680563445631577,0.21189813583549602
2014-12-14,0.3602371391823502,0.36737263093003625,0.3629930468513413,0.3680563445631577,0.21189813583549602
2014-12-15,0.33857729536749986,0.3577561440316104,0.33607889749762504,0.34380413910732566,0.2181106655379586
2014-12-16,0.3388052987588058,0.3396680160985024,0.31960555676590324,0.32451786856797393,0.272482178522447
2014-12-17,0.3449612598624621,0.36061819318386334,0.3266821299092045,0.3256727187116958,0.1758310460771311
2014-12-18,0.31805746850917876,0.3577561440316104,0.3248259832039146,0.3294838034844544,0.03348983438468897
2014-12-19,0.3455312465971266,0.3369204296969218,0.3265661401012612,0.3256727187116958,0.19411692789768853
2014-12-20,0.3455312465971266,0.3369204296969218,0.3265661401012612,0.3256727187116958,0.19411692789768853
2014-12-21,0.3455312465971266,0.3369204296969218,0.3265661401012612,0.3256727187116958,0.19411692789768853
2014-12-22,0.33116733735526155,0.35546649597552726,0.337355006655142,0.3516572434378198,0.1325727880537724
2014-12-23,0.35237117438750015,0.344361774961341,0.3365429452374545,0.32440235712077625,0.13065143490199418
2014-12-24,0.3377793052415296,0.3396680160985024,0.33665893504539773,0.3406859908536256,0.07326926118872429
2014-12-25,0.3377793052415296,0.3396680160985024,0.33665893504539773,0.3406859908536256,0.07326926118872429
2014-12-26,0.32512539969085824,0.3332570102757504,0.3301623994498693,0.3298302497166291,0.045592157448980715
2014-12-27,0.32512539969085824,0.3332570102757504,0.3301623994498693,0.3298302497166291,0.045592157448980715
2014-12-28,0.32512539969085824,0.3332570102757504,0.3301623994498693,0.3298302497166291,0.045592157448980715
2014-12-29,0.312357514188134,0.32352606062665235,0.31148494258902787,0.3204758049555292,0.11174789250851891
2014-12-30,0.3181714484612315,0.30726959873272575,0.30916474814390865,0.30511608658142464,0.09852497324533119
2014-12-31,0.30848154351033547,0.30383514848430315,0.30614848208904505,0.3068483617970075,0.10719250092851881
2015-01-01,0.30848154351033547,0.30383514848430315,0.30614848208904505,0.3068483617970075,0.10719250092851881
2015-01-02,0.3018695756240674,0.3163136845349819,0.30139210339086314,0.30557800020608794,0.1275834116997428
2015-01-03,0.3018695756240674,0.3163136845349819,0.30139210339086314,0.30557800020608794,0.1275834116997428
2015-01-04,0.3018695756240674,0.3163136845349819,0.30139210339086314,0.30557800020608794,0.1275834116997428
2015-01-05,0.27165984381485025,0.2890669643775412,0.27412994035928867,0.29229704733445006,0.18962411356147374
2015-01-06,0.24760602962208927,0.26204921339284937,0.24941995138872014,0.26215499160339273,0.23357883313140587
2015-01-07,0.25581397776029785,0.24991415293699581,0.24106731334193016,0.23905763629128252,0.238469708268366
2015-01-08,0.25740995801223837,0.253806541530916,0.25150812196392475,0.2480655907654986,0.18168549488460004
2015-01-09,0.25250799381716377,0.2533486031854184,0.24489559656045295,0.24968239858859287,0.21582833439656707
2015-01-10,0.25250799381716377,0.2533486031854184,0.24489559656045295,0.24968239858859287,0.21582833439656707
2015-01-11,0.25250799381716377,0.2533486031854184,0.24489559656045295,0.24968239858859287,0.21582833439656707
2015-01-12,0.22640219258985067,0.2370921412914918,0.22703015686327094,0.24125186918623776,0.20072809781982043
2015-01-13,0.22435020555529844,0.22106469224171832,0.21055686038557736,0.21238017504609996,0.2480057849185366
2015-01-14,0.2538759706777985,0.24533485682482947,0.2199535837199697,0.2178080676419527,0.2675385762634085
2015-01-15,0.2284541796244028,0.2723526078095214,0.2322505833012823,0.24598682526303195,0.249048159562701
2015-01-16,0.25626994105570916,0.24487691847933202,0.23085848433582207,0.22000230053690795,0.07364993942175152
2015-01-17,0.25626994105570916,0.24487691847933202,0.23085848433582207,0.22000230053690795,0.07364993942175152
2015-01-18,0.25626994105570916,0.24487691847933202,0.23085848433582207,0.22000230053690795,0.07364993942175152
2015-01-19,0.25626994105570916,0.24487691847933202,0.23085848433582207,0.22000230053690795,0.07364993942175152
2015-01-20,0.2300501598763433,0.24373211628699254,0.2301624127260778,0.24702620801426523,0.2261912418511971
2015-01-21,0.2458960259308957,0.23720664771356836,0.23781902341715183,0.223928852702155,0.16903735919395876
2015-01-22,0.2291381897983203,0.24739553570816397,0.22993038885616307,0.2315509781929631,0.21920171137173375
2015-01-23,0.22093024166011171,0.23216941325590457,0.22227377816508903,0.22323596023780556,0.1887590411080344
2015-01-24,0.22093024166011171,0.23216941325590457,0.22227377816508903,0.22323596023780556,0.1887590411080344
2015-01-25,0.22093024166011171,0.23216941325590457,0.22227377816508903,0.22323596023780556,0.1887590411080344
2015-01-26,0.21591429751298435,0.2167143653023007,0.21229697302889566,0.20672134766527006,0.15187844718046062
2015-01-27,0.228226176233097,0.21831710584013764,0.2176334335288786,0.20591294375372293,0.15332873274707728
2015-01-28,0.2079343527660817,0.21007443397820424,0.20916476142011703,0.21399702692390332,0.1836317630501076
2015-01-29,0.2088463228441046,0.2001144714849531,0.20336429743433287,0.19782886058354254,0.14613872331993139
2015-01-30,0.25114001695652916,0.23892385100207747,0.21183296954309444,0.20013860492569535,0.2350273804412507
2015-01-31,0.25114001695652916,0.23892385100207747,0.21183296954309444,0.20013860492569535,0.2350273804412507
2015-02-01,0.25114001695652916,0.23892385100207747,0.21183296954309444,0.20013860492569535,0.2350273804412507
2015-02-02,0.26630187283716406,0.2642243986982603,0.23921112238261205,0.23432268021448832,0.2682089639584047
2015-02-03,0.30597354969317175,0.306353765713135,0.27424593016723203,0.25972977986875134,0.345567184493359
2015-02-04,0.2535339873344398,0.28712079191628337,0.2540603402789588,0.28144126214274445,0.30651203134424615
2015-02-05,0.2766757879619776,0.28185458828587073,0.24721579100557228,0.24679522917457908,0.31771567565751013
2015-02-06,0.2904696669819779,0.29398969241312856,0.28619491607068664,0.2720868614363535,0.3108350759357471
2015-02-07,0.2904696669819779,0.29398969241312856,0.28619491607068664,0.2720868614363535,0.3108350759357471
2015-02-08,0.2904696669819779,0.29398969241312856,0.28619491607068664,0.2720868614363535,0.3108350759357471
2015-02-09,0.30380758270656677,0.30349171656088214,0.2969837826245674,0.2853678143079915,0.282668363205276
2015-02-10,0.27143184042354446,0.28815113135795056,0.2762181109344933,0.2902182818319834,0.2625839650448152
2015-02-11,0.2579799447469027,0.27086433002235677,0.2552204153745043,0.27347269041976163,0.27276493495732873
2015-02-12,0.28499771605223895,0.276130489981365,0.26786542863367496,0.25545673741662045,0.2984853409909338
2015-02-13,0.30289556914134347,0.29708071073813014,0.2897911754192947,0.27774568881718353,0.22513669940963005
2015-02-14,0.30289556914134347,0.29708071073813014,0.2897911754192947,0.27774568881718353,0.22513669940963005
2015-02-15,0.30289556914134347,0.29708071073813014,0.2897911754192947,0.27774568881718353,0.22513669940963005
2015-02-16,0.30289556914134347,0.29708071073813014,0.2897911754192947,0.27774568881718353,0.22513669940963005
2015-02-17,0.3114455006229107,0.3053234262714678,0.2872390013582889,0.2939138551575443,0.27249086980630605
2015-02-18,0.2955996345683582,0.2968517415653814,0.281554527180448,0.2995727265930833,0.12107537834607185
2015-02-19,0.2844277293175745,0.2823125266313683,0.26798146269564654,0.2685067555032812,0.04443795495249634
2015-02-20,0.2750798077100371,0.2789925391336179,0.2767981484822661,0.2764753712809731,0.18402866501300508
2015-02-21,0.2750798077100371,0.2789925391336179,0.2767981484822661,0.2764753712809731,0.18402866501300508
2015-02-22,0.2750798077100371,0.2789925391336179,0.2767981484822661,0.2764753712809731,0.18402866501300508
2015-02-23,0.26493389597652944,0.26914712673384755,0.2624129783257489,0.2708164998454341,0.24733481780461647
2015-02-24,0.2629958888940301,0.2615913187187562,0.26252901238772036,0.25545673741662045,0.14171717751136095
2015-02-25,0.2824897657222754,0.2724670705601936,0.25962878039482823,0.2524541006101181,0.2207632453717465
2015-02-26,0.2503419833433586,0.2717802067133517,0.2523201833816123,0.2737036692594478,0.23818057822532096
2015-02-27,0.26846783982376904,0.257126485357262,0.2599767940726863,0.25025986771516284,0.20336329508589018
2015-02-28,0.26846783982376904,0.257126485357262,0.2599767940726863,0.25025986771516284,0.20336329508589018
2015-03-01,0.26846783982376904,0.257126485357262,0.2599767940726863,0.25025986771516284,0.20336329508589018
2015-03-02,0.26652987622846996,0.2697195278300173,0.26287702606557833,0.2558032277035043,0.21940334915726414
2015-03-03,0.2771317947445892,0.2673154170232619,0.27146173223631137,0.2598452472612399,0.18661982644085554
2015-03-04,0.2886456833387316,0.2805953233428591,0.2732018448796297,0.26919969202233984,0.24073291858526757
2015-03-05,0.27986774846585855,0.2852890822056977,0.28491880691316956,0.28086383707088347,0.18682609957777743
2015-03-06,0.26675787961977576,0.2717802067133517,0.2648492068328397,0.27243330766852836,0.20761970650113828
2015-03-07,0.26675787961977576,0.2717802067133517,0.2648492068328397,0.27243330766852836,0.20761970650113828
2015-03-08,0.26675787961977576,0.2717802067133517,0.2648492068328397,0.27243330766852836,0.20761970650113828
2015-03-09,0.27120383703223866,0.26685747867776444,0.26914153779119204,0.257535502919087,0.2093794017731378
2015-03-10,0.2517100036911935,0.2619347506421771,0.25696057227185093,0.26307890696213754,0.20120032424282985
2015-03-11,0.2503419833433586,0.2469375973626664,0.2468677773277143,0.24795012337301003,0.2063160139222779
2015-03-12,0.23757409784063438,0.2436176098649161,0.24141532701978813,0.24413903860025155,0.17954164486602966
2015-03-13,0.21238031017854447,0.22667428412414747,0.21693736191913432,0.22670055472368023,0.20117772690479627
2015-03-14,0.21238031017854447,0.22667428412414747,0.21693736191913432,0.22670055472368023,0.20117772690479627
2015-03-15,0.21238031017854447,0.22667428412414747,0.21693736191913432,0.22670055472368023,0.20117772690479627
2015-03-16,0.20143640831906667,0.20057240983045055,0.19489558107154314,0.202217370428162,0.18488330792581353
2015-03-17,0.19664842407604483,0.19141386127752225,0.1897911886955032,0.1910151390042817,0.17254747903517478
2015-03-18,0.21032832314399236,0.2044647984243707,0.18538282367517933,0.17565537657546798,0.09973074402604604
2015-03-19,0.20234837839708958,0.19725242233270024,0.1937355059759976,0.19979211463881152,0.033832850387660235
2015-03-20,0.22241224195999937,0.2180881366673889,0.20023204157152602,0.1927474582745735,0.19159297906501488
2015-03-21,0.22241224195999937,0.2180881366673889,0.20023204157152602,0.1927474582745735,0.19159297906501488
2015-03-22,0.22241224195999937,0.2180881366673889,0.20023204157152602,0.1927474582745735,0.19159297906501488
2015-03-23,0.24213407869235032,0.23045220996739535,0.22366592138457758,0.2206952370559665,0.14132085496738742
2015-03-24,0.24281804537906743,0.24132800548023725,0.23921112238261205,0.23282133978388253,0.15124977764798794
2015-03-25,0.2621978987680598,0.25163135622550503,0.24303944985516318,0.235824020645094,0.20295828125805757
2015-03-26,0.28750570986940266,0.28620491522528835,0.26310904993549306,0.2508372927870238,0.2704501563561966
2015-03-27,0.2583219280902613,0.27361191642393734,0.2570765620797942,0.27381913665193636,0.19443908481939803
2015-03-28,0.2583219280902613,0.27361191642393734,0.2570765620797942,0.27381913665193636,0.19443908481939803
2015-03-29,0.2583219280902613,0.27361191642393734,0.2570765620797942,0.27381913665193636,0.19443908481939803
2015-03-30,0.2561559611036564,0.24819690597708244,0.2501160229984644,0.24564037903085723,0.17808440627232575
2015-03-31,0.2438440388963436,0.24327417794149508,0.24628769552591329,0.24748816569363763,0.18381022407868047
2015-04-01,0.2722298305495147,0.2629650900838443,0.24361948740293599,0.23386072253511592,0.23326710575032722
2015-04-02,0.26139990864208956,0.2609044112005099,0.25591648698424857,0.25742003552659853,0.2345939750861451
2015-04-03,0.26139990864208956,0.2609044112005099,0.25591648698424857,0.25742003552659853,0.2345939750861451
2015-04-04,0.26139990864208956,0.2609044112005099,0.25591648698424857,0.25742003552659853,0.2345939750861451
2015-04-05,0.26139990864208956,0.2609044112005099,0.25591648698424857,0.25742003552659853,0.2345939750861451
2015-04-06,0.2955996345683582,0.28345737249511194,0.2716937561062261,0.2560342065431904,0.1603634579026078
2015-04-07,0.316575468209291,0.3050944570987191,0.2914152982546698,0.28467492184364196,0.28991457626804384
2015-04-08,0.2759917777880601,0.294791062682047,0.2821345647282207,0.29887979007402465,0.2920914531652787
2015-04-09,0.2802097752964175,0.28151115636244983,0.28375868756359585,0.2737036692594478,0.23235567978297283
2015-04-10,0.28989968024731344,0.2799084158246129,0.2787703292495273,0.27058552100574784,0.2008376079964447
2015-04-11,0.28989968024731344,0.2799084158246129,0.2787703292495273,0.27058552100574784,0.2008376079964447
2015-04-12,0.28989968024731344,0.2799084158246129,0.2787703292495273,0.27058552100574784,0.2008376079964447
2015-04-13,0.2929776607991416,0.29330278489488226,0.29489561204936293,0.2830581140205477,0.18948041766833715
2015-04-14,0.3087095469016414,0.301202068504799,0.29907195319977203,0.2858297719873639,0.22163353259550128
2015-04-15,0.3440492462972388,0.33440181246808987,0.31716937251284066,0.30315278847144655,0.26675751955394017
2015-04-16,0.34769721358373146,0.3427589907520998,0.33665893504539773,0.33052314218097856,0.21126656920840367
2015-04-17,0.3366393317722008,0.3365769977735008,0.3394431772303466,0.3379143328868095,0.10551624198156637
2015-04-18,0.3366393317722008,0.3365769977735008,0.3394431772303466,0.3379143328868095,0.10551624198156637
2015-04-19,0.3366393317722008,0.3365769977735008,0.3394431772303466,0.3379143328868095,0.10551624198156637
2015-04-20,0.34393526634518606,0.33989694159984685,0.3341067167303637,0.33329484420250377,0.03700516899622045
2015-04-21,0.33116733735526155,0.3369204296969218,0.33596286343565346,0.33618201361651756,0.1771445887776984
2015-04-22,0.34142727252802224,0.3401259107725957,0.3443155457364718,0.33537360970497043,0.1628833508028139
2015-04-23,0.3594391490563799,0.35409272461043906,0.34466355941432975,0.3346806731859119,0.21267745428819254
2015-04-24,0.3527132012180591,0.3488265646514308,0.3532482655850628,0.3491165202559807,0.16212489143137912
2015-04-25,0.3527132012180591,0.3488265646514308,0.3532482655850628,0.3491165202559807,0.16212489143137912
2015-04-26,0.3527132012180591,0.3488265646514308,0.3532482655850628,0.3491165202559807,0.16212489143137912
2015-04-27,0.3508892175748128,0.3481396571331845,0.3534802894549775,0.3464603296816532,0.11706695823026919
2015-04-28,0.35168720770078304,0.3474527932863426,0.34825986301696615,0.3389537156380428,0.13520624706307033
2015-04-29,0.3690150740552232,0.36462508819985995,0.35371231332489234,0.3421873312842313,0.21008629286034208
2015-04-30,0.3809849694319772,0.3705781120057101,0.3750580225627393,0.36089617675172203,0.1690779185186344
2015-05-01,0.3755130185022382,0.3711505567732841,0.374361950952995,0.3752165564293024,0.11370343137680947
2015-05-02,0.3755130185022382,0.3711505567732841,0.374361950952995,0.3752165564293024,0.11370343137680947
2015-05-03,0.3755130185022382,0.3711505567732841,0.374361950952995,0.3752165564293024,0.11370343137680947
2015-05-04,0.3730050246850744,0.3692043406406219,0.3758700839804268,0.3695576849937634,0.0964906334033851
2015-05-05,0.3897629043048501,0.3848883577669746,0.3779582545556313,0.36551566543602776,0.19771338115857132
2015-05-06,0.39580484196925353,0.4018317271791474,0.4001160252111658,0.38595683017381033,0.2173209175446312
2015-05-07,0.37311900463712716,0.3872925122451343,0.37633413172025626,0.3856103398869265,0.2251077284634332
2015-05-08,0.37824897222350756,0.3711505567732841,0.3722737803777904,0.3663240693475749,0.223689890356557
2015-05-09,0.37824897222350756,0.3711505567732841,0.3722737803777904,0.3663240693475749,0.223689890356557
2015-05-10,0.37824897222350756,0.3711505567732841,0.3722737803777904,0.3663240693475749,0.223689890356557
2015-05-11,0.37665299197156704,0.3705781120057101,0.37935035352109164,0.3710590254243691,0.1646581109668358
2015-05-12,0.3937528549347014,0.3878649133413039,0.3836426844794441,0.3692112387615887,0.20211812381834754
2015-05-13,0.3909028777741789,0.3934745052237332,0.3940835373554669,0.3918466363943265,0.21920518788527737
2015-05-14,0.38383494659249956,0.38191184586404947,0.3864269266643929,0.37879661830766564,0.1813094520029643
2015-05-15,0.3816689361186943,0.3719519270422026,0.3755220260485405,0.3738306833911853,0.10057148088467999
2015-05-16,0.3816689361186943,0.3719519270422026,0.3755220260485405,0.3738306833911853,0.10057148088467999
2015-05-17,0.3816689361186943,0.3719519270422026,0.3755220260485405,0.3738306833911853,0.10057148088467999
2015-05-18,0.37870497900611916,0.3823697842095469,0.38294665712372805,0.37590944889365185,0.05555063049470208
2015-05-19,0.3539671546394407,0.36805953844828254,0.3600928148584493,0.3723293870152886,0.16702503727112228
2015-05-20,0.37357501141973876,0.3613051007021095,0.37180973263796097,0.3582399861773945,0.13825688769760358
2015-05-21,0.39341087159134275,0.38305664805638884,0.37865428191134737,0.3638988576129335,0.16296099293862157
2015-05-22,0.38201096294925324,0.3814539075185519,0.3863108926024214,0.3852638936547518,0.10533314560160198
2015-05-23,0.38201096294925324,0.3814539075185519,0.3863108926024214,0.3852638936547518,0.10533314560160198
2015-05-24,0.38201096294925324,0.3814539075185519,0.3863108926024214,0.3852638936547518,0.10533314560160198
2015-05-25,0.38201096294925324,0.3814539075185519,0.3863108926024214,0.3852638936547518,0.10533314560160198
2015-05-26,0.3627450895123137,0.37515740811787646,0.3672853778096938,0.3782191932358048,0.16317132200801104
2015-05-27,0.35681713179996305,0.36027476126044233,0.36322507072125615,0.3582399861773945,0.15435778075599105
2015-05-28,0.3587551388824624,0.350200336016519,0.35336425539300603,0.3502714144544117,0.16928650933125206
2015-05-29,0.388622887348321,0.38030910532621254,0.36740141187166525,0.35419796661965885,0.23391489610728983
2015-05-30,0.388622887348321,0.38030910532621254,0.36740141187166525,0.35419796661965885,0.23391489610728983
2015-05-31,0.388622887348321,0.38030910532621254,0.36740141187166525,0.35419796661965885,0.23391489610728983
2015-06-01,0.3874829138789922,0.37962219780796624,0.3860789129865349,0.38099089525733,0.14118874745272955
2015-06-02,0.3995667892077989,0.39038353057013586,0.39489559877315444,0.37972053366641045,0.1715033661342386
2015-06-03,0.38109894938402994,0.3886662836102224,0.38619490279447816,0.3894214246596851,0.18702599910653603
2015-06-04,0.36240310616895505,0.3716084514473773,0.36867752102918233,0.37267583324746334,0.18241788040445758
2015-06-05,0.3752850151109323,0.3634802423361162,0.3570765930576139,0.354428945459345,0.2390103061244001
2015-06-06,0.3752850151109323,0.3634802423361162,0.3570765930576139,0.354428945459345,0.2390103061244001
2015-06-07,0.3752850151109323,0.3634802423361162,0.3570765930576139,0.354428945459345,0.2390103061244001
2015-06-08,0.36399908642089557,0.3623354401437767,0.3690255347070403,0.36563113282851634,0.168801535691916
2015-06-09,0.3867989037050747,0.3800801361534638,0.37331786566539277,0.3581245187849059,0.2068351732781263
2015-06-10,0.4015047962902983,0.3931310733003123,0.39907193992356355,0.38434002235071607,0.2382854530505537
2015-06-11,0.3939808583260072,0.38981108580256185,0.3962876977386148,0.3908072536430932,0.17608830807935955
2015-06-12,0.3847469166705226,0.37950773505729407,0.39071925762274523,0.38399353206383224,0.11494628496865633
2015-06-13,0.3847469166705226,0.37950773505729407,0.39071925762274523,0.38399353206383224,0.11494628496865633
2015-06-14,0.3847469166705226,0.37950773505729407,0.39071925762274523,0.38399353206383224,0.11494628496865633
2015-06-15,0.3797309725233952,0.3720663897928749,0.3791183296511769,0.37648691802022194,0.1313374669079367
2015-06-16,0.3848609401097756,0.37653117948296466,0.38712295402010893,0.37302227947963806,0.10743527745764883
2015-06-17,0.38429090988791087,0.38809388251405275,0.38051042861663725,0.3779882143961185,0.20142861529886139
2015-06-18,0.3903328910395146,0.3824842469602192,0.3851508175068758,0.3751010449821047,0.0772707282774397
2015-06-19,0.3807569660406713,0.3787063647883756,0.38085848654852344,0.3834161069919714,0.039481605477131206
2015-06-20,0.3807569660406713,0.3787063647883756,0.38085848654852344,0.3834161069919714,0.039481605477131206
2015-06-21,0.3807569660406713,0.3787063647883756,0.38085848654852344,0.3834161069919714,0.039481605477131206
2015-06-22,0.38155495616664153,0.3757298092140462,0.38143852409629625,0.37117449281685766,0.11981803928112653
2015-06-23,0.39671681204727655,0.38935319112846867,0.38863108704754074,0.3800669798985852,0.16670345976833673
2015-06-24,0.38828090400496246,0.3902690241480593,0.39153131904043287,0.3908072536430932,0.15323834339494297
2015-06-25,0.38178295955794744,0.37756151892463186,0.3872389880820804,0.38018249134578286,0.10071749445351236
2015-06-26,0.3809849694319772,0.37183742062012615,0.3794663433290349,0.3737152159986967,0.10628918682609959
2015-06-27,0.3809849694319772,0.37183742062012615,0.3794663433290349,0.3737152159986967,0.10628918682609959
2015-06-28,0.3809849694319772,0.37183742062012615,0.3794663433290349,0.3737152159986967,0.10628918682609959
2015-06-29,0.36616509689470084,0.36393818068161365,0.3711137052822449,0.3642453038451082,0.13762300339481548
2015-06-30,0.37916098578873086,0.36874640229512445,0.3699535859326711,0.3576625611055335,0.13556027202559642
2015-07-01,0.35054719074425383,0.36061819318386334,0.3553364361602674,0.3658621116682025,0.18824683477927326
2015-07-02,0.3502052074008953,0.3488265646514308,0.3532482655850628,0.34149439476517274,0.1440053028419919
2015-07-03,0.3502052074008953,0.3488265646514308,0.3532482655850628,0.34149439476517274,0.1440053028419919
2015-07-04,0.3502052074008953,0.3488265646514308,0.3532482655850628,0.34149439476517274,0.1440053028419919
2015-07-05,0.3502052074008953,0.3488265646514308,0.3532482655850628,0.34149439476517274,0.1440053028419919
2015-07-06,0.3000455919808211,0.318946764514486,0.30580046841118697,0.31874352973994635,0.28512741711846856
2015-07-07,0.29776564504216346,0.29708071073813014,0.2845707932353115,0.2939138551575443,0.27739738925421253
2015-07-08,0.2900137036865665,0.29170004435704533,0.2883990764538344,0.2957616418203247,0.22379244750609406
2015-07-09,0.30289556914134347,0.29834001935254617,0.2950116018573062,0.28328909286023396,0.19342046635111512
2015-07-10,0.30243960584593216,0.3023468706971384,0.3005800419731756,0.29079570690384426,0.1741495723598632
2015-07-11,0.30243960584593216,0.3023468706971384,0.3005800419731756,0.29079570690384426,0.1741495723598632
2015-07-12,0.30243960584593216,0.3023468706971384,0.3005800419731756,0.29079570690384426,0.1741495723598632
2015-07-13,0.2962836447422757,0.29410415516380073,0.29245938354227213,0.2869846661857949,0.18017668800666564
2015-07-14,0.305859569741119,0.29708071073813014,0.2880510627759764,0.28525234691550294,0.21684173809453453
2015-07-15,0.28727770647809686,0.2978820810070486,0.29187934599449933,0.3014205132558637,0.16574104493567582
2015-07-16,0.2815777521570521,0.2826559585547892,0.28758701503614686,0.28086383707088347,0.1568203111827273
2015-07-17,0.2813497487657463,0.27189466946402396,0.2794663566052434,0.2726642865082145,0.08979197122373858
2015-07-18,0.2813497487657463,0.27189466946402396,0.2794663566052434,0.2726642865082145,0.08979197122373858
2015-07-19,0.2813497487657463,0.27189466946402396,0.2794663566052434,0.2726642865082145,0.08979197122373858
2015-07-20,0.2729138407234322,0.27223810138744486,0.2761020768725218,0.27093196723792257,0.031335554825487714
2015-07-21,0.2753078111013429,0.26949055865726856,0.27517402564689103,0.26157756653153175,0.11924731164104765
2015-07-22,0.2619698953767539,0.2659416019867694,0.26670535353812946,0.2703545421660617,0.17351858515169477
2015-07-23,0.2535339873344398,0.25357757235816725,0.2570765620797942,0.2532625045216652,0.1550200565860521
2015-07-24,0.24999999999999994,0.24670862818991768,0.2513921321559815,0.24818110221269618,0.13310237695025168
2015-07-25,0.24999999999999994,0.24670862818991768,0.2513921321559815,0.24818110221269618,0.13310237695025168
2015-07-26,0.24999999999999994,0.24670862818991768,0.2513921321559815,0.24818110221269618,0.13310237695025168
2015-07-27,0.24145006851843281,0.23720664771356836,0.24199536456756093,0.23905763629128252,0.13042604094058233
2015-07-28,0.24817601635675363,0.23995419044374466,0.23932715644458352,0.2277399374749136,0.16779450560211187
2015-07-29,0.25740995801223837,0.2523182637437512,0.24756380468343037,0.23686340339632728,0.18447365874658941
2015-07-30,0.2543319774604101,0.25048655403316555,0.258584695107226,0.24864305989206859,0.11538896102654492
2015-07-31,0.23837208796660464,0.24201486932707916,0.23955918031449835,0.24448552888713537,0.16568947665144534
2015-08-01,0.23837208796660464,0.24201486932707916,0.23955918031449835,0.24448552888713537,0.16568947665144534
2015-08-02,0.23837208796660464,0.24201486932707916,0.23955918031449835,0.24448552888713537,0.16568947665144534
2015-08-03,0.21614225741708987,0.22278189553022743,0.22076568939168545,0.2258921508121331,0.18690258287573724
2015-08-04,0.22264024535130528,0.21465368641896632,0.22320187364474803,0.2084536228808529,0.13747872808275494
2015-08-05,0.21591429751298435,0.22003435280005101,0.21786545739879332,0.2154983232997999,0.18472454714065453
2015-08-06,0.21032832314399236,0.20366342815545224,0.21055686038557736,0.20625938998589766,0.18104581639257256
2015-08-07,0.20132238487981352,0.20240411954103632,0.2047563963997932,0.2023328378206506,0.20369704038607842
2015-08-08,0.20132238487981352,0.20240411954103632,0.2047563963997932,0.2023328378206506,0.20369704038607842
2015-08-09,0.20132238487981352,0.20240411954103632,0.2047563963997932,0.2023328378206506,0.20369704038607842
2015-08-10,0.2137482870391792,0.20068687258112283,0.20069604505732735,0.18801250219777932,0.2566344915338204
2015-08-11,0.19231649010283502,0.2044647984243707,0.19303943436625332,0.202217370428162,0.28361918965945815
2015-08-12,0.1948244404327985,0.18763593543427437,0.19431554352377034,0.18443239626470698,0.2571200445920804
2015-08-13,0.18262654166473874,0.18591873214576515,0.183990724709719,0.1852408001762541,0.2153294547030565
2015-08-14,0.18570452221656697,0.17721807826693003,0.17749418911419057,0.17242176092927947,0.15568696776750468
2015-08-15,0.18570452221656697,0.17721807826693003,0.17749418911419057,0.17242176092927947,0.15568696776750468
2015-08-16,0.18570452221656697,0.17721807826693003,0.17749418911419057,0.17242176092927947,0.15568696776750468
2015-08-17,0.17852256759563445,0.1741270599419284,0.18085846884691215,0.17184433585741854,0.1539857938068229
2015-08-18,0.18707249907720158,0.17653121442008807,0.17842228459384957,0.16837974137154382,0.08787988877474337
2015-08-19,0.16632466882757463,0.17401259719125617,0.16647334294442317,0.17450052643174613,0.03422164048562259
2015-08-20,0.17020063950537312,0.16027475252616147,0.1642691383072471,0.153366469229614,0.1923189909767091
2015-08-21,0.16233471819772344,0.15935891950657077,0.16020883121880947,0.1585633389310715,0.19043472063606293
2015-08-22,0.16233471819772344,0.15935891950657077,0.16020883121880947,0.1585633389310715,0.19043472063606293
2015-08-23,0.16233471819772344,0.15935891950657077,0.16020883121880947,0.1585633389310715,0.19043472063606293
2015-08-24,0.1371409305356336,0.1487120931664777,0.13573086611815566,0.15013280952871638,0.24326903521534393
2015-08-25,0.14933882930369335,0.14207211817097698,0.14048724481633756,0.12564962523319811,0.18954763026351393
2015-08-26,0.14124486111753753,0.14172868624755602,0.14466358596674672,0.14308810910976932,0.1855334159584719
2015-08-27,0.18638853239048442,0.1760732760745906,0.14965198853484335,0.13465757970741415,0.2811143616512744
2015-08-28,0.21671228763895461,0.2108758042471227,0.1824825916822872,0.17761867468544607,0.35797196423594635
2015-08-29,0.21671228763895461,0.2108758042471227,0.1824825916822872,0.17761867468544607,0.35797196423594635
2015-08-30,0.21671228763895461,0.2108758042471227,0.1824825916822872,0.17761867468544607,0.35797196423594635
2015-08-31,0.26208391881600707,0.25014312210974454,0.20359627705021938,0.20441160332311725,0.410800484625988
2015-09-01,0.2188782546255595,0.24487691847933202,0.20997682283780456,0.24021248643500437,0.38525680136418394
2015-09-02,0.2284541796244028,0.22083572306896948,0.1990719222219523,0.19586556247356446,0.37128295517557264
2015-09-03,0.23415413394544754,0.23972522127099594,0.22737821479515713,0.21723064257009184,0.28445645000454844
2015-09-04,0.22617418919854476,0.22610188302797785,0.2269141670553277,0.22381338530966655,0.1953308105433385
2015-09-05,0.22617418919854476,0.22610188302797785,0.2269141670553277,0.22381338530966655,0.1953308105433385
2015-09-06,0.22617418919854476,0.22610188302797785,0.2269141670553277,0.22381338530966655,0.1953308105433385
2015-09-07,0.22617418919854476,0.22610188302797785,0.2269141670553277,0.22381338530966655,0.1953308105433385
2015-09-08,0.2249201922899629,0.2167143653023007,0.20986078877583308,0.21388151547670564,0.2667059512697097
2015-09-09,0.20451438887089485,0.21499711834238722,0.20881670348823084,0.21353506924453092,0.21682957029713182
2015-09-10,0.2246921888986571,0.21247854478495964,0.20081207911929883,0.1947107123298425,0.2610143191798673
2015-09-11,0.2099863398006338,0.21064683507437398,0.21009281264574792,0.2126111538857861,0.20124493949997307
2015-09-12,0.2099863398006338,0.21064683507437398,0.21009281264574792,0.2126111538857861,0.20124493949997307
2015-09-13,0.2099863398006338,0.21064683507437398,0.21009281264574792,0.2126111538857861,0.20124493949997307
2015-09-14,0.20280438517970129,0.20022897790702965,0.20348028724227613,0.2018708801412782,0.16093534438053456
2015-09-15,0.2095303330180221,0.20343445898270351,0.20730857046079904,0.19413328725798162,0.16654643723994955
2015-09-16,0.23871411479716348,0.22747565439306594,0.21774942333682185,0.20625938998589766,0.2163926884284826
2015-09-17,0.2358641376366411,0.23159701215973483,0.2352668493561459,0.22901029906583314,0.18418221102784862
2015-09-18,0.21055632653529816,0.22381223497189462,0.21102090812540691,0.22623859704430793,0.09432070953323751
2015-09-19,0.21055632653529816,0.22381223497189462,0.21102090812540691,0.22623859704430793,0.09432070953323751
2015-09-20,0.21055632653529816,0.22381223497189462,0.21102090812540691,0.22623859704430793,0.09432070953323751
2015-09-21,0.23335614381947728,0.22049229114554858,0.21624129030939004,0.20406515709094242,0.03245441276761188
2015-09-22,0.22366623886858134,0.21751573557121917,0.2214617167474015,0.2211571947353389,0.1722954318032618
2015-09-23,0.20827633610944024,0.2251860500083871,0.21299304463863994,0.2221965774865723,0.21058459313492872
2015-09-24,0.21317830030451473,0.20263308871378505,0.20487238620773646,0.20002309347849767,0.18741884513696594
2015-09-25,0.22218423856869357,0.2163709333788797,0.2182134710766514,0.20498902839497812,0.1680929063479399
2015-09-26,0.22218423856869357,0.2163709333788797,0.2182134710766514,0.20498902839497812,0.1680929063479399
2015-09-27,0.22218423856869357,0.2163709333788797,0.2182134710766514,0.20498902839497812,0.1680929063479399
2015-09-28,0.20770634937477578,0.20629650813495637,0.21171693548112297,0.20880011316773672,0.1305952312663722
2015-09-29,0.21682626759100737,0.20858615619103948,0.21171693548112297,0.19863726449508967,0.125536904060394
2015-09-30,0.21523028733906696,0.2103033594795487,0.2161253005014468,0.20348768796437244,0.17807687382631454
2015-10-01,0.21124033670921566,0.22461360524081309,0.215545262953674,0.20880011316773672,0.2494184082550973
2015-10-02,0.22036025492544725,0.20984546480545552,0.20788865226260006,0.20522000723466438,0.21567362954387564
2015-10-03,0.22036025492544725,0.20984546480545552,0.20788865226260006,0.20522000723466438,0.21567362954387564
2015-10-04,0.22036025492544725,0.20984546480545552,0.20788865226260006,0.20522000723466438,0.21567362954387564
2015-10-05,0.22856815957645554,0.22278189553022743,0.22227377816508903,0.21191826142143666,0.15907656847254162
2015-10-06,0.25444595741246284,0.2472810729574917,0.22830626602078802,0.2182700253213251,0.23442420534143132
2015-10-07,0.24623805276145466,0.2544934053777579,0.25116010828606666,0.2506063139473377,0.2891138193151616
2015-10-08,0.26470589258522365,0.2586147631444268,0.2518561356417827,0.24032799788220205,0.267253502152831
2015-10-09,0.26698588301108156,0.2683457127935248,0.26821344231153305,0.2585748856703204,0.26662772971497806
2015-10-10,0.26698588301108156,0.2683457127935248,0.26821344231153305,0.2585748856703204,0.26662772971497806
2015-10-11,0.26698588301108156,0.2683457127935248,0.26821344231153305,0.2585748856703204,0.26662772971497806
2015-10-12,0.23814408457529873,0.25930167066267296,0.24350349759499273,0.2564961201678537,0.20867598719947714
2015-10-13,0.23312814042817148,0.2398397276930725,0.23654291425963475,0.23282133978388253,0.24154352565985676
2015-10-14,0.23290013703686568,0.22301086470297615,0.2307424502738506,0.223928852702155,0.17366633697729894
2015-10-15,0.22993617992429055,0.22369777222122245,0.22250580203500375,0.21919389662536082,0.18681856713176626
2015-10-16,0.23996806821854505,0.22919290135297943,0.23329466858888465,0.22600761820462167,0.08668744462927908
2015-10-17,0.23996806821854505,0.22919290135297943,0.23329466858888465,0.22600761820462167,0.08668744462927908
2015-10-18,0.23996806821854505,0.22919290135297943,0.23329466858888465,0.22600761820462167,0.08668744462927908
2015-10-19,0.22435020555529844,0.22907843860230725,0.22969836498624824,0.2306271068889274,0.04480298887457724
2015-10-20,0.2204742348775,0.21797367391671663,0.22250580203500375,0.2188474503931861,0.18124108056993965
2015-10-21,0.21648428424764882,0.2129364831304571,0.2182134710766514,0.2145744519957642,0.19455265092848986
2015-10-22,0.21853627128220093,0.21316540863180156,0.21867751881648084,0.2075297515768172,0.15889173383580543
2015-10-23,0.20964431297007485,0.20915855728720922,0.21055686038557736,0.20949300563208617,0.2074673193241426
2015-10-24,0.20964431297007485,0.20915855728720922,0.21055686038557736,0.20949300563208617,0.2074673193241426
2015-10-25,0.20964431297007485,0.20915855728720922,0.21055686038557736,0.20949300563208617,0.2074673193241426
2015-10-26,0.2025763817883955,0.19988550231220437,0.20406032479004893,0.20140896651661488,0.14692209770509548
2015-10-27,0.1936844669634697,0.18809387377977183,0.1917633694627645,0.19032220248522302,0.18675193395551337
2015-10-28,0.2249201922899629,0.21453922366829403,0.19733180957863394,0.18639565031997596,0.2740663098604933
2015-10-29,0.22628821263779791,0.22106469224171832,0.22169374061731623,0.21665321749823085,0.22481280423114874
2015-10-30,0.23233015030220122,0.22381223497189462,0.22540603402789589,0.21295764417266994,0.18239586248534795
2015-10-31,0.23233015030220122,0.22381223497189462,0.22540603402789589,0.21295764417266994,0.18239586248534795
2015-11-01,0.23233015030220122,0.22381223497189462,0.22540603402789589,0.21295764417266994,0.18239586248534795
2015-11-02,0.22720018271582093,0.22037778472347203,0.22633412950755488,0.22092621589565276,0.14891182228989835
2015-11-03,0.24726404627873072,0.23903835742415402,0.23097447414376532,0.21723064257009184,0.2236893109376331
2015-11-04,0.22925216975037305,0.238122480733159,0.2334106583968279,0.23605499948478015,0.23802007918339013
2015-11-05,0.21648428424764882,0.21946195170388139,0.22122969287748678,0.222543023718747,0.22546928587197046
2015-11-06,0.20611036912283537,0.2078992486727933,0.2095127750979751,0.20914655939991145,0.2315456521273076
2015-11-07,0.20611036912283537,0.2078992486727933,0.2095127750979751,0.20914655939991145,0.2315456521273076
2015-11-08,0.20611036912283537,0.2078992486727933,0.2095127750979751,0.20914655939991145,0.2315456521273076
2015-11-09,0.20132238487981352,0.20194618119553875,0.20406032479004893,0.19886824333477582,0.25464071101654995
2015-11-10,0.20519835555761196,0.19782482342886998,0.2032482633723614,0.19401777581078394,0.23029410725160165
2015-11-11,0.19060648641164146,0.19038352183585505,0.1922273729485658,0.1885899272696402,0.26297217572385356
2015-11-12,0.17715459073499978,0.18145394245567542,0.1796983937513666,0.1818916730828679,0.2878756010747062
2015-11-13,0.16564070214085747,0.17584430690184183,0.16438517236921862,0.16526159311784383,0.25052741607551454
2015-11-14,0.16564070214085747,0.17584430690184183,0.16438517236921862,0.16526159311784383,0.25052741607551454
2015-11-15,0.16564070214085747,0.17584430690184183,0.16438517236921862,0.16526159311784383,0.25052741607551454
2015-11-16,0.17704061078294703,0.16908986915566887,0.1625290256639288,0.15729297734015202,0.2819817517804095
2015-11-17,0.16484266852768692,0.16657125192683697,0.16856151351962773,0.16930361267557947,0.18263168598739069
2015-11-18,0.16575468209291022,0.16107612279507993,0.16078886876658227,0.1594872542898163,0.1176232003972496
2015-11-19,0.1633607117149995,0.15535202449057417,0.1605568448966675,0.15498327705270826,0.047999063659018924
2015-11-20,0.16165070802380593,0.15466516064373226,0.1501160362746729,0.1529045115502416,0.22256987357658498
2015-11-21,0.16165070802380593,0.15466516064373226,0.1501160362746729,0.1529045115502416,0.22256987357658498
2015-11-22,0.16165070802380593,0.15466516064373226,0.1501160362746729,0.1529045115502416,0.22256987357658498
2015-11-23,0.17715459073499978,0.17481396746017464,0.16658933275236643,0.16387576413443578,0.270979165833752
2015-11-24,0.18992247623772401,0.1829421765714358,0.18341068716194625,0.17022752803432428,0.22121519213241808
2015-11-25,0.19186048332022337,0.1805380657646804,0.1817865643265712,0.17773414207793464,0.19389790754444
2015-11-26,0.19186048332022337,0.1805380657646804,0.1817865643265712,0.17773414207793464,0.19389790754444
2015-11-27,0.17669858395238813,0.18111046686085014,0.18120648252477017,0.18420141742502077,0.15526051543948635
2015-11-28,0.17669858395238813,0.18111046686085014,0.18120648252477017,0.18420141742502077,0.15526051543948635
2015-11-29,0.17669858395238813,0.18111046686085014,0.18120648252477017,0.18420141742502077,0.15526051543948635
2015-11-30,0.17601461726567097,0.1732112269223377,0.1792343460115371,0.1671093797806243,0.18598941865161106
2015-12-01,0.1782945642043286,0.16886089998292014,0.17540601853898602,0.16664742210125189,0.21265891288262653
2015-12-02,0.15652074043742553,0.165884388079995,0.15997680734889475,0.16618546442187954,0.2878396771014221
2015-12-03,0.1695166728186559,0.16370920277458406,0.16264501547187205,0.14840053431313355,0.2597929040882061
2015-12-04,0.15686276726798448,0.16622782000341602,0.15719256516394592,0.1617969986319691,0.2678317622389211
2015-12-05,0.15686276726798448,0.16622782000341602,0.15719256516394592,0.1617969986319691,0.2678317622389211
2015-12-06,0.15686276726798448,0.16622782000341602,0.15719256516394592,0.1617969986319691,0.2678317622389211
2015-12-07,0.13041498269731272,0.1450486737453064,0.13283063412526358,0.14782306518656352,0.340059228202405
2015-12-08,0.12881895895817191,0.12707500856287063,0.12285382898907027,0.11987528640517053,0.4164098392286312
2015-12-09,0.12482900832832067,0.1317687674257092,0.12552203711204762,0.1219540519076372,0.34628971989150964
2015-12-10,0.12026902747660473,0.11516887360836159,0.11983760718823488,0.11514033032837634,0.2696754732548916
2015-12-11,0.1072731385825747,0.10715512724777265,0.10568446090163247,0.1077491836772545,0.26473071215800525
2015-12-12,0.1072731385825747,0.10715512724777265,0.10568446090163247,0.1077491836772545,0.26473071215800525
2015-12-13,0.1072731385825747,0.10715512724777265,0.10568446090163247,0.1077491836772545,0.26473071215800525
2015-12-14,0.11513910337742472,0.10555238670993572,0.09837586388841646,0.0935443154468718,0.2908451230598882
2015-12-15,0.1269949753149256,0.11906126220228169,0.11577725584576903,0.10416907774418216,0.24662560904171643
2015-12-16,0.10613316511324589,0.11299368830295065,0.10719259392906422,0.10959697034003496,0.20537561700872664
2015-12-17,0.09963522066623087,0.09570693063876112,0.09953598323799023,0.09816376007646838,0.085586548673797
2015-12-18,0.09712722684906705,0.09261591231375949,0.09559166595749585,0.08742348633196045,0.03912352458213756
2015-12-19,0.09712722684906705,0.09261591231375949,0.09559166595749585,0.08742348633196045,0.03912352458213756
2015-12-20,0.09712722684906705,0.09261591231375949,0.09559166595749585,0.08742348633196045,0.03912352458213756
2015-12-21,0.09724125028832015,0.08448770320249832,0.0919953623548595,0.08407440329328336,0.14460210433364795
2015-12-22,0.11320109629492531,0.10372067699935006,0.11148492488741663,0.09816376007646838,0.14702581369248036
2015-12-23,0.12870497900611916,0.11986263247120016,0.11867748783866111,0.10590139701447404,0.1889728466909675
2015-12-24,0.13554490679649278,0.12364051464304371,0.13143853515980325,0.1219540519076372,0.09117562361410236
2015-12-25,0.13554490679649278,0.12364051464304371,0.13143853515980325,0.1219540519076372,0.09117562361410236
2015-12-26,0.13554490679649278,0.12364051464304371,0.13143853515980325,0.1219540519076372,0.09117562361410236
2015-12-27,0.13554490679649278,0.12364051464304371,0.13143853515980325,0.1219540519076372,0.09117562361410236
2015-12-28,0.12083905769846948,0.12146537300903709,0.12238978124924077,0.12357085973073145,0.09973422053958966
2015-12-29,0.1329229330272762,0.1197481260491236,0.12308585285898499,0.10855758758880163,0.11207642303839171
2015-12-30,0.11844504383335841,0.11356613307052466,0.12006963105814966,0.11617971307960961,0.1271221942362882
2015-12-31,0.12346103146768606,0.1180309227606145,0.11798146048294511,0.10982794917972116,0.13622544495027716
2016-01-01,0.12346103146768606,0.1180309227606145,0.11798146048294511,0.10982794917972116,0.13622544495027716
2016-01-02,0.12346103146768606,0.1180309227606145,0.11798146048294511,0.10982794917972116,0.13622544495027716
2016-01-03,0.12346103146768606,0.1180309227606145,0.11798146048294511,0.10982794917972116,0.13622544495027716
2016-01-04,0.12026902747660473,0.12489982325745969,0.11925756964046214,0.11895137104642578,0.22218919534355774
2016-01-05,0.11126313269962623,0.11013163915069779,0.11241302036707562,0.1108673319309545,0.20952657417981804
2016-01-06,0.08846331541544711,0.10200343003943663,0.08955917810179692,0.1025522699210879,0.2985716744106006
2016-01-07,0.08048337066854439,0.07761875903424886,0.07018560537718305,0.07841553185774436,0.3296273698958263
2016-01-08,0.07922937375996247,0.07853463572524383,0.07645011710279676,0.06929206593633064,0.31750998193951213
2016-01-09,0.07922937375996247,0.07853463572524383,0.07645011710279676,0.06929206593633064,0.31750998193951213
2016-01-10,0.07922937375996247,0.07853463572524383,0.07645011710279676,0.06929206593633064,0.31750998193951213
2016-01-11,0.059279533636305726,0.06548369857839537,0.05603248121759469,0.06513453493139737,0.34772320230933207
2016-01-12,0.048221630081174915,0.054149964720056065,0.04501161292081318,0.04400047772926524,0.33531089012073356
2016-01-13,0.048677615120186424,0.0484258664155503,0.04698377156106037,0.03741773498969053,0.3415019813230104
2016-01-14,0.056885563258395,0.04911277393379654,0.04907194213626498,0.03811064948139459,0.28356182718598827
2016-01-15,0.036593718047779555,0.04235833618762358,0.035730857267350036,0.04480888164081237,0.16257220284065924
2016-01-16,0.036593718047779555,0.04235833618762358,0.035730857267350036,0.04480888164081237,0.16257220284065924
2016-01-17,0.036593718047779555,0.04235833618762358,0.035730857267350036,0.04480888164081237,0.16257220284065924
2016-01-18,0.036593718047779555,0.04235833618762358,0.035730857267350036,0.04480888164081237,0.16257220284065924
2016-01-19,0.0256497944447015,0.031253571502033006,0.02505800264842656,0.02194250516838836,0.08083473407858197
2016-01-20,0.003875970677798435,0.012593020637053143,0.0016241449623891624,0.011895145915584382,0.37171056634143884
2016-01-21,0.03784771495636147,0.03171150984753046,0.021113707494946288,0.012126124755270584,0.37402882145611455
2016-01-22,0.06817144846123147,0.055752705257893,0.04037124615758869,0.029333651819510143,0.34073135415417294
2016-01-23,0.06817144846123147,0.055752705257893,0.04037124615758869,0.029333651819510143,0.34073135415417294
2016-01-24,0.06817144846123147,0.055752705257893,0.04037124615758869,0.029333651819510143,0.34073135415417294
2016-01-25,0.04708163486824596,0.06021753861938711,0.042111380927921105,0.05485621886626174,0.323533621072771
2016-01-26,0.05973554041891738,0.056439612776139236,0.03712297835982442,0.028987183559980867,0.34412616962952536
2016-01-27,0.06942544536981338,0.061362340811726535,0.047447797173875816,0.03753320238217911,0.3998193371795162
2016-01-28,0.07991338393387998,0.08402976485700087,0.066009286353788,0.056473026689356,0.4547638954797792
2016-01-29,0.08447332129839558,0.07922154324349007,0.07656615116476823,0.07391155462063631,0.3300335425615068
2016-01-30,0.08447332129839558,0.07922154324349007,0.07656615116476823,0.07391155462063631,0.3300335425615068
2016-01-31,0.08447332129839558,0.07922154324349007,0.07656615116476823,0.07391155462063631,0.3300335425615068
2016-02-01,0.06167352575781665,0.07670292601465817,0.060788882042790704,0.07541289505124199,0.31699777561075104
2016-02-02,0.04183766558621266,0.04636520936791799,0.04083527177040408,0.047003136563122105,0.32102589596996756
2016-02-03,0.06919744197850758,0.06033200137005934,0.03886311313015689,0.02829426906827681,0.44220267262772855
2016-02-04,0.06281349922714546,0.07006295101915738,0.06357310210072542,0.06247834435706978,0.37558224359119213
2016-02-05,0.05335157592395512,0.05689755112163669,0.05313224922470261,0.05012126278946755,0.32911864008060876
2016-02-06,0.05335157592395512,0.05689755112163669,0.05313224922470261,0.05012126278946755,0.32911864008060876
2016-02-07,0.05335157592395512,0.05689755112163669,0.05313224922470261,0.05012126278946755,0.32911864008060876
2016-02-08,0.039671698599607785,0.04464796240800456,0.04083527177040408,0.04238364787881643,0.3216528272456684
2016-02-09,0.019721858475951037,0.03583286761419935,0.019605574467514486,0.033144714564914135,0.3996269700967688
2016-02-10,0.014135905850559183,0.01991985947939584,0.013805110481730332,0.012241614175113658,0.4245773283804604
2016-02-11,0.0,0.0,0.0,0.0004619576793724045,0.433086095278489
2016-02-12,0.03682172143908535,0.024957072101357503,0.01044085287602281,0.0,0.36308765391539444
2016-02-13,0.03682172143908535,0.024957072101357503,0.01044085287602281,0.0,0.36308765391539444
2016-02-14,0.03682172143908535,0.024957072101357503,0.01044085287602281,0.0,0.36308765391539444
2016-02-15,0.03682172143908535,0.024957072101357503,0.01044085287602281,0.0,0.36308765391539444
2016-02-16,0.03226176233096956,0.04636520936791799,0.030742476826267462,0.020556654157625698,0.3496445554611103
2016-02-17,0.050729602154738596,0.04590727102242054,0.03109049050412549,0.021249568649329753,0.30716329821475236
2016-02-18,0.05198359906332045,0.05151688474055194,0.04895593020130756,0.0467721577234359,0.10254614057746048
2016-02-19,0.03910169012134318,0.0372066389792875,0.03480278391470515,0.03811064948139459,0.03168610327447017
2016-02-20,0.03910169012134318,0.0372066389792875,0.03480278391470515,0.03811064948139459,0.03168610327447017
2016-02-21,0.03910169012134318,0.0372066389792875,0.03480278391470515,0.03811064948139459,0.03168610327447017
2016-02-22,0.060077523762275986,0.052318255009470405,0.03979118648280178,0.027947800808747536,0.27377544156067646
2016-02-23,0.06452350291833903,0.06926158075023892,0.05997679849808907,0.06975402361570304,0.2844153112609489
2016-02-24,0.06771548516582016,0.05632515002546701,0.052320187807015084,0.045963753811888775,0.34981200753012837
2016-02-25,0.07820338024268642,0.06880368607614573,0.058236663727756655,0.056473026689356,0.3264202861518298
2016-02-26,0.07489739629955233,0.08254148706983616,0.07645011710279676,0.06628942912982833,0.3463638855137737
2016-02-27,0.07489739629955233,0.08254148706983616,0.07645011710279676,0.06628942912982833,0.3463638855137737
2016-02-28,0.07489739629955233,0.08254148706983616,0.07645011710279676,0.06628942912982833,0.3463638855137737
2016-02-29,0.08595532159828334,0.074413277958575,0.0727378236922171,0.0625938558042674,0.26882256859885495
2016-03-01,0.09336527961052166,0.08334285733875463,0.08491878921155827,0.07622129896278917,0.29997097111191073
2016-03-02,0.09632923672309679,0.08803661620159314,0.08700695978676282,0.0761057875155915,0.3182852444597411
2016-03-03,0.09530324320582073,0.08975386316150663,0.09443154660792208,0.08580667850886614,0.2691088015472803
2016-03-04,0.11069310247776148,0.10143102894326689,0.09686777511501288,0.08499827459731901,0.306961081010298
2016-03-05,0.11069310247776148,0.10143102894326689,0.09686777511501288,0.08499827459731901,0.306961081010298
2016-03-06,0.11069310247776148,0.10143102894326689,0.09686777511501288,0.08499827459731901,0.306961081010298
2016-03-07,0.1332649598578351,0.12169434218178582,0.11647332745551331,0.1027832487607741,0.3832010230220521
2016-03-08,0.1173050703640296,0.12489982325745969,0.11682134113337134,0.1228779232116729,0.3814992696424464
2016-03-09,0.137710917270298,0.12627359462254784,0.11821348435285983,0.10463103542355451,0.40102510796023105
2016-03-10,0.1325809496839176,0.12593016269912688,0.129466354392542,0.1255341137860005,0.3783136243986356
2016-03-11,0.14010488764820872,0.13211219934913015,0.13770300263138874,0.12345539233824288,0.2991395049560598
2016-03-12,0.14010488764820872,0.13211219934913015,0.13770300263138874,0.12345539233824288,0.2991395049560598
2016-03-13,0.14010488764820872,0.13211219934913015,0.13770300263138874,0.12345539233824288,0.2991395049560598
2016-03-14,0.12505701171962652,0.12925015019687724,0.12331787672889977,0.1255341137860005,0.2557682602425332
2016-03-15,0.11548108672078328,0.11356613307052466,0.11496519442808151,0.11629518047209819,0.2303676934549418
2016-03-16,0.13964888086559707,0.1276474096590403,0.12250581531121224,0.10901954526817403,0.2582226788043343
2016-03-17,0.159484741037201,0.1474527845520618,0.14408354841897392,0.1303845813099923,0.1445632832657441
2016-03-18,0.15082078611638078,0.1570692714504876,0.15197218297996268,0.14955538445685546,0.047300863855673704
2016-03-19,0.15082078611638078,0.1570692714504876,0.15197218297996268,0.14955538445685546,0.047300863855673704
2016-03-20,0.15082078611638078,0.1570692714504876,0.15197218297996268,0.14955538445685546,0.047300863855673704
2016-03-21,0.15617875709406698,0.14676587703381555,0.14570767125434902,0.1358124739058451,0.2496258402298671
2016-03-22,0.173734626839813,0.16508301781107654,0.17076567390277558,0.16503061427815763,0.24056141058378194
2016-03-23,0.1548107802334323,0.15867201198832454,0.15800462658163344,0.16041112559385196,0.25696476032046506
2016-03-24,0.15104878950768663,0.14069834680588877,0.14245942558359886,0.14355006678914167,0.25879862121472863
2016-03-25,0.15104878950768663,0.14069834680588877,0.14245942558359886,0.14355006678914167,0.25879862121472863
2016-03-26,0.15104878950768663,0.14069834680588877,0.14245942558359886,0.14355006678914167,0.25879862121472863
2016-03-27,0.15104878950768663,0.14069834680588877,0.14245942558359886,0.14355006678914167,0.25879862121472863
2016-03-28,0.15025079938171637,0.14493416732322983,0.1486079032472411,0.14147130128667507,0.14558421940972277
2016-03-29,0.1375968938310449,0.1373783593081384,0.1375870128234455,0.13881511071234748,0.25466388777350746
2016-03-30,0.13805290061365655,0.14161417982547947,0.14025522094642284,0.12957617739844518,0.2862057157359171
2016-03-31,0.1382809040049624,0.13234116852187888,0.1336426955429511,0.12703545421660617,0.2802278506976494
2016-04-01,0.12061105430716362,0.12684603939012185,0.12273783918112702,0.1251876675538257,0.28894115247582813
2016-04-02,0.12061105430716362,0.12684603939012185,0.12273783918112702,0.1251876675538257,0.28894115247582813
2016-04-03,0.12061105430716362,0.12684603939012185,0.12273783918112702,0.1251876675538257,0.28894115247582813
2016-04-04,0.108185152147798,0.11139094776511371,0.1091647304422973,0.1075182048375683,0.29026628355487416
2016-04-05,0.11035111913440293,0.10417861534484757,0.10661255638129147,0.09469916559059366,0.2532217140718259
2016-04-06,0.13155495616664153,0.11929023137503042,0.12041764473600769,0.10647882208633497,0.4070603354719686
2016-04-07,0.12596898179764954,0.12386948381579244,0.12343386653684302,0.12079915770920624,0.33503914264540663
2016-04-08,0.1540127901074621,0.14149971707480724,0.13225059657749083,0.11802749974239007,0.44540743869602933
2016-04-09,0.1540127901074621,0.14149971707480724,0.13225059657749083,0.11802749974239007,0.44540743869602933
2016-04-10,0.1540127901074621,0.14149971707480724,0.13225059657749083,0.11802749974239007,0.44540743869602933
2016-04-11,0.16130872468044732,0.15191757424215158,0.15313225807550823,0.14343459939665315,0.36551773688239014
2016-04-12,0.18194253149082124,0.16908986915566887,0.16287703934178682,0.1507102346005773,0.4335913485801629
2016-04-13,0.17726857068705254,0.17103604161692676,0.1762181242107017,0.16549257195753003,0.39511793203068374
2016-04-14,0.1743046135744774,0.16805952971400168,0.1715777353204631,0.1644531892062967,0.25500110958723937
2016-04-15,0.16130872468044732,0.16313680167841438,0.1616009301842698,0.16318282761537717,0.27327134709685047
2016-04-16,0.16130872468044732,0.16313680167841438,0.1616009301842698,0.16318282761537717,0.27327134709685047
2016-04-17,0.16130872468044732,0.16313680167841438,0.1616009301842698,0.16318282761537717,0.27327134709685047
2016-04-18,0.15469675679417927,0.14607901318697358,0.1341067432827806,0.13223236797277277,0.17031845443478555
2016-04-19,0.1695166728186559,0.1608471536223312,0.15696058554805936,0.14713017272221407,0.03083551629412927
2016-04-20,0.18718652251645468,0.1766456771707603,0.160092797156838,0.1559071483567439,0.433245435482572
2016-04-21,0.1934564635721639,0.19473384877527256,0.19721577551666247,0.19251647943488737,0.36073868959775
2016-04-22,0.19972640462787306,0.1942759104297751,0.1979118471264067,0.1861646714802898,0.3051167905754036
2016-04-23,0.19972640462787306,0.1942759104297751,0.1979118471264067,0.1861646714802898,0.3051167905754036
2016-04-24,0.19972640462787306,0.1942759104297751,0.1979118471264067,0.1861646714802898,0.3051167905754036
2016-04-25,0.18730050246850743,0.18958215156693659,0.1917633694627645,0.1899757562530483,0.32323869684048656
2016-04-26,0.203260391962313,0.19862623736919272,0.19083527398310546,0.18085229033163458,0.2989083168054085
2016-04-27,0.21796628454753658,0.20767027950004457,0.20556845781748073,0.20025407231818393,0.34736859792788205
2016-04-28,0.22594618580723896,0.213623346977299,0.21914152230228218,0.2078761978089919,0.25430464804066594
2016-04-29,0.2246921888986571,0.22095018581964176,0.22262183609697522,0.21480543083545045,0.31863579290872357
2016-04-30,0.2246921888986571,0.22095018581964176,0.22262183609697522,0.21480543083545045,0.31863579290872357
2016-05-01,0.2246921888986571,0.22095018581964176,0.22262183609697522,0.21480543083545045,0.31863579290872357
2016-05-02,0.21169630000462708,0.21373785339937557,0.21450117766607174,0.21480543083545045,0.24075493650437724
2016-05-03,0.19881443454985004,0.20457926117504288,0.20034803137946927,0.20348768796437244,0.334344998774529
2016-05-04,0.20029639136253746,0.19919863846536245,0.19918795628392377,0.19113060639677015,0.38392819377159426
2016-05-05,0.20645235246619392,0.21282197670838054,0.2077726182006286,0.1933248833464345,0.404227556352836
2016-05-06,0.21032832314399236,0.2044647984243707,0.20290024969450332,0.19886824333477582,0.37476236581382
2016-05-07,0.21032832314399236,0.2044647984243707,0.20290024969450332,0.19886824333477582,0.37476236581382
2016-05-08,0.21032832314399236,0.2044647984243707,0.20290024969450332,0.19886824333477582,0.37476236581382
2016-05-09,0.19642042068473903,0.2113336989212159,0.1994199801538385,0.20441160332311725,0.4166323360954234
2016-05-10,0.21032832314399236,0.19816829902369515,0.1969837516467477,0.18420141742502077,0.3829373874116604
2016-05-11,0.228226176233097,0.21614196420613097,0.2077726182006286,0.19979211463881152,0.4759584602985051
2016-05-12,0.2335841472107832,0.22369777222122245,0.2269141670553277,0.2159602809791723,0.3862325428320954
2016-05-13,0.22799817284179108,0.21763024199329573,0.22853828989070274,0.2206952370559665,0.27281766207940705
2016-05-14,0.22799817284179108,0.21763024199329573,0.22853828989070274,0.2206952370559665,0.27281766207940705
2016-05-15,0.22799817284179108,0.21763024199329573,0.22853828989070274,0.2206952370559665,0.27281766207940705
2016-05-16,0.2452120592441785,0.2346880304847364,0.2331786787809414,0.21919389662536082,0.29106935818345214
2016-05-17,0.2519380070824994,0.2436176098649161,0.24918792751880542,0.23790278614756066,0.24447075006359126
2016-05-18,0.2505699867346644,0.24579279517032704,0.25174014583383947,0.24517842135148482,0.1707362154789448
2016-05-19,0.25022800339130585,0.238122480733159,0.23990719399235633,0.23755629586067684,0.034938961113457755
2016-05-20,0.24555404258753716,0.24396108545974138,0.24814384223120317,0.24136738063343532,0.2836435252542635
2016-05-21,0.24555404258753716,0.24396108545974138,0.24814384223120317,0.24136738063343532,0.2836435252542635
2016-05-22,0.24555404258753716,0.24396108545974138,0.24814384223120317,0.24136738063343532,0.2836435252542635
2016-05-23,0.24931603331328284,0.24064109796199096,0.24767983874540184,0.2443700174399377,0.24737537712929214
2016-05-24,0.2554719509297389,0.24945621459149836,0.2504640366763224,0.23998155165002732,0.24767203961834833
2016-05-25,0.2661878928851113,0.25495134372325534,0.2621809987098623,0.25164569669857095,0.29085960853298665
2016-05-26,0.265275879319888,0.2602175036822636,0.26879352411333407,0.25869039711751807,0.2549147761675726
2016-05-27,0.2635659191158947,0.25323409676334196,0.2626450021956636,0.25418641988041,0.20735665030967046
2016-05-28,0.2635659191158947,0.25323409676334196,0.2626450021956636,0.25418641988041,0.20735665030967046
2016-05-29,0.2635659191158947,0.25323409676334196,0.2626450021956636,0.25418641988041,0.20735665030967046
2016-05-30,0.2635659191158947,0.25323409676334196,0.2626450021956636,0.25418641988041,0.20735665030967046
2016-05-31,0.26094390185947786,0.2589581950678477,0.26403714541515216,0.25684261045473755,0.24826478517753686
2016-06-01,0.2599179083422018,0.24922724541874963,0.25174014583383947,0.24852754844487102,0.30148499276016055
2016-06-02,0.2617418919854481,0.2517458626475815,0.2542923641488735,0.24945146380361571,0.29917137299687635
2016-06-03,0.2554719509297389,0.2510589551293353,0.25846870529928273,0.25106827162670997,0.2506091141437898
2016-06-04,0.2554719509297389,0.2510589551293353,0.25846870529928273,0.25106827162670997,0.2506091141437898
2016-06-05,0.2554719509297389,0.2510589551293353,0.25846870529928273,0.25106827162670997,0.2506091141437898
2016-06-06,0.2676698496977988,0.25666859068316883,0.26287702606557833,0.24922048496392957,0.23290091299039845
2016-06-07,0.2753078111013429,0.26388092310343503,0.2713456981743399,0.25880586451000653,0.2860811406672704
2016-06-08,0.28522571944354475,0.27635945915411375,0.281554527180448,0.2668899476801869,0.3522287638618735
2016-06-09,0.2775878015272009,0.2769318602502835,0.28051044189284563,0.2789005830156145,0.29678242877348027
2016-06-10,0.2606019185161193,0.26617057115951814,0.2639211113531806,0.2675828841992456,0.3172915410051875
2016-06-11,0.2606019185161193,0.26617057115951814,0.2639211113531806,0.2675828841992456,0.3172915410051875
2016-06-12,0.2606019185161193,0.26617057115951814,0.2639211113531806,0.2675828841992456,0.3172915410051875
2016-06-13,0.25843595152951443,0.24957067734217053,0.2564965245320214,0.24887399467704574,0.2650957460800861
2016-06-14,0.25398999411705153,0.24281623959599763,0.2527842311214417,0.24506295395899624,0.23618737712697446
2016-06-15,0.2485179997001123,0.2431597151908229,0.24628769552591329,0.23790278614756066,0.2777467788653471
2016-06-16,0.22799817284179108,0.23205495050523228,0.2303944365959925,0.23270587239139406,0.26618157714354584
2016-06-17,0.24817601635675363,0.23823698715523556,0.22946638537036174,0.21584481358668373,0.10321594885353275
2016-06-18,0.24817601635675363,0.23823698715523556,0.22946638537036174,0.21584481358668373,0.10321594885353275
2016-06-19,0.24817601635675363,0.23823698715523556,0.22946638537036174,0.21584481358668373,0.10321594885353275
2016-06-20,0.26402188241130614,0.25117341788000747,0.25626450066210665,0.2424067633846687,0.02884173577685882
2016-06-21,0.2580939246989555,0.2500286156876681,0.2564965245320214,0.25222312177043194,0.24734872385879098
2016-06-22,0.2612859286900368,0.26399542952551147,0.25928076671697026,0.2646957147852318,0.3021223535764923
2016-06-23,0.2724578339408205,0.26044647285501243,0.267169401277959,0.2515302293060824,0.2047486857330258
2016-06-24,0.2443000456789552,0.2629650900838443,0.23955918031449835,0.2656195860892674,0.34819021396202604
2016-06-25,0.2443000456789552,0.2629650900838443,0.23955918031449835,0.2656195860892674,0.34819021396202604
2016-06-26,0.2443000456789552,0.2629650900838443,0.23955918031449835,0.2656195860892674,0.34819021396202604
2016-06-27,0.2293661931896261,0.23445906131198768,0.22946638537036174,0.23686340339632728,0.26427123295132243
2016-06-28,0.24669401605686597,0.23697767854081964,0.23770303360920847,0.22277400255843316,0.26093262111159204
2016-06-29,0.26983586017160394,0.2578133928755083,0.25440835395681677,0.23975057281034107,0.2682477850263085
2016-06-30,0.2521660104738052,0.2534630659360907,0.2566125143399646,0.25695807784722613,0.26666017717471857
2016-07-01,0.2596899484380963,0.24979964651491937,0.253480302731186,0.243446146135902,0.20666192701986885
2016-07-02,0.2596899484380963,0.24979964651491937,0.253480302731186,0.243446146135902,0.20666192701986885
2016-07-03,0.2596899484380963,0.24979964651491937,0.253480302731186,0.243446146135902,0.20666192701986885
2016-07-04,0.2596899484380963,0.24979964651491937,0.253480302731186,0.243446146135902,0.20666192701986885
2016-07-05,0.23244413025425398,0.250372047611089,0.2352668493561459,0.2518766755382571,0.32486744343567614
2016-07-06,0.24190607530104452,0.2343445985613155,0.23051042640393576,0.22554570457995837,0.3239803530631271
2016-07-07,0.2158002740737313,0.2377790488097381,0.21832946088459465,0.2376718073078744,0.38379376858124065
2016-07-08,0.2188782546255595,0.21167717451604118,0.21716938578904904,0.20660583621807238,0.3097353388181129
2016-07-09,0.2188782546255595,0.21167717451604118,0.21716938578904904,0.20660583621807238,0.3097353388181129
2016-07-10,0.2188782546255595,0.21167717451604118,0.21716938578904904,0.20660583621807238,0.3097353388181129
2016-07-11,0.21146829661332117,0.20938752645995795,0.2131090344465832,0.20522000723466438,0.28109987617817594
2016-07-12,0.234724120680112,0.22266743277955514,0.21415311973418555,0.19956117985383437,0.3532954741008432
2016-07-13,0.21135431666126842,0.2201488155507233,0.21473320153598646,0.22265853516594458,0.3695122509440183
2016-07-14,0.22195623517738777,0.20973095838337896,0.21925755636425365,0.2060284111462115,0.3043368927037831
2016-07-15,0.22503421572921595,0.21579853228270995,0.22041763145979926,0.21041692099083098,0.22118738002406907
2016-07-16,0.22503421572921595,0.21579853228270995,0.22041763145979926,0.21041692099083098,0.22118738002406907
2016-07-17,0.22503421572921595,0.21579853228270995,0.22041763145979926,0.21041692099083098,0.22118738002406907
2016-07-18,0.21694029103026052,0.213623346977299,0.2182134710766514,0.2173461099625804,0.09437401607423979
2016-07-19,0.2102143431919396,0.2082426805962142,0.21438514360410027,0.20706779389744479,0.04612811995362331
2016-07-20,0.2135202836478734,0.20343445898270351,0.20464036233782174,0.19967664724632295,0.2853626612015874
2016-07-21,0.21135431666126842,0.21305094588112938,0.21426915379615702,0.21191826142143666,0.22276108182148452
2016-07-22,0.20497035216630616,0.20022897790702965,0.20522044413962265,0.19979211463881152,0.2201160344337078
2016-07-23,0.20497035216630616,0.20022897790702965,0.20522044413962265,0.19979211463881152,0.2201160344337078
2016-07-24,0.20497035216630616,0.20022897790702965,0.20522044413962265,0.19979211463881152,0.2201160344337078
2016-07-25,0.19288647683749943,0.19336003373878008,0.19628772429103164,0.1951726700092149,0.1977678465374215
2016-07-26,0.19049246297238842,0.18214080630251733,0.1892111511477304,0.1821226519225541,0.239188767152973
2016-07-27,0.17909255433029886,0.17996566466851072,0.18132251658674164,0.17738769584575986,0.2832628470212363
2016-07-28,0.17020063950537312,0.16874643723224791,0.17389792976558244,0.16895716644340475,0.2314181799640413
2016-07-29,0.17544458704380622,0.16244989416016814,0.16844547945765626,0.15960272168230483,0.2492932537675267
2016-07-30,0.17544458704380622,0.16244989416016814,0.16844547945765626,0.15960272168230483,0.2492932537675267
2016-07-31,0.17544458704380622,0.16244989416016814,0.16844547945765626,0.15960272168230483,0.2492932537675267
2016-08-01,0.15788876078526054,0.1648540486383278,0.15974478347897997,0.16225891225663241,0.2807307863236275
2016-08-02,0.15161877624235104,0.15374928395273724,0.15324824788345154,0.14759213040158642,0.2815952793581429
2016-08-03,0.16666669565813352,0.1570692714504876,0.152436186465764,0.14320362055696695,0.3515160785854298
2016-08-04,0.1792065777695519,0.16714369669441098,0.1668213566222812,0.16006467936167723,0.31886582222152693
2016-08-05,0.1777245774696642,0.16737262219575544,0.17412995363549716,0.16791778369217142,0.290678829828718
2016-08-06,0.1777245774696642,0.16737262219575544,0.17412995363549716,0.16791778369217142,0.290678829828718
2016-08-07,0.1777245774696642,0.16737262219575544,0.17412995363549716,0.16791778369217142,0.290678829828718
2016-08-08,0.19163247992891758,0.18214080630251733,0.18283064961417345,0.1696501029624633,0.2978294387690361
2016-08-09,0.18878250276839514,0.18362908408968204,0.19048726030524749,0.17935099395573795,0.3338536515270296
2016-08-10,0.17669858395238813,0.18214080630251733,0.1783062505318781,0.17831161120450467,0.3636618580690169
2016-08-11,0.19699045090660372,0.1875214726836021,0.1745939571212985,0.16376025268723815,0.3671887810590272
2016-08-12,0.20839035954869328,0.1980537926016187,0.20023204157152602,0.1866266291596621,0.2825043876498015
2016-08-13,0.20839035954869328,0.1980537926016187,0.20023204157152602,0.1866266291596621,0.2825043876498015
2016-08-14,0.20839035954869328,0.1980537926016187,0.20023204157152602,0.1866266291596621,0.2825043876498015
2016-08-15,0.22264024535130528,0.2112192361705436,0.21264503096078197,0.20140896651661488,0.2746503641358228
2016-08-16,0.23221617035014847,0.22037778472347203,0.22378191119252083,0.2112253249023781,0.29082426397862643
2016-08-17,0.23461014072805925,0.22289640195230398,0.229582375178305,0.2202332793765942,0.29830687996236094
2016-08-18,0.25091201356522336,0.23926732659690275,0.23874711889681083,0.2263541084915055,0.1047363441099459
2016-08-19,0.2543319774604101,0.2435031471142438,0.2538283164090441,0.242868721064041,0.06600856265285795
2016-08-20,0.2543319774604101,0.2435031471142438,0.2538283164090441,0.242868721064041,0.06600856265285795
2016-08-21,0.2543319774604101,0.2435031471142438,0.2538283164090441,0.242868721064041,0.06600856265285795
2016-08-22,0.23757409784063438,0.23949629576965148,0.24013921786227105,0.24367712497558824,0.2704379885587939
2016-08-23,0.24954399321738835,0.23858041907865657,0.23828307115698127,0.2320129358723354,0.3333906958068032
2016-08-24,0.23438213733675334,0.2319404877545601,0.23665894832160622,0.23432268021448832,0.3215653349881538
2016-08-25,0.2407661018317157,0.22873496300748197,0.23631089038972003,0.22519921429307455,0.23773558449173665
2016-08-26,0.2443000456789552,0.2401831596164935,0.2423433782454189,0.23178195703264926,0.2954039911534319
2016-08-27,0.2443000456789552,0.2401831596164935,0.2423433782454189,0.23178195703264926,0.2954039911534319
2016-08-28,0.2443000456789552,0.2401831596164935,0.2423433782454189,0.23178195703264926,0.2954039911534319
2016-08-29,0.23677610771466412,0.22667428412414747,0.23863108483483936,0.23004968181706642,0.1510765313897305
2016-08-30,0.2295941530937316,0.22907843860230725,0.23387470613665745,0.2272779797955412,0.24099945129027905
2016-08-31,0.21078432992660406,0.2167143653023007,0.21415311973418555,0.21873198300069752,0.28999395666062333
2016-09-01,0.19322846018085804,0.20148828652144557,0.19663573796888967,0.20267928405282531,0.32243909872545223
2016-09-02,0.20782032932682853,0.19679448398720267,0.1984918846741795,0.1876660119108955,0.3061643799898834
2016-09-03,0.20782032932682853,0.19679448398720267,0.1984918846741795,0.1876660119108955,0.3061643799898834
2016-09-04,0.20782032932682853,0.19679448398720267,0.1984918846741795,0.1876660119108955,0.3061643799898834
2016-09-05,0.20782032932682853,0.19679448398720267,0.1984918846741795,0.1876660119108955,0.3061643799898834
2016-09-06,0.21226633022649172,0.2180881366673889,0.20638051923516826,0.19459524493735403,0.5119913643403576
2016-09-07,0.21990424814283566,0.21396677890072002,0.214617167474015,0.20267928405282531,0.3038287423074895
2016-09-08,0.2440720422876494,0.23205495050523228,0.22877031376061746,0.2173461099625804,0.4133731046482725
2016-09-09,0.2242362256032457,0.2275901608151425,0.22633412950755488,0.23166648964016068,0.37063980017000153
2016-09-10,0.2242362256032457,0.2275901608151425,0.22633412950755488,0.23166648964016068,0.37063980017000153
2016-09-11,0.2242362256032457,0.2275901608151425,0.22633412950755488,0.23166648964016068,0.37063980017000153
2016-09-12,0.2289101864070145,0.21785916749464007,0.21658934824127635,0.21099434606269185,0.40356528052277496
2016-09-13,0.21306432035246198,0.21350888422662684,0.21716938578904904,0.21665321749823085,0.35301619417950514
2016-09-14,0.19801644442387983,0.20435033567369842,0.20150810647501488,0.20441160332311725,0.3808781325559849
2016-09-15,0.20177839166242523,0.19301660181535918,0.199651959769725,0.18939833118118743,0.283144066141829
2016-09-16,0.19174645988097028,0.18626216406918616,0.19361951616805428,0.1895137985736759,0.10584535193036312
2016-09-17,0.19174645988097028,0.18626216406918616,0.19361951616805428,0.1895137985736759,0.10584535193036312
2016-09-18,0.19174645988097028,0.18626216406918616,0.19361951616805428,0.1895137985736759,0.10584535193036312
2016-09-19,0.1948244404327985,0.1908414601813525,0.19802783693434994,0.18339301351347365,0.04713051469203595
2016-09-20,0.19642042068473903,0.18969661431760876,0.19141531153087826,0.18281558844161266,0.374080969159269
2016-09-21,0.21808026449958934,0.20801375509486986,0.2140371299262423,0.19863726449508967,0.31142086846784833
2016-09-22,0.22925216975037305,0.21797367391671663,0.22587008176772533,0.21157177113455283,0.27416017572617124
2016-09-23,0.20827633610944024,0.21831710584013764,0.21078888425549208,0.21676868489071943,0.38814056934862307
2016-09-24,0.20827633610944024,0.21831710584013764,0.21078888425549208,0.21676868489071943,0.38814056934862307
2016-09-25,0.20827633610944024,0.21831710584013764,0.21078888425549208,0.21676868489071943,0.38814056934862307
2016-09-26,0.22480621233791015,0.2143102544955453,0.21322506850855466,0.20002309347849767,0.27731163525346975
2016-09-27,0.2104423030960451,0.21156266809396462,0.2104408263236059,0.21157177113455283,0.3373614536925499
2016-09-28,0.23757409784063438,0.2286205002568097,0.21229697302889566,0.20394964564374485,0.5561946546286591
2016-09-29,0.24646605615276046,0.23858041907865657,0.23839906096492453,0.22981870297738027,0.37901703897229627
2016-09-30,0.25114001695652916,0.23835144990590784,0.24350349759499273,0.2362859342697573,0.259579098505273
2016-10-01,0.25114001695652916,0.23835144990590784,0.24350349759499273,0.2362859342697573,0.259579098505273
2016-10-02,0.25114001695652916,0.23835144990590784,0.24350349759499273,0.2362859342697573,0.259579098505273
2016-10-03,0.25763796140354417,0.2465941654392455,0.25208815951169755,0.23951959397065492,0.23727494644720598
2016-10-04,0.25626994105570916,0.2493417081694218,0.257656599627567,0.24656429438960192,0.2695422069023859
2016-10-05,0.2692658734369396,0.2574699609520873,0.2674013808938455,0.25360895075383993,0.2732273112586312
2016-10-06,0.2762197811793659,0.2650257689671788,0.27006963327085104,0.2581129720456571,0.28936123119568313
2016-10-07,0.2690378700456337,0.2662850775815947,0.27088169468853857,0.2689687131826536,0.3304385563893394
2016-10-08,0.2690378700456337,0.2662850775815947,0.27088169468853857,0.2689687131826536,0.3304385563893394
2016-10-09,0.2690378700456337,0.2662850775815947,0.27088169468853857,0.2689687131826536,0.3304385563893394
2016-10-10,0.2690378700456337,0.2662850775815947,0.27088169468853857,0.2689687131826536,0.3304385563893394
2016-10-11,0.2802097752964175,0.275443626134523,0.2823665885981355,0.27485851940316974,0.415496675004505
2016-10-12,0.2732558240667908,0.27120776194577767,0.27656612461235125,0.2718558825966674,0.28123140427390986
2016-10-13,0.2762197811793659,0.2645678306216812,0.2704176469487091,0.26215499160339273,0.4010506023928843
2016-10-14,0.27519378766208985,0.27086433002235677,0.27668215867432283,0.268853245790165,0.2728570625662348
2016-10-15,0.27519378766208985,0.27086433002235677,0.27668215867432283,0.268853245790165,0.2728570625662348
2016-10-16,0.27519378766208985,0.27086433002235677,0.27668215867432283,0.268853245790165,0.2728570625662348
2016-10-17,0.27051982685832116,0.26445336787100904,0.2716937561062261,0.26481118217772026,0.2145049415742928
2016-10-18,0.27450982097537263,0.2667429722556879,0.27505799158491956,0.26261694928276513,0.08360261827823351
2016-10-19,0.28944367346470173,0.2799084158246129,0.28584685813880034,0.27104747868512025,0.04861962132655646
2016-10-20,0.27610580122731315,0.27590156448002057,0.28074246576276046,0.2783231579437535,0.28995919152518707
2016-10-21,0.2808937419831346,0.26949055865726856,0.2802784180229309,0.2697771170942007,0.291322564253213
2016-10-22,0.2808937419831346,0.26949055865726856,0.2802784180229309,0.2697771170942007,0.291322564253213
2016-10-23,0.2808937419831346,0.26949055865726856,0.2802784180229309,0.2697771170942007,0.291322564253213
2016-10-24,0.2771317947445892,0.269032620311771,0.2734338687495444,0.27197134998915595,0.3330975098312906
2016-10-25,0.27074783024962695,0.26846021921560137,0.26937356166110676,0.26781386303893173,0.29275836434673125
2016-10-26,0.26185591542470116,0.2589581950678477,0.2647331727708682,0.25418641988041,0.3654997748957481
2016-10-27,0.2680118765283576,0.2585003003937545,0.2662413057982999,0.25314703712917663,0.2866136266583694
2016-10-28,0.2563839644949623,0.25563825124150164,0.25951274633285676,0.2576510143662847,0.2906162525849327
2016-10-29,0.2563839644949623,0.25563825124150164,0.25951274633285676,0.2576510143662847,0.2906162525849327
2016-10-30,0.2563839644949623,0.25563825124150164,0.25951274633285676,0.2576510143662847,0.2906162525849327
2016-10-31,0.2354081308540295,0.24338868436357164,0.23874711889681083,0.2419448057052963,0.34806911540692304
2016-11-01,0.23324212038022424,0.22747565439306594,0.2337587163287141,0.22485276806089982,0.4556973393662432
2016-11-02,0.21808026449958934,0.2174012728205469,0.2193735461721969,0.21965585430473322,0.36260383911390626
2016-11-03,0.21032832314399236,0.2108758042471227,0.2125289968988105,0.20995496331145858,0.28502949532032307
2016-11-04,0.20360237530567155,0.1990841320432859,0.2032482633723614,0.20013860492569535,0.39873814146744796
2016-11-05,0.20360237530567155,0.1990841320432859,0.2032482633723614,0.20013860492569535,0.39873814146744796
2016-11-06,0.20360237530567155,0.1990841320432859,0.2032482633723614,0.20013860492569535,0.39873814146744796
2016-11-07,0.21295029691320894,0.20068687258112283,0.2095127750979751,0.1980598394232287,0.3228620745399269
2016-11-08,0.213976290430485,0.20503719952054045,0.21299304463863994,0.20406515709094242,0.35989042029310486
2016-11-09,0.21728227437361908,0.21144820534329245,0.1974477993865772,0.2023328378206506,0.520315876020574
2016-11-10,0.21032832314399236,0.2078992486727933,0.21113689793335016,0.2079917092561896,0.3695661369039445
2016-11-11,0.21032832314399236,0.2078992486727933,0.21113689793335016,0.2079917092561896,0.3695661369039445
2016-11-12,0.21032832314399236,0.2078992486727933,0.21113689793335016,0.2079917092561896,0.3695661369039445
2016-11-13,0.21032832314399236,0.2078992486727933,0.21113689793335016,0.2079917092561896,0.3695661369039445
2016-11-14,0.19505244382410436,0.18694907158743246,0.18735500444244063,0.18362399235315985,0.3802436688342729
2016-11-15,0.22343823547727554,0.21305094588112938,0.20301623950244668,0.19009122364553688,0.3810612289359493
2016-11-16,0.2207022382688058,0.2167143653023007,0.22018560758988442,0.21330409040484477,0.3532444852355367
2016-11-17,0.21899223457761224,0.21866058143496292,0.21844549494656612,0.20868460172053904,0.13695029802412353
2016-11-18,0.22207021512944053,0.20938752645995795,0.214617167474015,0.20360319941157,0.062076046416091164
2016-11-19,0.22207021512944053,0.20938752645995795,0.214617167474015,0.20360319941157,0.062076046416091164
2016-11-20,0.22207021512944053,0.20938752645995795,0.214617167474015,0.20360319941157,0.062076046416091164
2016-11-21,0.24259008547496203,0.23262735160140202,0.22877031376061746,0.21399702692390332,0.3573913864741605
2016-11-22,0.2487460030914181,0.2486548443225799,0.24501158636839632,0.24333063468870442,0.45060946179514416
2016-11-23,0.24794801296544783,0.2398397276930725,0.24767983874540184,0.23836469977222396,0.2945447128892319
2016-11-24,0.24794801296544783,0.2398397276930725,0.24767983874540184,0.23836469977222396,0.2945447128892319
2016-11-25,0.22628821263779791,0.23789351156041028,0.23004642291813454,0.2387111900591078,0.24188480340605623
2016-11-26,0.22628821263779791,0.23789351156041028,0.23004642291813454,0.2387111900591078,0.24188480340605623
2016-11-27,0.22628821263779791,0.23789351156041028,0.23004642291813454,0.2387111900591078,0.24188480340605623
2016-11-28,0.23791612467119322,0.23091014831289292,0.2214617167474015,0.2093775382395976,0.397403160266695
2016-11-29,0.21682626759100737,0.22323983387572488,0.21774942333682185,0.22612312965181935,0.39649752848857994
2016-11-30,0.2648198725372764,0.25666859068316883,0.2223898122270605,0.20718330534464247,0.7315071207688658
2016-12-01,0.28328775584824567,0.27842013803744814,0.2660092819283852,0.2514147178588848,0.5367093756355502
2016-12-02,0.29035568702992515,0.2776187677685297,0.27993040434507294,0.27381913665193636,0.3584186962263025
2016-12-03,0.29035568702992515,0.2776187677685297,0.27993040434507294,0.27381913665193636,0.3584186962263025
2016-12-04,0.29035568702992515,0.2776187677685297,0.27993040434507294,0.27381913665193636,0.3584186962263025
2016-12-05,0.291609683938507,0.28551800770704205,0.2886311003237492,0.27901605040810296,0.31999337144751017
2016-12-06,0.2818057555483579,0.276130489981365,0.28109047944061843,0.27335722302727306,0.34430810717164184
2016-12-07,0.2685818632630221,0.27155123754060295,0.2745939880991182,0.27289526534790065,0.4452040626537271
2016-12-08,0.28077976203108185,0.269032620311771,0.27331787894160114,0.2607691626199846,0.423871596131104
2016-12-09,0.2883036999953729,0.2768173974996112,0.2878190389060617,0.2727797539007031,0.34969322665072106
2016-12-10,0.2883036999953729,0.2768173974996112,0.2878190389060617,0.2727797539007031,0.34969322665072106
2016-12-11,0.2883036999953729,0.2768173974996112,0.2878190389060617,0.2727797539007031,0.34969322665072106
2016-12-12,0.3034655993632082,0.3094447403667324,0.30313226028820967,0.2919506011022752,0.46267122553476026
2016-12-13,0.3051755595672015,0.2968517415653814,0.3051043968014427,0.2911421531360191,0.34178763485251185
2016-12-14,0.2830597524569399,0.28963936547371094,0.2856148342688856,0.29044926067166954,0.36471002690242066
2016-12-15,0.28146377220499935,0.2747567186162768,0.2772621962220955,0.2712784575248064,0.29158851753930054
2016-12-16,0.29286368084708886,0.2816256627845263,0.2836426977556525,0.27485851940316974,0.11823101084846052
2016-12-17,0.29286368084708886,0.2816256627845263,0.2836426977556525,0.27485851940316974,0.11823101084846052
2016-12-18,0.29286368084708886,0.2816256627845263,0.2836426977556525,0.27485851940316974,0.11823101084846052
2016-12-19,0.2953716311770524,0.2866628535707858,0.29535961553516416,0.2869846661857949,0.0472075774089197
2016-12-20,0.29662562808563425,0.2887235324541203,0.29930393281565854,0.2865227085064225,0.21327019984738108
2016-12-21,0.2995896286854098,0.301202068504799,0.3047563831235847,0.3032682999186441,0.24537058765246683
2016-12-22,0.30483357622384283,0.29433312433654946,0.30197218519266406,0.29125766458321667,0.19988272560979498
2016-12-23,0.3056315663498131,0.29536346377821676,0.30406031151384044,0.2931054512459972,0.13711948834991342
2016-12-24,0.3056315663498131,0.29536346377821676,0.30406031151384044,0.2931054512459972,0.13711948834991342
2016-12-25,0.3056315663498131,0.29536346377821676,0.30406031151384044,0.2931054512459972,0.13711948834991342
2016-12-26,0.3056315663498131,0.29536346377821676,0.30406031151384044,0.2931054512459972,0.13711948834991342
2016-12-27,0.315663498131268,0.3047509815038938,0.31299303136243145,0.3001501516649442,0.1325652556077612
2016-12-28,0.3174874817745143,0.3078419998288955,0.3191415532801019,0.307541298316066,0.15877179411855027
2016-12-29,0.31418149783138033,0.3060102901183098,0.3179814339305282,0.3044231500623661,0.18059213137512914
2016-12-30,0.31361151109671587,0.3046365187532216,0.3174013963827554,0.3068483617970075,0.12896590525225873
2016-12-31,0.31361151109671587,0.3046365187532216,0.3174013963827554,0.3068483617970075,0.12896590525225873
2017-01-01,0.31361151109671587,0.3046365187532216,0.3174013963827554,0.3068483617970075,0.12896590525225873
2017-01-02,0.31361151109671587,0.3046365187532216,0.3174013963827554,0.3068483617970075,0.12896590525225873
2017-01-03,0.29776564504216346,0.31780196232214664,0.30232019887052214,0.31065944656976596,0.3935859483957918
2017-01-04,0.3083675200710824,0.29708071073813014,0.3027842466103516,0.29091121835104194,0.26892280807269625
2017-01-05,0.3140674743921272,0.3049799506766425,0.3102088334315109,0.30130500180866604,0.27165824481260725
2017-01-06,0.31668949164854415,0.30726959873272575,0.31635731109515314,0.3052315539739132,0.2780150498271304
2017-01-07,0.31668949164854415,0.30726959873272575,0.31635731109515314,0.3052315539739132,0.2780150498271304
2017-01-08,0.31668949164854415,0.30726959873272575,0.31635731109515314,0.3052315539739132,0.2780150498271304
2017-01-09,0.2935476475338061,0.3016600068502965,0.2982598475280563,0.30546253281359936,0.29919860568630147
2017-01-10,0.28055175863977605,0.2849456066108724,0.28607888200871506,0.28328909286023396,0.3384136784584212
2017-01-11,0.29685363147694016,0.28963936547371094,0.2865429297485446,0.27150943636449265,0.4446055229052992
2017-01-12,0.30551754291056005,0.2978820810070486,0.3024361886784654,0.28952534531292484,0.35471273278879545
2017-01-13,0.2982216083375748,0.29410415516380073,0.3041763455758119,0.297378449643419,0.24884304526362694
2017-01-14,0.2982216083375748,0.29410415516380073,0.3041763455758119,0.297378449643419,0.24884304526362694
2017-01-15,0.2982216083375748,0.29410415516380073,0.3041763455758119,0.297378449643419,0.24884304526362694
2017-01-16,0.2982216083375748,0.29410415516380073,0.3041763455758119,0.297378449643419,0.24884304526362694
2017-01-17,0.29947560524615663,0.29811105017979733,0.3024361886784654,0.2916041108153914,0.3230301060278689
2017-01-18,0.28351575923955147,0.2897538718957875,0.2883990764538344,0.29125766458321667,0.10876967923947789
2017-01-19,0.28682169969548527,0.2792215083063666,0.28967518561135147,0.2782076464965558,0.042921615628550756
2017-01-20,0.29879159507223924,0.2910131805102034,0.2939675165697038,0.2789005830156145,0.30055328713046836
2017-01-21,0.29879159507223924,0.2910131805102034,0.2939675165697038,0.2789005830156145,0.30055328713046836
2017-01-22,0.29879159507223924,0.2910131805102034,0.2939675165697038,0.2789005830156145,0.30055328713046836
2017-01-23,0.3025535857979849,0.2975386490836277,0.30348027396606764,0.3006121093443166,0.2357174683796608
2017-01-24,0.3074555499930594,0.2985689885252949,0.30881669021202235,0.29518421674846373,0.27335188632727786
2017-01-25,0.3025535857979849,0.2975386490836277,0.3075406253085335,0.2962235994996971,0.31357746570274536
2017-01-26,0.3142954777834331,0.3042930868298006,0.3102088334315109,0.2963390668921857,0.306830711752412
2017-01-27,0.30734152655380637,0.30452205600254934,0.3077726491784483,0.3053470654211108,0.25902343575721654
2017-01-28,0.30734152655380637,0.30452205600254934,0.3077726491784483,0.3053470654211108,0.25902343575721654
2017-01-29,0.30734152655380637,0.30452205600254934,0.3077726491784483,0.3053470654211108,0.25902343575721654
2017-01-30,0.3011856089373503,0.29742414266155115,0.30580046841118697,0.29853334384184993,0.2536655489675624
2017-01-31,0.3032375959719024,0.2985689885252949,0.30382833189795394,0.2921815358872524,0.3118200881064416
2017-02-01,0.3154354947399622,0.30257583986988723,0.3084686765341644,0.2940293225500328,0.306354429396935
2017-02-02,0.31155952406216375,0.3074985679054745,0.3167053247730111,0.3033837673111327,0.2572834407286309
2017-02-03,0.31486550800529783,0.30612479654038627,0.31728540657481213,0.30465412890205223,0.2399373764027008
2017-02-04,0.31486550800529783,0.30612479654038627,0.31728540657481213,0.30465412890205223,0.2399373764027008
2017-02-05,0.31486550800529783,0.30612479654038627,0.31728540657481213,0.30465412890205223,0.2399373764027008
2017-02-06,0.30551754291056005,0.3050944570987191,0.31160093239697123,0.3061554693326579,0.218191204768386
2017-02-07,0.29594161791171686,0.29490556910412347,0.2967517587546527,0.29841783239465236,0.3334793469021657
2017-02-08,0.2978796249942162,0.288380056859295,0.2919953800564708,0.2810948159105696,0.4165228259187991
2017-02-09,0.3054035629585073,0.2945620935092983,0.3053364206713575,0.28952534531292484,0.3254480211974619
2017-02-10,0.3152074913486564,0.3050944570987191,0.31148494258902787,0.29853334384184993,0.31748274925008707
2017-02-11,0.3152074913486564,0.3050944570987191,0.31148494258902787,0.29853334384184993,0.31748274925008707
2017-02-12,0.3152074913486564,0.3050944570987191,0.31148494258902787,0.29853334384184993,0.31748274925008707
2017-02-13,0.30460557283253703,0.3030337782153847,0.3099768095615962,0.30603995788546035,0.31144810115727345
2017-02-14,0.3076835533843653,0.30040069823588056,0.3110208948491984,0.2957616418203247,0.2575551882039578
2017-02-15,0.30665755986708915,0.2979965437577209,0.3095127618217666,0.2968010245715581,0.24052954254296538
2017-02-16,0.30950753702761163,0.2989124204487158,0.3089327242739938,0.29691649196404657,0.17083993146632967
2017-02-17,0.30996354381022323,0.29811105017979733,0.31125291871911315,0.30222891716741085,0.08507955711535131
2017-02-18,0.30996354381022323,0.29811105017979733,0.31125291871911315,0.30222891716741085,0.08507955711535131
2017-02-19,0.30996354381022323,0.29811105017979733,0.31125291871911315,0.30222891716741085,0.08507955711535131
2017-02-20,0.30996354381022323,0.29811105017979733,0.31125291871911315,0.30222891716741085,0.08507955711535131
2017-02-21,0.3174874817745143,0.3113909564993945,0.3167053247730111,0.3023443845598994,0.3573821157713775
2017-02-22,0.3121295107968281,0.3104750798083996,0.3167053247730111,0.3113523390341155,0.261297075614749
2017-02-23,0.3219334391869772,0.31436746840231966,0.3227378126287101,0.3073103194763799,0.27891141090246235
2017-02-24,0.31668949164854415,0.3094447403667324,0.321461703471193,0.31216078700037164,0.20090887652408906
2017-02-25,0.31668949164854415,0.3094447403667324,0.321461703471193,0.31216078700037164,0.20090887652408906
2017-02-26,0.31668949164854415,0.3094447403667324,0.321461703471193,0.31216078700037164,0.20090887652408906
2017-02-27,0.31737345833526126,0.31058958623047617,0.3235498740463976,0.3085806810672993,0.20040014670887155
2017-02-28,0.31691745155264955,0.30623925929105855,0.3147331882597781,0.30881165990698556,0.3160110251832847
2017-03-01,0.31486550800529783,0.30864337009781395,0.31995361469778943,0.30777227715575217,0.25655105520877336
2017-03-02,0.3009576055460444,0.3013165312554712,0.30730860143861877,0.3047695962945408,0.3417841583389682
2017-03-03,0.30916555368425297,0.2966227723926327,0.307424591246562,0.2919506011022752,0.22472415313578625
2017-03-04,0.30916555368425297,0.2966227723926327,0.307424591246562,0.2919506011022752,0.22472415313578625
2017-03-05,0.30916555368425297,0.2966227723926327,0.307424591246562,0.2919506011022752,0.22472415313578625
2017-03-06,0.3076835533843653,0.2985689885252949,0.3098607754996246,0.29899525746651323,0.26373758812237563
2017-03-07,0.3069995432104478,0.3013165312554712,0.3092807379518519,0.2987642786268271,0.2585141265230751
2017-03-08,0.2743957975361196,0.2912421060115479,0.27842227131764113,0.2943758128369166,0.5300964674566465
2017-03-09,0.2629958888940301,0.26742987977393406,0.261484927100118,0.2646957147852318,0.5938986028471488
2017-03-10,0.25398999411705153,0.25907270148992423,0.2582366814293679,0.2576510143662847,0.4336626171078073
2017-03-11,0.25398999411705153,0.25907270148992423,0.2582366814293679,0.2576510143662847,0.4336626171078073
2017-03-12,0.25398999411705153,0.25907270148992423,0.2582366814293679,0.2576510143662847,0.4336626171078073
2017-03-13,0.2529640005997755,0.24270177684532535,0.253480302731186,0.24425455004744911,0.3203294344233942
2017-03-14,0.2452120592441785,0.24396108545974138,0.24408353514276543,0.24425455004744911,0.46886289615596105
2017-03-15,0.25820794813820863,0.24682313461199423,0.2564965245320214,0.24783461192581235,0.3518648887776405
2017-03-16,0.25695395122962666,0.2534630659360907,0.25986080426474295,0.25072178133982614,0.2713633205803228
2017-03-17,0.2572959345729852,0.2486548443225799,0.26160091690806136,0.24818110221269618,0.07174596883769144
2017-03-18,0.2572959345729852,0.2486548443225799,0.26160091690806136,0.24818110221269618,0.07174596883769144
2017-03-19,0.2572959345729852,0.2486548443225799,0.26160091690806136,0.24818110221269618,0.07174596883769144
2017-03-20,0.25091201356522336,0.24338868436357164,0.2527842311214417,0.2471417194614629,0.054315888767790345
2017-03-21,0.24088008178376846,0.24327417794149508,0.24570765797814048,0.2382492323797354,0.3358329465712016
2017-03-22,0.24886002653067113,0.23858041907865657,0.24315543966310643,0.24090542295406292,0.36638570643044915
2017-03-23,0.2449840558528727,0.24041212878924223,0.24976800932060644,0.24078995556157445,0.26152768434647633
2017-03-24,0.24806203640470087,0.23720664771356836,0.2493039615807769,0.23524655151852403,0.21583992277504582
2017-03-25,0.24806203640470087,0.23720664771356836,0.2493039615807769,0.23524655151852403,0.21583992277504582
2017-03-26,0.24806203640470087,0.23720664771356836,0.2493039615807769,0.23524655151852403,0.21583992277504582
2017-03-27,0.24532603919623125,0.238122480733159,0.24396754533482218,0.24044346527469063,0.24200010777191988
2017-03-28,0.2526219737692165,0.24338868436357164,0.2523201833816123,0.23778727470036298,0.2629756522373972
2017-03-29,0.26561786266324655,0.25357757235816725,0.2590487428470554,0.24448552888713537,0.2897668244424397
2017-03-30,0.27519378766208985,0.263194059256593,0.26937356166110676,0.257535502919087,0.30833893921142247
2017-03-31,0.2780437648226122,0.26754434252460635,0.27668215867432283,0.26585056492895365,0.2775943916883514
2017-04-01,0.2780437648226122,0.26754434252460635,0.27668215867432283,0.26585056492895365,0.2775943916883514
2017-04-02,0.2780437648226122,0.26754434252460635,0.27668215867432283,0.26585056492895365,0.2775943916883514
2017-04-03,0.2739398342407083,0.2673154170232619,0.27923433273532866,0.27012356332637544,0.2272527373198514
2017-04-04,0.2829457290176867,0.27269603973294243,0.276450134804408,0.26492669362491794,0.28017106764310346
2017-04-05,0.28431374936552173,0.27933601472844316,0.28642693994060137,0.27578243476191444,0.34932123970155293
2017-04-06,0.29058369042123094,0.27864910721019687,0.28677495361845934,0.27139392491729497,0.24596507146842717
2017-04-07,0.2967396515248874,0.2914710751842966,0.29512763591927765,0.2817877524296283,0.43335958101058775
2017-04-08,0.2967396515248874,0.2914710751842966,0.29512763591927765,0.2817877524296283,0.43335958101058775
2017-04-09,0.2967396515248874,0.2914710751842966,0.29512763591927765,0.2817877524296283,0.43335958101058775
2017-04-10,0.3063155765237306,0.2942186615858773,0.30440836944572675,0.2888324528485753,0.29951496841877157
2017-04-11,0.30996354381022323,0.29730967991087887,0.30916474814390865,0.2983023650021638,0.31838316625788665
2017-04-12,0.30665755986708915,0.30085859290997374,0.3092807379518519,0.3014205132558637,0.33680984687696097
2017-04-13,0.3074555499930594,0.2966227723926327,0.31055684710936887,0.29506870530126617,0.2504938097779261
2017-04-14,0.3074555499930594,0.2966227723926327,0.31055684710936887,0.29506870530126617,0.2504938097779261
2017-04-15,0.3074555499930594,0.2966227723926327,0.31055684710936887,0.29506870530126617,0.2504938097779261
2017-04-16,0.3074555499930594,0.2966227723926327,0.31055684710936887,0.29506870530126617,0.2504938097779261
2017-04-17,0.3014136123286561,0.2945620935092983,0.307424591246562,0.29645457833938327,0.16097648312413412
2017-04-18,0.2986776151201865,0.2904407357426294,0.30220416480855067,0.2939138551575443,0.08895644913542006
2017-04-19,0.2762197811793659,0.28815113135795056,0.2788863190574706,0.28940987792043626,0.04905186784381416
2017-04-20,0.27428181758406683,0.2689181575610988,0.27993040434507294,0.269430670862026,0.32316916656961403
2017-04-21,0.2668718595718285,0.26846021921560137,0.26856150024341924,0.2703545421660617,0.37022435680153803
2017-04-22,0.2668718595718285,0.26846021921560137,0.26856150024341924,0.2703545421660617,0.37022435680153803
2017-04-23,0.2668718595718285,0.26846021921560137,0.26856150024341924,0.2703545421660617,0.37022435680153803
2017-04-24,0.2624259021593656,0.26033201010434015,0.266589319476158,0.2584594182778318,0.27196823393691405
2017-04-25,0.2661878928851113,0.25586722041425036,0.2647331727708682,0.25314703712917663,0.3121468803795426
2017-04-26,0.2668718595718285,0.2601030409315914,0.26554523418855575,0.2547638449522709,0.35182375003404087
2017-04-27,0.2594619450467905,0.251287924302084,0.25696057227185093,0.25314703712917663,0.41873041201900263
2017-04-28,0.2635659191158947,0.2550658064739276,0.2639211113531806,0.2537244622010376,0.3392358739114891
2017-04-29,0.2635659191158947,0.2550658064739276,0.2639211113531806,0.2537244622010376,0.3392358739114891
2017-04-30,0.2635659191158947,0.2550658064739276,0.2639211113531806,0.2537244622010376,0.3392358739114891
2017-05-01,0.2579799447469027,0.2500286156876681,0.261484927100118,0.25256956800260666,0.183021055504277
2017-05-02,0.2445280490702611,0.24957067734217053,0.2470997569436008,0.2480655907654986,0.37885827818713724
2017-05-03,0.2463520327135073,0.23755007963698938,0.24651971939582812,0.24044346527469063,0.3724522225640794
2017-05-04,0.22013225153414145,0.23205495050523228,0.22320187364474803,0.2344381476069768,0.5188366195077605
2017-05-05,0.22811219628104423,0.2198053836273023,0.20545242375550926,0.2103014095436333,0.5638290783704655
2017-05-06,0.22811219628104423,0.2198053836273023,0.20545242375550926,0.2103014095436333,0.5638290783704655
2017-05-07,0.22811219628104423,0.2198053836273023,0.20545242375550926,0.2103014095436333,0.5638290783704655
2017-05-08,0.2305061666589549,0.22323983387572488,0.22830626602078802,0.22000230053690795,0.4267646348183261
2017-05-09,0.2242362256032457,0.22095018581964176,0.2259860715756687,0.2216191524147113,0.37860854863092
2017-05-10,0.2407661018317157,0.2323983824286533,0.23155451169153812,0.21803904648163897,0.4468942276548541
2017-05-11,0.24646605615276046,0.2374356168863171,0.24698376713565756,0.2320129358723354,0.35533850522664845
2017-05-12,0.24658003610481322,0.2357183699264036,0.2470997569436008,0.23686340339632728,0.2833207889136301
2017-05-13,0.24658003610481322,0.2357183699264036,0.2470997569436008,0.23686340339632728,0.2833207889136301
2017-05-14,0.24658003610481322,0.2357183699264036,0.2470997569436008,0.23686340339632728,0.2833207889136301
2017-05-15,0.2580939246989555,0.25392100428158815,0.25174014583383947,0.23732531702099058,0.37003836332695395
2017-05-16,0.2559279577123506,0.2507155232059143,0.2566125143399646,0.24852754844487102,0.3132894944975482
2017-05-17,0.2606019185161193,0.2520892945710025,0.2549883915045896,0.24171382686561005,0.348573209870749
2017-05-18,0.26379387902000023,0.25323409676334196,0.2552204153745043,0.24979791003579044,0.11254517294785751
2017-05-19,0.27496582775798434,0.26388092310343503,0.2694895514690501,0.2538399295935262,0.05674597173478605
2017-05-20,0.27496582775798434,0.26388092310343503,0.2694895514690501,0.2538399295935262,0.05674597173478605
2017-05-21,0.27496582775798434,0.26388092310343503,0.2694895514690501,0.2538399295935262,0.05674597173478605
2017-05-22,0.2795257651225,0.269948497002766,0.2829466261459082,0.26908418057514216,0.29886080445364566
2017-05-23,0.28796171665201437,0.27830567528677597,0.28445475917334,0.2741656269388202,0.310350102296411
2017-05-24,0.2867077197434325,0.27933601472844316,0.2897911754192947,0.2787850715684168,0.3985388213576133
2017-05-25,0.2586639549208202,0.28070978609353137,0.25986080426474295,0.27659083867346157,0.6367078112044555
2017-05-26,0.26892384660638063,0.257126485357262,0.2567285484019361,0.2477191445333239,0.4145186158608978
2017-05-27,0.26892384660638063,0.257126485357262,0.2567285484019361,0.2477191445333239,0.4145186158608978
2017-05-28,0.26892384660638063,0.257126485357262,0.2567285484019361,0.2477191445333239,0.4145186158608978
2017-05-29,0.26892384660638063,0.257126485357262,0.2567285484019361,0.2477191445333239,0.4145186158608978
2017-05-30,0.2673278663544401,0.26101887395118206,0.266589319476158,0.2613465876918456,0.3563252556541147
2017-05-31,0.25205198703455217,0.2544934053777579,0.25150812196392475,0.2581129720456571,0.423339689558929
2017-06-01,0.25250799381716377,0.2483113687277546,0.253480302731186,0.24633331554991578,0.42063612085983454
2017-06-02,0.2445280490702611,0.2370921412914918,0.2400232280543278,0.23951959397065492,0.4369664638121014
2017-06-03,0.2445280490702611,0.2370921412914918,0.2400232280543278,0.23951959397065492,0.4369664638121014
2017-06-04,0.2445280490702611,0.2370921412914918,0.2400232280543278,0.23951959397065492,0.4369664638121014
2017-06-05,0.24156409195768586,0.23972522127099594,0.24141532701978813,0.23570850919789632,0.3833916518480277
2017-06-06,0.2505699867346644,0.23949629576965148,0.2423433782454189,0.23212844731953308,0.44994197119476764
2017-06-07,0.22241224195999937,0.23755007963698938,0.22737821479515713,0.23882665745159637,0.6569515495689993
2017-06-08,0.22150022839477607,0.21408128532279658,0.22215778835714578,0.21422796170888037,0.5094129501288338
2017-06-09,0.22366623886858134,0.21408128532279658,0.2229698497748333,0.2126111538857861,0.39830241843664665
2017-06-10,0.22366623886858134,0.21408128532279658,0.2229698497748333,0.2126111538857861,0.39830241843664665
2017-06-11,0.22366623886858134,0.21408128532279658,0.2229698497748333,0.2126111538857861,0.39830241843664665
2017-06-12,0.2265162160291037,0.2201488155507233,0.22749420460310038,0.2136505366370195,0.3582251703057072
2017-06-13,0.23084815000231346,0.21854607501288636,0.22633412950755488,0.21607574837166088,0.4257593429852938
2017-06-14,0.21112631326996262,0.21763024199329573,0.21450117766607174,0.21526734446011375,0.5075084001258499
2017-06-15,0.20804833271813444,0.198397268196444,0.21078888425549208,0.2008314973900448,0.2621418684058505
2017-06-16,0.21124033670921566,0.19988550231220437,0.21102090812540691,0.19575009508107588,0.08303536715169826
2017-06-17,0.21124033670921566,0.19988550231220437,0.21102090812540691,0.19575009508107588,0.08303536715169826
2017-06-18,0.21124033670921566,0.19988550231220437,0.21102090812540691,0.19575009508107588,0.08303536715169826
2017-06-19,0.2050843756055593,0.20125931734869684,0.20881670348823084,0.20071602999755633,0.04370383117586698
2017-06-20,0.1940264503068283,0.19370350933360536,0.1937355059759976,0.19413328725798162,0.4899496890548345
2017-06-21,0.18604650555992552,0.19141386127752225,0.18561484754509405,0.1857027578556265,0.592879404959942
2017-06-22,0.1884405194250366,0.18133943603359887,0.18805103179815663,0.17611733425484039,0.3594216703836391
2017-06-23,0.19151845648966448,0.17996566466851072,0.19118328766096349,0.17900450366885412,0.37221292254849303
2017-06-24,0.19151845648966448,0.17996566466851072,0.19118328766096349,0.17900450366885412,0.37221292254849303
2017-06-25,0.19151845648966448,0.17996566466851072,0.19118328766096349,0.17900450366885412,0.37221292254849303
2017-06-26,0.19573645399802186,0.18511736187684674,0.19234340701053726,0.18316203467378744,0.355089934508279
2017-06-27,0.2055403823881709,0.19416140400769855,0.20034803137946927,0.18697311944654593,0.41173450793137595
2017-06-28,0.21124033670921566,0.19942760763811118,0.2044083384679069,0.18939833118118743,0.40840864330797216
2017-06-29,0.21340630369582064,0.20572410703878663,0.21577728682358882,0.20314124173219772,0.41743077537260986
2017-06-30,0.226060209246492,0.2160274577840544,0.21844549494656612,0.20314124173219772,0.3643919259131787
2017-07-01,0.226060209246492,0.2160274577840544,0.21844549494656612,0.20314124173219772,0.3643919259131787
2017-07-02,0.226060209246492,0.2160274577840544,0.21844549494656612,0.20314124173219772,0.3643919259131787
2017-07-03,0.23780210123194018,0.22461360524081309,0.23051042640393576,0.21919389662536082,0.2718083143139072
2017-07-04,0.23780210123194018,0.22461360524081309,0.23051042640393576,0.21919389662536082,0.2718083143139072
2017-07-05,0.21568629412167856,0.22713222246964504,0.21415311973418555,0.22797091631459976,0.651883951660238
2017-07-06,0.22013225153414145,0.2180881366673889,0.22192576448723095,0.21191826142143666,0.5337375359746724
2017-07-07,0.20542635894891786,0.20538063144396135,0.20568444762542398,0.2084536228808529,0.5373519512221974
2017-07-08,0.20542635894891786,0.20538063144396135,0.20568444762542398,0.2084536228808529,0.5373519512221974
2017-07-09,0.20542635894891786,0.20538063144396135,0.20568444762542398,0.2084536228808529,0.5373519512221974
2017-07-10,0.20736436603141722,0.1987407001198649,0.2041763588520204,0.19690494522479773,0.4635664277722443
2017-07-11,0.2146603006044025,0.20984546480545552,0.206264529427225,0.19956117985383437,0.5575024031399871
2017-07-12,0.2197902681907829,0.21751573557121917,0.22111370306954342,0.21295764417266994,0.5301619417950515
2017-07-13,0.2265162160291037,0.21522608751513594,0.2197216041040832,0.20949300563208617,0.4058568823669495
2017-07-14,0.23176016356753687,0.22049229114554858,0.22911832743847554,0.2168841963379171,0.4023363329851026
2017-07-15,0.23176016356753687,0.22049229114554858,0.22911832743847554,0.2168841963379171,0.4023363329851026
2017-07-16,0.23176016356753687,0.22049229114554858,0.22911832743847554,0.2168841963379171,0.4023363329851026
2017-07-17,0.2258322058551862,0.2220950316833855,0.2301624127260778,0.22381338530966655,0.29673028107032584
2017-07-18,0.23016418331559635,0.2225529263574787,0.22923436150044701,0.21584481358668373,0.09265140361337229
2017-07-19,0.23837208796660464,0.22644531495139875,0.23306264471896992,0.2188474503931861,0.05339982744904446
2017-07-20,0.23461014072805925,0.22976530244914917,0.2390951325746688,0.22854834138646074,0.38943035587330893
2017-07-21,0.22298222869466383,0.225872913855229,0.22610210563764016,0.22646957588399408,0.4177158494831873
2017-07-22,0.22298222869466383,0.225872913855229,0.22610210563764016,0.22646957588399408,0.4177158494831873
2017-07-23,0.22298222869466383,0.225872913855229,0.22610210563764016,0.22646957588399408,0.4177158494831873
2017-07-24,0.22948017314167884,0.2180881366673889,0.2244779828022651,0.21157177113455283,0.3820653619311338
2017-07-25,0.24715002283947757,0.24247280767257662,0.2358468869039187,0.22127266212782748,0.4850802524180601
2017-07-26,0.25695395122962666,0.24487691847933202,0.25301625499135655,0.24494744251179867,0.4863341149694618
2017-07-27,0.26025993517276075,0.24911278266807735,0.2575406098196236,0.2471417194614629,0.48221618467703486
2017-07-28,0.2678978530891046,0.25563825124150164,0.26461718296292486,0.25256956800260666,0.4187512711002644
2017-07-29,0.2678978530891046,0.25563825124150164,0.26461718296292486,0.25256956800260666,0.4187512711002644
2017-07-30,0.2678978530891046,0.25563825124150164,0.26461718296292486,0.25256956800260666,0.4187512711002644
2017-07-31,0.27314180062753773,0.2625071517383468,0.2683294763735045,0.2604226723331008,0.42472739788176034
2017-08-01,0.26162791203339536,0.26273612091109555,0.25893270878508395,0.2645802033380341,0.5562809880483259
2017-08-02,0.26652987622846996,0.253806541530916,0.26102087936028856,0.24829656960518476,0.463075080524745
2017-08-03,0.2601459117335076,0.25735545453001074,0.26368908748326586,0.25742003552659853,0.45730464746124705
2017-08-04,0.2664158962764172,0.2536920351088394,0.26044084181251576,0.2500288888754767,0.40394074398548674
2017-08-05,0.2664158962764172,0.2536920351088394,0.26044084181251576,0.2500288888754767,0.40394074398548674
2017-08-06,0.2664158962764172,0.2536920351088394,0.26044084181251576,0.2500288888754767,0.40394074398548674
2017-08-07,0.26424988580261194,0.2547223745505066,0.2609048895523453,0.25742003552659853,0.45360273995620753
2017-08-08,0.2617418919854481,0.2554092820687529,0.26461718296292486,0.25418641988041,0.5074110577466282
2017-08-09,0.2661878928851113,0.25460791179983444,0.2650812307027544,0.2506063139473377,0.4691752029559636
2017-08-10,0.25512996758638035,0.26033201010434015,0.25870068491516923,0.2584594182778318,0.6297843344823211
2017-08-11,0.2577519413555969,0.24613622709374794,0.25440835395681677,0.24506295395899624,0.4378790486173037
2017-08-12,0.2577519413555969,0.24613622709374794,0.25440835395681677,0.24506295395899624,0.4378790486173037
2017-08-13,0.2577519413555969,0.24613622709374794,0.25440835395681677,0.24506295395899624,0.4378790486173037
2017-08-14,0.24373005894429084,0.24819690597708244,0.2480278524232598,0.24818110221269618,0.4141251904115439
2017-08-15,0.24327405216167913,0.23377219746514577,0.2432714737250779,0.23316783007076636,0.4182489148932102
2017-08-16,0.2344961172888061,0.23480253690681296,0.23921112238261205,0.235824020645094,0.44443053839026997
2017-08-17,0.23803010462324597,0.22564394468248028,0.23677493812954947,0.22519921429307455,0.32435755478261075
2017-08-18,0.25421795402115704,0.24338868436357164,0.24048723154012913,0.22670055472368023,0.11852187914827736
2017-08-19,0.25421795402115704,0.24338868436357164,0.24048723154012913,0.22670055472368023,0.11852187914827736
2017-08-20,0.25421795402115704,0.24338868436357164,0.24048723154012913,0.22670055472368023,0.11852187914827736
2017-08-21,0.24122206512712702,0.2435031471142438,0.24338746353302126,0.24737269830114905,0.046745201107617214
2017-08-22,0.2443000456789552,0.23526043158090615,0.2453596443002825,0.23270587239139406,0.47273109689217074
2017-08-23,0.25307798055182823,0.24064109796199096,0.24918792751880542,0.2349001052863492,0.3784631144810116
2017-08-24,0.24190607530104452,0.2398397276930725,0.24373552146490746,0.24321516729621584,0.45359346925342453
2017-08-25,0.24692201944817177,0.23388666021581794,0.24756380468343037,0.23466912644666305,0.3464936753527358
2017-08-26,0.24692201944817177,0.23388666021581794,0.24756380468343037,0.23466912644666305,0.3464936753527358
2017-08-27,0.24692201944817177,0.23388666021581794,0.24756380468343037,0.23466912644666305,0.3464936753527358
2017-08-28,0.23210214691089542,0.23720664771356836,0.2331786787809414,0.23778727470036298,0.5056988748263916
2017-08-29,0.23062014661100766,0.22301086470297615,0.228654279698646,0.2258921508121331,0.49084141477877496
2017-08-30,0.2251481956812687,0.22026332197279985,0.229582375178305,0.21954038691224464,0.49084141477877496
2017-08-31,0.2396260848751865,0.22884946942955842,0.2265661533774696,0.21538285590731132,0.4835059712017207
2017-09-01,0.240310095049104,0.22747565439306594,0.2379350574791233,0.22843287399397216,0.5024674554875898
2017-09-02,0.240310095049104,0.22747565439306594,0.2379350574791233,0.22843287399397216,0.5024674554875898
2017-09-03,0.240310095049104,0.22747565439306594,0.2379350574791233,0.22843287399397216,0.5024674554875898
2017-09-04,0.240310095049104,0.22747565439306594,0.2379350574791233,0.22843287399397216,0.5024674554875898
2017-09-05,0.2559279577123506,0.24613622709374794,0.2447796067525097,0.23074257428141598,0.40228592353872
2017-09-06,0.26162791203339536,0.25117341788000747,0.2606728656824305,0.24587135787054337,0.4290290039730756
2017-09-07,0.2608299219074251,0.25014312210974454,0.26194897483994756,0.25222312177043194,0.37893881741756463
2017-09-08,0.24247606203570887,0.2493417081694218,0.24617170571797004,0.25164569669857095,0.46077942274810285
2017-09-09,0.24247606203570887,0.2493417081694218,0.24617170571797004,0.25164569669857095,0.46077942274810285
2017-09-10,0.24247606203570887,0.2493417081694218,0.24617170571797004,0.25164569669857095,0.46077942274810285
2017-09-11,0.2492020098740298,0.23800801798248683,0.24303944985516318,0.23420721282199974,0.42063032667059513
2017-09-12,0.2510259935172761,0.23995419044374466,0.25150812196392475,0.24044346527469063,0.36359928082523163
2017-09-13,0.2632238922853359,0.250944492378663,0.25603247679219193,0.24298418845652958,0.3814946342910549
2017-09-14,0.2699498401236567,0.263537491180014,0.26798146269564654,0.25418641988041,0.38271720822056393
2017-09-15,0.2699498401236567,0.25930167066267296,0.2709976844964818,0.2589213759572042,0.22312321864894574
2017-09-16,0.2699498401236567,0.25930167066267296,0.2709976844964818,0.2589213759572042,0.22312321864894574
2017-09-17,0.2699498401236567,0.25930167066267296,0.2709976844964818,0.2589213759572042,0.22312321864894574
2017-09-18,0.2701778435149626,0.2615913187187562,0.26844546618144777,0.2604226723331008,0.08174963655947998
2017-09-19,0.265275879319888,0.262621614489019,0.27006963327085104,0.26111560885215945,0.054965417381524766
2017-09-20,0.27587779783600735,0.2652547381399275,0.2749420017769762,0.2603072049406123,0.40901008015101975
2017-09-21,0.27747377808794776,0.26708644785051316,0.27865429518755586,0.27047005361325926,0.3082815767379526
2017-09-22,0.27872777499652973,0.2667429722556879,0.2812065135025899,0.27058552100574784,0.24641470055340303
2017-09-23,0.27872777499652973,0.2667429722556879,0.2812065135025899,0.27058552100574784,0.24641470055340303
2017-09-24,0.27872777499652973,0.2667429722556879,0.2812065135025899,0.27058552100574784,0.24641470055340303
2017-09-25,0.2965116481335815,0.28391526716920523,0.2823665885981355,0.27000809593388697,0.3782029553841635
2017-09-26,0.29263567745578306,0.2856325141291186,0.2944315643095334,0.28663817589891105,0.38299532930405417
2017-09-27,0.2955996345683582,0.2846021746874514,0.2967517587546527,0.2862917296667362,0.34099904569703227
2017-09-28,0.2889877101692904,0.29055524216470596,0.2919953800564708,0.2858297719873639,0.43647627540244993
2017-09-29,0.290241663590672,0.27807670611402724,0.29234339373432877,0.28040192344622017,0.2917177279593387
2017-09-30,0.290241663590672,0.27807670611402724,0.29234339373432877,0.28040192344622017,0.2917177279593387
2017-10-01,0.290241663590672,0.27807670611402724,0.29234339373432877,0.28040192344622017,0.2917177279593387
2017-10-02,0.2778158049185067,0.27738979859578095,0.27865429518755586,0.2810948159105696,0.3200808637050248
2017-10-03,0.2759917777880601,0.26617057115951814,0.2794663566052434,0.2689687131826536,0.24000632725464943
2017-10-04,0.27097583364093275,0.26548366364127196,0.27505799158491956,0.26400277826617313,0.31886582222152693
2017-10-05,0.2802097752964175,0.2717802067133517,0.2761020768725218,0.2607691626199846,0.35105196402735556
2017-10-06,0.2631099123332831,0.26720091060118534,0.2674013808938455,0.2708164998454341,0.402463225729445
2017-10-07,0.2631099123332831,0.26720091060118534,0.2674013808938455,0.2708164998454341,0.402463225729445
2017-10-08,0.2631099123332831,0.26720091060118534,0.2674013808938455,0.2708164998454341,0.402463225729445
2017-10-09,0.2664158962764172,0.2554092820687529,0.2677494388257317,0.25349348336135136,0.2645412421698775
2017-10-10,0.28169173210910486,0.269948497002766,0.2725058175239136,0.25695807784722613,0.3571092094582028
2017-10-11,0.286023709569515,0.2740698110980305,0.28491880691316956,0.27301073274038923,0.3496399201097188
2017-10-12,0.2780437648226122,0.2707498672716845,0.27958239066721485,0.2737036692594478,0.39444348840321997
2017-10-13,0.28773371326070857,0.2775043050178575,0.2859628922007718,0.27058552100574784,0.3586493049580298
2017-10-14,0.28773371326070857,0.2775043050178575,0.2859628922007718,0.27058552100574784,0.3586493049580298
2017-10-15,0.28773371326070857,0.2775043050178575,0.2859628922007718,0.27058552100574784,0.3586493049580298
2017-10-16,0.29252165401653,0.2849456066108724,0.2935034688298744,0.27866960417592823,0.27360683065381053
2017-10-17,0.29263567745578306,0.2835718352457842,0.29187934599449933,0.2844439430039558,0.24514982904244648
2017-10-18,0.2944596610990294,0.28448771193677924,0.29744778611036876,0.2845594103964444,0.060319827657635265
2017-10-19,0.28590972961746225,0.2826559585547892,0.2902552231591243,0.2858297719873639,0.04571441484193162
2017-10-20,0.28796171665201437,0.2776187677685297,0.2859628922007718,0.27855409272873066,0.3624995437075974
2017-10-21,0.28796171665201437,0.2776187677685297,0.2859628922007718,0.27855409272873066,0.3624995437075974
2017-10-22,0.28796171665201437,0.2776187677685297,0.2859628922007718,0.27855409272873066,0.3624995437075974
2017-10-23,0.29286368084708886,0.28414423634195396,0.2973317963024255,0.28606075082705007,0.31001635699622276
2017-10-24,0.299361625294104,0.2878076557631253,0.2958236632749937,0.2839819853245834,0.3830173472231638
2017-10-25,0.2960556413509699,0.28723525466695554,0.2997679805554881,0.2917196222625891,0.36690138927275395
2017-10-26,0.30129958888940295,0.29055524216470596,0.3000000044254028,0.2874465798104582,0.3164386363491509
2017-10-27,0.315663498131268,0.30589582736763754,0.3039443217058972,0.2944912802294052,0.39539489427632607
2017-10-28,0.315663498131268,0.30589582736763754,0.3039443217058972,0.2944912802294052,0.39539489427632607
2017-10-29,0.315663498131268,0.30589582736763754,0.3039443217058972,0.2944912802294052,0.39539489427632607
2017-10-30,0.31851347529179036,0.3088723392705627,0.32134571366324977,0.31019748889039356,0.29928551852489216
2017-10-31,0.32113544906100694,0.31333712896065247,0.32343388423845437,0.30927361758635796,0.2600310452659446
2017-11-01,0.32022343549578364,0.3175729931493978,0.3229698364986248,0.31585636032593256,0.36070102736769405
2017-11-02,0.32295943270425326,0.3132226662099803,0.32412995584819854,0.31158331787380167,0.25165902123396533
2017-11-03,0.3354993148156717,0.3237549861279968,0.32888633454638044,0.31678023162996827,0.327744258393028
2017-11-04,0.3354993148156717,0.3237549861279968,0.32888633454638044,0.31678023162996827,0.327744258393028
2017-11-05,0.3354993148156717,0.3237549861279968,0.32888633454638044,0.31678023162996827,0.327744258393028
2017-11-06,0.35499314815671673,0.34493417605751076,0.34350348431878425,0.33110061130754864,0.4711817306895607
2017-11-07,0.35328318795272345,0.3458500090771014,0.3570765930576139,0.34611388344947847,0.40656145577845804
2017-11-08,0.34883723054026067,0.3484830890566055,0.35220418029746053,0.3425337775164061,0.5044600771670124
2017-11-09,0.3529411611221646,0.34401829936651573,0.35545242596821064,0.3412634159254866,0.3583317833877118
2017-11-10,0.3480392404142904,0.34195762048318135,0.3538283031328356,0.3432267140354647,0.2855260573381379
2017-11-11,0.3480392404142904,0.34195762048318135,0.3538283031328356,0.3432267140354647,0.2855260573381379
2017-11-12,0.3480392404142904,0.34195762048318135,0.3538283031328356,0.3432267140354647,0.2855260573381379
2017-11-13,0.3482672003183959,0.3396680160985024,0.35092807113994345,0.34184088505205656,0.3378609128049844
2017-11-14,0.3361833249895892,0.3353176891590849,0.33364271324456235,0.3397621195495899,0.38173393430664126
2017-11-15,0.3319653709684321,0.32146538174331796,0.3344547746622499,0.32059131640272687,0.2624008686648508
2017-11-16,0.32979936049462694,0.32215224559015987,0.3350348122100227,0.323362974369543,0.09583994595180279
2017-11-17,0.34587322994048514,0.3342873497174177,0.3379350442029148,0.322785549297682,0.07904896495500524
2017-11-18,0.34587322994048514,0.3342873497174177,0.3379350442029148,0.322785549297682,0.07904896495500524
2017-11-19,0.34587322994048514,0.3342873497174177,0.3379350442029148,0.322785549297682,0.07904896495500524
2017-11-20,0.3406292824020521,0.33520318273700833,0.342459399031182,0.3394156292627061,0.3156239733420942
2017-11-21,0.34906523393156647,0.34046938636742086,0.3511600950098583,0.33583556738434284,0.33058746705279146
2017-11-22,0.36263110956026096,0.3511162127075139,0.359396743248705,0.34438156417918653,0.4571006920000209
2017-11-23,0.36263110956026096,0.3511162127075139,0.359396743248705,0.34438156417918653,0.4571006920000209
2017-11-24,0.3732330280763802,0.3614195634527818,0.3677494255495232,0.35512183792369456,0.30669223062959083
2017-11-25,0.3732330280763802,0.3614195634527818,0.3677494255495232,0.35512183792369456,0.30669223062959083
2017-11-26,0.3732330280763802,0.3614195634527818,0.3677494255495232,0.35512183792369456,0.30669223062959083
2017-11-27,0.363657103077537,0.3607326996059398,0.365429231104404,0.36551566543602776,0.3717331636794724
2017-11-28,0.3622891262169023,0.35065827436201646,0.3639210980769722,0.3529276050287393,0.2885564183103333
2017-11-29,0.35442316142205227,0.35283341599602314,0.3561484975779549,0.35142626459813364,0.4015651263973412
2017-11-30,0.3555631783785815,0.3491699965748518,0.35696055899564244,0.3477306912725727,0.3978359862028766
2017-12-01,0.3665070802380594,0.35947339099152387,0.3624130093035686,0.3478461586650613,0.3689154494523622
2017-12-02,0.3665070802380594,0.35947339099152387,0.3624130093035686,0.3478461586650613,0.3689154494523622
2017-12-03,0.3665070802380594,0.35947339099152387,0.3624130093035686,0.3478461586650613,0.3689154494523622
2017-12-04,0.35636116850455174,0.3532913543415206,0.3631090366592847,0.3582399861773945,0.2789606615109971
2017-12-05,0.3580711287085449,0.3484830890566055,0.35997682505050604,0.34853909518411985,0.2611609121676236
2017-12-06,0.3391472821021643,0.3444762377120132,0.3459396685718468,0.3481926489519451,0.36530972548869645
2017-12-07,0.34746921019242566,0.33543215190975706,0.345359631024074,0.33144705753972337,0.2948135632699391
2017-12-08,0.3551071715959698,0.34699485494084514,0.35371231332489234,0.3389537156380428,0.3668202706234026
2017-12-09,0.3551071715959698,0.34699485494084514,0.35371231332489234,0.3389537156380428,0.3668202706234026
2017-12-10,0.3551071715959698,0.34699485494084514,0.35371231332489234,0.3389537156380428,0.3668202706234026
2017-12-11,0.3622891262169023,0.35031484243859556,0.3580046442832447,0.3458829046097922,0.3234362786935494
2017-12-12,0.35259917777880606,0.35580997157035255,0.3573085726735004,0.3547753916915197,0.4507716990938468
2017-12-13,0.3464432166751496,0.3474527932863426,0.3538283031328356,0.3481926489519451,0.35322942034351434
2017-12-14,0.35145920430947714,0.34046938636742086,0.3484918868868809,0.33953114070990376,0.3082827355758005
2017-12-15,0.35442316142205227,0.34356040469242255,0.35835265796110277,0.34472805446607035,0.09359817413508689
2017-12-16,0.35442316142205227,0.34356040469242255,0.35835265796110277,0.34472805446607035,0.09359817413508689
2017-12-17,0.35442316142205227,0.34356040469242255,0.35835265796110277,0.34472805446607035,0.09359817413508689
2017-12-18,0.35282718117011186,0.3468803485187686,0.35696055899564244,0.3472687335932003,0.051356796323239286
2017-12-19,0.3562471450652986,0.34527760798093166,0.3609048762761368,0.3464603296816532,0.2156991239765289
2017-12-20,0.3634290996862311,0.35077273711268875,0.3641531219468869,0.3506178606865865,0.21573388911196517
2017-12-21,0.3665070802380594,0.35374929268701816,0.366357326584063,0.3547753916915197,0.20673898973675262
2017-12-22,0.36776107714664125,0.35512306405210625,0.36914152451498355,0.35696962458647497,0.15994164092598098
2017-12-23,0.36776107714664125,0.35512306405210625,0.36914152451498355,0.35696962458647497,0.15994164092598098
2017-12-24,0.36776107714664125,0.35512306405210625,0.36914152451498355,0.35696962458647497,0.15994164092598098
2017-12-25,0.36776107714664125,0.35512306405210625,0.36914152451498355,0.35696962458647497,0.15994164092598098
2017-12-26,0.3848609401097756,0.3724098217162958,0.374361950952995,0.3591639015361393,0.2255498251023978
2017-12-27,0.38109894938402994,0.37149398869670514,0.3860789129865349,0.3752165564293024,0.20504476880315808
2017-12-28,0.38337893980988785,0.3716084514473773,0.38735497789002366,0.37221387556809093,0.1723458412496444
2017-12-29,0.3899908642089556,0.3781339200208016,0.3917633429103476,0.3766023854127105,0.24101625443907326
2017-12-30,0.3899908642089556,0.3781339200208016,0.3917633429103476,0.3766023854127105,0.24101625443907326
2017-12-31,0.3899908642089556,0.3781339200208016,0.3917633429103476,0.3766023854127105,0.24101625443907326
2018-01-01,0.3899908642089556,0.3781339200208016,0.3917633429103476,0.3766023854127105,0.24101625443907326
2018-01-02,0.38942087747429127,0.38076704367171,0.3950115885810977,0.3799515125060966,0.2675739208177687
2018-01-03,0.4037847867161563,0.39484832026022565,0.3970997591563023,0.38214574540105184,0.362335568152123
2018-01-04,0.40811672068936605,0.39759586299040206,0.412296990730507,0.4002771657966816,0.3510392168110289
2018-01-05,0.40161877624235104,0.3956496905291441,0.40649652674472275,0.39958427333233215,0.2981226247445487
2018-01-06,0.40161877624235104,0.3956496905291441,0.40649652674472275,0.39958427333233215,0.2981226247445487
2018-01-07,0.40161877624235104,0.3956496905291441,0.40649652674472275,0.39958427333233215,0.2981226247445487
2018-01-08,0.4049247601854851,0.39484832026022565,0.4093967587376149,0.39623514623894596,0.3290856132019443
2018-01-09,0.4189466425967912,0.41213507792441517,0.4147331749835696,0.3998152081173092,0.46133566491508327
2018-01-10,0.42590059382641793,0.41431021955842184,0.4296983826878596,0.41702275720890336,0.37623293104277444
2018-01-11,0.4285225675956344,0.42690321835977285,0.433642699968354,0.41806213996013664,0.4798318758050302
2018-01-12,0.43422256540387955,0.42381224370617554,0.4293503690100015,0.41887054387168376,0.36515617947385287
2018-01-13,0.43422256540387955,0.42381224370617554,0.4293503690100015,0.41887054387168376,0.36515617947385287
2018-01-14,0.43422256540387955,0.42381224370617554,0.4293503690100015,0.41887054387168376,0.36515617947385287
2018-01-15,0.43422256540387955,0.42381224370617554,0.4293503690100015,0.41887054387168376,0.36515617947385287
2018-01-16,0.42772457746966425,0.4282770333962653,0.4331786522285244,0.42880241370464467,0.4746918505307768
2018-01-17,0.43046057467813387,0.42003431786292766,0.43225060100289364,0.4225661171972447,0.22937341058146427
2018-01-18,0.43023257128682796,0.42209499674626205,0.4341067477081834,0.42464488269971135,0.09038239910723134
2018-01-19,0.4236206034005599,0.4154550654221656,0.4269141405029107,0.42083384198166185,0.05457836554033422
2018-01-20,0.4236206034005599,0.4154550654221656,0.4269141405029107,0.42083384198166185,0.05457836554033422
2018-01-21,0.4236206034005599,0.4154550654221656,0.4269141405029107,0.42083384198166185,0.05457836554033422
2018-01-22,0.4249886237483949,0.41969088593950665,0.43062643391349037,0.41933250155105617,0.3344093142750861
2018-01-23,0.4361605289991786,0.4281625269741888,0.4367749558311608,0.4224506498047561,0.35572845416245863
2018-01-24,0.44915641789320865,0.4415569833872668,0.4441994983982918,0.428686902257447,0.48584392655981024
2018-01-25,0.44801644442387983,0.44854039030618853,0.45278424882305307,0.4455479610621573,0.41906010138672334
2018-01-26,0.45519835555761207,0.4449913899642851,0.45081211230981993,0.43827232585823306,0.3648427138360025
2018-01-27,0.45519835555761207,0.4449913899642851,0.45081211230981993,0.43827232585823306,0.3648427138360025
2018-01-28,0.45519835555761207,0.4449913899642851,0.45081211230981993,0.43827232585823306,0.3648427138360025
2018-01-29,0.4485863876713439,0.44625069857870103,0.45162417372750746,0.4490125996027411,0.3520850679687369
2018-01-30,0.4365025123425372,0.435947304162029,0.4389791162143086,0.4415059415044216,0.3707493103466258
2018-01-31,0.43912452959895404,0.42884947816383934,0.4364268978992745,0.42418292502033894,0.3272222019425599
2018-02-01,0.4513224283670139,0.44384658777194563,0.4475637781310134,0.43261349847740316,0.369225438576669
2018-02-02,0.44733239076276204,0.44441903253951964,0.44570767567975184,0.44681832265307675,0.46878235692553366
2018-02-03,0.44733239076276204,0.44441903253951964,0.44570767567975184,0.44681832265307675,0.46878235692553366
2018-02-04,0.44733239076276204,0.44441903253951964,0.44570767567975184,0.44681832265307675,0.46878235692553366
2018-02-05,0.432512561712686,0.4341156381228476,0.4335266659063825,0.43654000658794123,0.4881876761071392
2018-02-06,0.4238486067918657,0.42140813289942014,0.43004639636571756,0.4172537360485895,0.4341574408688503
2018-02-07,0.4056087703594026,0.4201488242850041,0.40835267345001264,0.4229125634294194,0.5683473871393335
2018-02-08,0.39831283578641735,0.39622209162531385,0.39698376934835894,0.39727452899017934,0.510503995962609
2018-02-09,0.3760830052369026,0.381110475595131,0.3714617189601029,0.38260770308042424,0.5126646491299736
2018-02-10,0.3760830052369026,0.381110475595131,0.3714617189601029,0.38260770308042424,0.5126646491299736
2018-02-11,0.3760830052369026,0.381110475595131,0.3714617189601029,0.38260770308042424,0.5126646491299736
2018-02-12,0.37710899875417864,0.3817973831133772,0.3834106606095293,0.36747891949129674,0.3988725666578016
2018-02-13,0.37596898179764954,0.3692043406406219,0.37517401237068254,0.3701351100656244,0.30829953872459465
2018-02-14,0.39204285124350785,0.38259875338229565,0.3729698519875347,0.3658621116682025,0.3486989437772436
2018-02-15,0.4004788027730222,0.3910703944169778,0.390603267814802,0.38584131872661276,0.1691236926136255
2018-02-16,0.40435477345082066,0.3950772894329744,0.4040603424916602,0.39438735957616555,0.07686745270637887
2018-02-17,0.40435477345082066,0.3950772894329744,0.4040603424916602,0.39438735957616555,0.07686745270637887
2018-02-18,0.40435477345082066,0.3950772894329744,0.4040603424916602,0.39438735957616555,0.07686745270637887
2018-02-19,0.40435477345082066,0.3950772894329744,0.4040603424916602,0.39438735957616555,0.07686745270637887
2018-02-20,0.4068627672679845,0.40366343688973305,0.41218100092256377,0.3964661250786321,0.43222623759536516
2018-02-21,0.40435477345082066,0.3935890116458097,0.4045243459774615,0.3964661250786321,0.24243351312702544
2018-02-22,0.41678067561018634,0.4076702882343254,0.40255220946422837,0.393116997985246,0.31525430406862176
2018-02-23,0.425672590435112,0.41499712707666814,0.42088169690124005,0.40766831244780344,0.2387675295952701
2018-02-24,0.425672590435112,0.41499712707666814,0.42088169690124005,0.40766831244780344,0.2387675295952701
2018-02-25,0.425672590435112,0.41499712707666814,0.42088169690124005,0.40766831244780344,0.2387675295952701
2018-02-26,0.42977656450421636,0.42083568813184613,0.4293503690100015,0.4192169901038585,0.24413063115523964
2018-02-27,0.41951662933145567,0.41900402209266474,0.42447795624984813,0.42452937125251367,0.2979105574183874
2018-02-28,0.40389876666820906,0.4116771395789177,0.4096287826075296,0.40986258939746767,0.41711962741045516
2018-03-01,0.39648885214317103,0.3932455797223887,0.3959396840607567,0.3955422097198874,0.4426696842804226
2018-03-02,0.39945280925574617,0.3906124560714803,0.3953596465129839,0.393116997985246,0.32737053318708803
2018-03-03,0.39945280925574617,0.3906124560714803,0.3953596465129839,0.393116997985246,0.32737053318708803
2018-03-04,0.39945280925574617,0.3906124560714803,0.3953596465129839,0.393116997985246,0.32737053318708803
2018-03-05,0.4145006851843283,0.4042358379859028,0.4066125165526661,0.3955422097198874,0.31911497235882025
2018-03-06,0.41484266852768686,0.40984542986833206,0.41902550594192195,0.4074373776628263,0.3397926954973935
2018-03-07,0.39831283578641735,0.4018317271791474,0.40058007295099535,0.40420371796192867,0.4812670964796245
2018-03-08,0.3865709003137689,0.3883228516868015,0.3932714759377794,0.39300153059275744,0.3893660403727518
2018-03-09,0.408458747519925,0.39725243106698105,0.39547563632092714,0.38075991641764373,0.3541443228244123
2018-03-10,0.408458747519925,0.39725243106698105,0.39547563632092714,0.38075991641764373,0.3541443228244123
2018-03-11,0.408458747519925,0.39725243106698105,0.39547563632092714,0.38075991641764373,0.3541443228244123
2018-03-12,0.400706806164328,0.39896967802689454,0.4016241139845694,0.40189397361977586,0.28361049837559904
2018-03-13,0.3932968481520897,0.39484832026022565,0.39698376934835894,0.39346344421742074,0.405142458833734
2018-03-14,0.3961468253126121,0.387521481417883,0.39512762264306917,0.38768910538939316,0.35721234602666374
2018-03-15,0.39876879908182866,0.3899255922246384,0.4033642708819159,0.38861302074813797,0.22115551198325248
2018-03-16,0.41187871141511173,0.40137378883364994,0.4063805369367795,0.3913846787149541,0.08921718765119213
2018-03-17,0.41187871141511173,0.40137378883364994,0.4063805369367795,0.3913846787149541,0.08921718765119213
2018-03-18,0.41187871141511173,0.40137378883364994,0.4063805369367795,0.3913846787149541,0.08921718765119213
2018-03-19,0.4086867509112308,0.399198603528239,0.4096287826075296,0.40339531405038154,0.03907948874391828
2018-03-20,0.42396263023111885,0.41591300376766305,0.4179814649083479,0.40189397361977586,0.3877430879668016
2018-03-21,0.444140430258881,0.4358328850827611,0.4353828568657005,0.4206028631419757,0.4144305441844592
2018-03-22,0.43422256540387955,0.43800798304536337,0.4418793482072007,0.44115949527224685,0.37120821013438465
2018-03-23,0.45223435495783654,0.4409845386196928,0.44153133452934273,0.42707009443435273,0.4081878846979518
2018-03-24,0.45223435495783654,0.4409845386196928,0.44153133452934273,0.42707009443435273,0.4081878846979518
2018-03-25,0.45223435495783654,0.4409845386196928,0.44153133452934273,0.42707009443435273,0.4081878846979518
2018-03-26,0.44847245120649154,0.4472810816917726,0.45278424882305307,0.4457789839565526,0.3113698796025418
2018-03-27,0.4450524438241044,0.4456783411539357,0.4464037030354679,0.4415059415044216,0.36056949927196014
2018-03-28,0.43513449199470217,0.4310245761264416,0.43700697970107555,0.4319205179036355,0.37613674750140075
2018-03-29,0.4415184999768648,0.43251289758501066,0.44211141633114365,0.43180509456585603,0.29799689083805414
2018-03-30,0.4415184999768648,0.43251289758501066,0.44211141633114365,0.43180509456585603,0.29799689083805414
2018-03-31,0.4415184999768648,0.43251289758501066,0.44211141633114365,0.43180509456585603,0.29799689083805414
2018-04-01,0.4415184999768648,0.43251289758501066,0.44211141633114365,0.43180509456585603,0.29799689083805414
2018-04-02,0.41951662933145567,0.43434456362419205,0.4263341029551379,0.4343458177476951,0.30954065405966974
2018-04-03,0.4252165836525004,0.4164854048638328,0.4270301745648822,0.41101743954118963,0.2774101364705392
2018-04-04,0.4236206034005599,0.41396678763500083,0.4177494410384332,0.41910152271137,0.41259262735772806
2018-04-05,0.42555861048305926,0.4194619604381622,0.42946635881794476,0.4192169901038585,0.31293315185932635
2018-04-06,0.4086867509112308,0.4156840345949143,0.41484920904554107,0.42037188430228956,0.4083431689695672
2018-04-07,0.4086867509112308,0.4156840345949143,0.41484920904554107,0.42037188430228956,0.4083431689695672
2018-04-08,0.4086867509112308,0.4156840345949143,0.41484920904554107,0.42037188430228956,0.4083431689695672
2018-04-09,0.42419059013522437,0.41362335571157993,0.4162413080110014,0.400739123476054,0.3518898037913698
2018-04-10,0.44801644442387983,0.43938179808185585,0.43097449184537656,0.4157523956179838,0.45876304489279884
2018-04-11,0.46295029691320894,0.4575843887656361,0.4535963102407406,0.44219883396877113,0.5298791853601698
2018-04-12,0.4658002740737313,0.4562106610719522,0.4634570813149624,0.4555953423423158,0.3702208802879944
2018-04-13,0.46944824136022395,0.46113338910753954,0.47157769549183776,0.46056127725879614,0.3335639420650606
2018-04-14,0.46944824136022395,0.46113338910753954,0.47157769549183776,0.46056127725879614,0.3335639420650606
2018-04-15,0.46944824136022395,0.46113338910753954,0.47157769549183776,0.46056127725879614,0.3335639420650606
2018-04-16,0.45611036912283537,0.46090437626338643,0.46496517008836596,0.4612541697231457,0.2964075447296924
2018-04-17,0.4595302895308218,0.44957068607645145,0.4583526446848943,0.4517842575695572,0.25353054435828487
2018-04-18,0.48176016356753687,0.47429883267646444,0.4699535726564627,0.4547869384307687,0.10032522784200637
2018-04-19,0.47970817653298475,0.4817400905980751,0.4864269576422126,0.478692697654426,0.044891639969939744
2018-04-20,0.4807341265630604,0.47097884517871413,0.48085847327231496,0.473033870273596,0.391913165962383
2018-04-21,0.4807341265630604,0.47097884517871413,0.48085847327231496,0.473033870273596,0.391913165962383
2018-04-22,0.4807341265630604,0.47097884517871413,0.48085847327231496,0.473033870273596,0.391913165962383
2018-04-23,0.48369812716283594,0.4756725603701484,0.47668213212190585,0.4725719125942237,0.40120414840772783
2018-04-24,0.47298218520746355,0.4796794117147407,0.4813225210121445,0.4810023979418697,0.45413696420407834
2018-04-25,0.4769722228117154,0.4659416107210502,0.4763341184440479,0.46714401999837085,0.41459336090208576
2018-04-26,0.47856820306365583,0.4728105112178955,0.48329465752537754,0.47037763564455937,0.354623502274509
2018-04-27,0.4775421660591795,0.4680022896043847,0.48248259610769,0.47245640114702603,0.28625206924983215
2018-04-28,0.4775421660591795,0.4680022896043847,0.48248259610769,0.47245640114702603,0.28625206924983215
2018-04-29,0.4775421660591795,0.4680022896043847,0.48248259610769,0.47245640114702603,0.28625206924983215
2018-04-30,0.4829001370368657,0.47922147336924314,0.4770301457997638,0.4717635086826766,0.4094579709792238
2018-05-01,0.46785226110828343,0.474184326254388,0.4733178523891843,0.47649842070476167,0.3744523766895132
2018-05-02,0.4756042024638804,0.46548367237555277,0.4741299138068718,0.4641413391371595,0.4292630892183465
2018-05-03,0.48130415678492516,0.470749832334561,0.4774941935395934,0.4663356160868237,0.3723942806716856
2018-05-04,0.49601004937014875,0.486433893132318,0.48805108047758766,0.4758055282404122,0.3721955399807749
2018-05-05,0.49601004937014875,0.486433893132318,0.48805108047758766,0.4758055282404122,0.3721955399807749
2018-05-06,0.49601004937014875,0.486433893132318,0.48805108047758766,0.4758055282404122,0.3721955399807749
2018-05-07,0.5075239814514914,0.4963937682827605,0.5041763632774232,0.4913962254542029,0.4116192035655123
2018-05-08,0.4884860679186574,0.49135662116790524,0.48236656204571854,0.4934749909566696,0.6982287742914142
2018-05-09,0.5121978987680598,0.5023468794314193,0.5081206363038895,0.49370601385106483,0.4721510985493089
2018-05-10,0.5147058925852237,0.508414409659346,0.5163572845427362,0.5073334570095867,0.4063418560062856
2018-05-11,0.5071819111337321,0.5054378540850166,0.5150811753852191,0.5098740920820075,0.3393245250068517
2018-05-12,0.5071819111337321,0.5054378540850166,0.5150811753852191,0.5098740920820075,0.3393245250068517
2018-05-13,0.5071819111337321,0.5054378540850166,0.5150811753852191,0.5098740920820075,0.3393245250068517
2018-05-14,0.5101459117335077,0.5012020772390798,0.5128770592560996,0.49936484123189484,0.3153835144886599
2018-05-15,0.514135862363359,0.508757841582767,0.5147331617073612,0.5064095416508418,0.4442827865646658
2018-05-16,0.5161878493979111,0.5049799157395192,0.517517448146338,0.5049081571655271,0.30463703170638295
2018-05-17,0.5161878493979111,0.5131082121935889,0.5225057622063785,0.511144453672927,0.29789259543174534
2018-05-18,0.5137938790200003,0.5068116691215091,0.5213456871108328,0.5116064113522993,0.09460114829242347
2018-05-19,0.5137938790200003,0.5068116691215091,0.5213456871108328,0.5116064113522993,0.09460114829242347
2018-05-20,0.5137938790200003,0.5068116691215091,0.5213456871108328,0.5116064113522993,0.09460114829242347
2018-05-21,0.5247377808794782,0.5164281123485307,0.5243619531656964,0.5101051149764028,0.04135660511499439
2018-05-22,0.5234837839708963,0.5191757424215157,0.5319025740488272,0.5223466850968074,0.39107416736052086
2018-05-23,0.5201778000277621,0.5126502738480914,0.5236659258099803,0.5174962616275246,0.37909931645949546
2018-05-24,0.5072959345729853,0.509673718273762,0.5158932368029068,0.5142626459813361,0.3431371015263633
2018-05-25,0.47503417224201566,0.4959359172800716,0.47993037779265596,0.5006352028228143,0.5254390981460333
2018-05-26,0.47503417224201566,0.4959359172800716,0.47993037779265596,0.5006352028228143,0.5254390981460333
2018-05-27,0.47503417224201566,0.4959359172800716,0.47993037779265596,0.5006352028228143,0.5254390981460333
2018-05-28,0.47503417224201566,0.4959359172800716,0.47993037779265596,0.5006352028228143,0.5254390981460333
2018-05-29,0.46192434688313316,0.45643958657329664,0.4625289858353034,0.45259266148110433,0.5859281161294585
2018-05-30,0.47879616296776134,0.4715512026034795,0.4675173884034,0.45675019248603765,0.3930604154317801
2018-05-31,0.46545829073037276,0.4673154257575427,0.4699535726564627,0.47280284737920075,0.5035422775914946
2018-06-01,0.4514363648318663,0.4563250801512201,0.4577726513911497,0.4592909156678767,0.42447477123092336
2018-06-02,0.4514363648318663,0.4563250801512201,0.4577726513911497,0.4592909156678767,0.42447477123092336
2018-06-03,0.4514363648318663,0.4563250801512201,0.4577726513911497,0.4592909156678767,0.42447477123092336
2018-06-04,0.43935248950305955,0.44144247696519023,0.44686775077529733,0.44358470700688823,0.3751934534932298
2018-06-05,0.4481303808887323,0.43606181058410554,0.4428074436868597,0.4346922639798698,0.38598455153265
2018-06-06,0.43912452959895404,0.4405266002741953,0.4433874369806043,0.44127500671944453,0.3825978479222327
2018-06-07,0.4530323450838068,0.44178590888861125,0.449651948706218,0.4361935603557665,0.3630204413202176
2018-06-08,0.450638374705896,0.4437320813498692,0.4535963102407406,0.4467028993152973,0.30286690689375256
2018-06-09,0.450638374705896,0.4437320813498692,0.4535963102407406,0.4467028993152973,0.30286690689375256
2018-06-10,0.450638374705896,0.4437320813498692,0.4535963102407406,0.4467028993152973,0.30286690689375256
2018-06-11,0.45474234877500036,0.4449913899642851,0.45011599644604744,0.4418523877365964,0.2953674877612238
2018-06-12,0.4577063493747758,0.44899824130887744,0.4619489925415588,0.4475113032268444,0.2757425688074458
2018-06-13,0.4608983098786568,0.4511734266142884,0.45788859694506473,0.4470493455474721,0.33483576660310443
2018-06-14,0.4637482870391792,0.45426448861069424,0.4676334224653716,0.4540940459664191,0.23851895887690072
2018-06-15,0.44288643335029915,0.45426448861069424,0.44361950510454723,0.4540940459664191,0.26889383712649934
2018-06-16,0.44288643335029915,0.45426448861069424,0.44361950510454723,0.4540940459664191,0.26889383712649934
2018-06-17,0.44288643335029915,0.45426448861069424,0.44361950510454723,0.4540940459664191,0.26889383712649934
2018-06-18,0.451892371614478,0.4407556131183483,0.43549884667364375,0.42845596747246995,0.09874283476073184
2018-06-19,0.4430004567895522,0.4398397364273533,0.44477958020009284,0.44485506859780777,0.04295232483151947
2018-06-20,0.45611036912283537,0.4470520688476195,0.45197218740536554,0.4366555180351388,0.4363656063879778
2018-06-21,0.4483584277672384,0.44350315584852473,0.4441994983982918,0.43931166455475734,0.41266389588537244
2018-06-22,0.4830141604761187,0.4796794117147407,0.4600928015822408,0.4461254301887273,0.63024323427008
2018-06-23,0.4830141604761187,0.4796794117147407,0.4600928015822408,0.4461254301887273,0.63024323427008
2018-06-24,0.4830141604761187,0.4796794117147407,0.4600928015822408,0.4461254301887273,0.63024323427008
2018-06-25,0.477314206155074,0.48036636290439116,0.48410671894306506,0.478692697654426,0.4448146931368408
2018-06-26,0.5052439475384332,0.4971952258944875,0.483410691587349,0.47245640114702603,0.4635473069477544
2018-06-27,0.530665782079029,0.5218087787296155,0.5163572845427362,0.5009816490549891,0.4210283874713405
2018-06-28,0.5385316598994785,0.532913543415206,0.5353827993354638,0.519344004235596,0.38753333831633613
2018-06-29,0.5465116481335817,0.5378362714507933,0.5438515156982535,0.5315856624654187,0.3209302918475178
2018-06-30,0.5465116481335817,0.5378362714507933,0.5438515156982535,0.5315856624654187,0.3209302918475178
2018-07-01,0.5465116481335817,0.5378362714507933,0.5438515156982535,0.5315856624654187,0.3209302918475178
2018-07-02,0.5441176777556709,0.5365769628363773,0.5389791471921284,0.5349347895588049,0.3497668128540612
2018-07-03,0.5463976246943285,0.547109282754394,0.5415313655071625,0.5402471707074601,0.35849749719995805
2018-07-04,0.5463976246943285,0.547109282754394,0.5415313655071625,0.5402471707074601,0.35849749719995805
2018-07-05,0.5327177691135814,0.5417287037161177,0.5392111268080149,0.5433652749064509,0.4595464192779629
2018-07-06,0.5425216975037304,0.5326846179138616,0.5346867719797477,0.5296224084101497,0.32615665054143805
2018-07-07,0.5425216975037304,0.5326846179138616,0.5346867719797477,0.5296224084101497,0.32615665054143805
2018-07-08,0.5425216975037304,0.5326846179138616,0.5346867719797477,0.5296224084101497,0.32615665054143805
2018-07-09,0.5430916407511945,0.5357755925674589,0.5445475430539697,0.5378219589728187,0.28072093620192057
2018-07-10,0.5460556413509698,0.5405838141809697,0.5522041979990717,0.5397852130280877,0.3119087392018041
2018-07-11,0.5035339438472395,0.5355466670661144,0.5100927728171225,0.541632955636159,0.4711892631355719
2018-07-12,0.5029640005997755,0.5009730643949268,0.5009281176066731,0.5000577336962443,0.3820520352958832
2018-07-13,0.5107159419553724,0.5057813733512462,0.508004602241918,0.4975170105144052,0.2791414402152657
2018-07-14,0.5107159419553724,0.5057813733512462,0.508004602241918,0.4975170105144052,0.2791414402152657
2018-07-15,0.5107159419553724,0.5057813733512462,0.508004602241918,0.4975170105144052,0.2791414402152657
2018-07-16,0.4770861592765678,0.49673728754899005,0.48178656875197395,0.4991338183374995,0.2792590622568251
2018-07-17,0.477314206155074,0.46891816629537963,0.4754060229643888,0.47037763564455937,0.22725447557662326
2018-07-18,0.48506614751067084,0.4760159922935693,0.47552205702636025,0.4655272121752766,0.08042160838581422
2018-07-19,0.49304604877037334,0.48872349751699684,0.4843387870670081,0.4815798670684398,0.03169653281510105
2018-07-20,0.5044459574124629,0.4993703238570899,0.5025522404420482,0.48608384430554774,0.26215867155464473
2018-07-21,0.5044459574124629,0.4993703238570899,0.5025522404420482,0.48608384430554774,0.26215867155464473
2018-07-22,0.5044459574124629,0.4993703238570899,0.5025522404420482,0.48608384430554774,0.26215867155464473
2018-07-23,0.4751481956812687,0.47887804144582224,0.48201854836786057,0.4719944434676536,0.29399658258718664
2018-07-24,0.48233010681500094,0.4759015732143014,0.481554500628031,0.46772148912494094,0.2758468642137546
2018-07-25,0.4912221086143273,0.48334283113591203,0.48897908744919033,0.47892363243940306,0.3328164916531807
2018-07-26,0.4947560524615669,0.4858614483647439,0.49733176975000853,0.48596833285835017,0.25525895100839174
2018-07-27,0.4842681573847007,0.4841442014048305,0.4896752033129627,0.4882781212552121,0.2386823550134512
2018-07-28,0.4842681573847007,0.4841442014048305,0.4896752033129627,0.4882781212552121,0.2386823550134512
2018-07-29,0.4842681573847007,0.4841442014048305,0.4896752033129627,0.4882781212552121,0.2386823550134512
2018-07-30,0.5006839666867171,0.49170005309132625,0.4959397150385764,0.4816953785156374,0.2401662468776563
2018-07-31,0.48506614751067084,0.48929594228457085,0.4864269576422126,0.49370601385106483,0.2726478923346932
2018-08-01,0.4725262653992525,0.4698339556435661,0.478654268635139,0.4749971243288651,0.30595926569080933
2018-08-02,0.4873460944493286,0.47945048621339625,0.4741299138068718,0.4684143815892904,0.27960149884087243
2018-08-03,0.4819881234716424,0.4780766711769038,0.48515084848469564,0.4814643556212421,0.248048661918908
2018-08-04,0.4819881234716424,0.4780766711769038,0.48515084848469564,0.4814643556212421,0.248048661918908
2018-08-05,0.4819881234716424,0.4780766711769038,0.48515084848469564,0.4814643556212421,0.248048661918908
2018-08-06,0.48791612467119333,0.4858614483647439,0.4924594012438834,0.47753784751070405,0.2590518272844895
2018-08-07,0.48974006482723925,0.48483115259448106,0.49605566059249145,0.48042501692471784,0.252922733907074
2018-08-08,0.46431831726104394,0.4795649926354727,0.46716937472554204,0.482619205764964,0.41242865180225363
2018-08-09,0.4628362734739559,0.4571265377629472,0.46914151123877507,0.4560573000216881,0.2670454907591373
2018-08-10,0.4721841950814933,0.46239269772195546,0.46508120415033743,0.4554798308951181,0.27578834290243687
2018-08-11,0.4721841950814933,0.46239269772195546,0.46508120415033743,0.4554798308951181,0.27578834290243687
2018-08-12,0.4721841950814933,0.46239269772195546,0.46508120415033743,0.4554798308951181,0.27578834290243687
2018-08-13,0.4672822308864188,0.46330848707014183,0.4600928015822408,0.4674904662305456,0.30691994226669844
2018-08-14,0.46545829073037276,0.46811679602646117,0.47018564078040564,0.46333293522561236,0.2838967313240244
2018-08-15,0.4423164901028351,0.45128793303636483,0.4461717234195813,0.4540940459664191,0.304170020053689
2018-08-16,0.4474464142020151,0.4354893658165314,0.4452436279399223,0.4348076873176493,0.1940265385455542
2018-08-17,0.4525764252755958,0.44544932830978257,0.4553364671380871,0.4408130490400721,0.07120305330596158
2018-08-18,0.4525764252755958,0.44544932830978257,0.4553364671380871,0.4408130490400721,0.07120305330596158
2018-08-19,0.4525764252755958,0.44544932830978257,0.4553364671380871,0.4408130490400721,0.07120305330596158
2018-08-20,0.45850433950074604,0.448769315807533,0.45870065836275226,0.44589449540375015,0.037194638984348154
2018-08-21,0.46899223457761235,0.4650257340300553,0.46948952491663315,0.4540940459664191,0.22519000595063238
2018-08-22,0.47480621233791015,0.4655981787976293,0.4632251016990759,0.44785774945901924,0.30905220390679006
2018-08-23,0.4744642289945516,0.4652547468742083,0.47877030269711046,0.47083959332393177,0.2330272263158169
2018-08-24,0.48461014072805925,0.47887804144582224,0.48410671894306506,0.4688763392686628,0.2719097126255963
2018-08-25,0.48461014072805925,0.47887804144582224,0.48410671894306506,0.4688763392686628,0.2719097126255963
2018-08-26,0.48461014072805925,0.47887804144582224,0.48410671894306506,0.4688763392686628,0.2719097126255963
2018-08-27,0.4863201444192528,0.47498569652330647,0.4906032102845654,0.47661393215195935,0.1646105986150729
2018-08-28,0.482444130254254,0.4776187328314062,0.4890951215111618,0.48077146315689256,0.2192040290474295
2018-08-29,0.4936160789922381,0.4840297823255626,0.4909513124704798,0.47626748591978463,0.259915161481157
2018-08-30,0.5020519870345521,0.4925014233602447,0.5046404110172527,0.48977941763110866,0.2300687132901898
2018-08-31,0.49692206293537217,0.4908986828224078,0.5056844520508268,0.4938214371888443,0.21509363120101377
2018-09-01,0.49692206293537217,0.4908986828224078,0.5056844520508268,0.4938214371888443,0.21509363120101377
2018-09-02,0.49692206293537217,0.4908986828224078,0.5056844520508268,0.4938214371888443,0.21509363120101377
2018-09-03,0.49692206293537217,0.4908986828224078,0.5056844520508268,0.4938214371888443,0.21509363120101377
2018-09-04,0.4977200530613423,0.5028048177769168,0.49918796070932653,0.49451441776261196,0.42730117674189266
2018-09-05,0.48461014072805925,0.4820835225214961,0.49315542859959943,0.48654580198492015,0.2859942278286797
2018-09-06,0.4737801753334338,0.4755580539480718,0.4750580092865308,0.4774223360635065,0.3391385315322676
2018-09-07,0.4735522154293283,0.46479680852871086,0.47343388645115575,0.46864531637426754,0.2794995211102594
2018-09-08,0.4735522154293283,0.46479680852871086,0.47343388645115575,0.46864531637426754,0.2794995211102594
2018-09-09,0.4735522154293283,0.46479680852871086,0.47343388645115575,0.46864531637426754,0.2794995211102594
2018-09-10,0.4711582450514175,0.4698339556435661,0.47888633675908193,0.467952423909918,0.30283793594755565
2018-09-11,0.49065207839246255,0.48689183147781545,0.48062649365642846,0.4646032968165318,0.36407961911317616
2018-09-12,0.5034200073823871,0.5012020772390798,0.5040603292154517,0.4918581831335753,0.43573867511227693
2018-09-13,0.4831280969409712,0.48998280613141276,0.49071924434653685,0.49590020269131097,0.3687543709915075
2018-09-14,0.48768807779268714,0.485747029285476,0.48596290990238317,0.4791546553337983,0.32595733043160335
2018-09-15,0.48768807779268714,0.485747029285476,0.48596290990238317,0.4791546553337983,0.32595733043160335
2018-09-16,0.48768807779268714,0.485747029285476,0.48596290990238317,0.4791546553337983,0.32595733043160335
2018-09-17,0.4867761512018644,0.48357184398006503,0.49280741492174135,0.48077146315689256,0.2165740465516752
2018-09-18,0.49749200618283623,0.4915855466692497,0.49280741492174135,0.479270166780996,0.10758998231034025
2018-09-19,0.5119699388639543,0.5039496199692562,0.5058004861127983,0.48977941763110866,0.044436796114648465
2018-09-20,0.5083219715774616,0.507498532968351,0.5183295095640257,0.509181199617658,0.32389749615700403
2018-09-21,0.5080939246989555,0.5073841138890831,0.5096288135853493,0.49543824501193856,0.46783848349843876
2018-09-22,0.5080939246989555,0.5073841138890831,0.5096288135853493,0.49543824501193856,0.46783848349843876
2018-09-23,0.5080939246989555,0.5073841138890831,0.5096288135853493,0.49543824501193856,0.46783848349843876
2018-09-24,0.5229138407234322,0.5181453593084441,0.5230858440081794,0.5062940302036443,0.3061522121924807
2018-09-25,0.5251937876620898,0.5186032976539416,0.5317865399868558,0.5191130694506189,0.29131097587473426
2018-09-26,0.5170998629631343,0.5140240015417753,0.5269141714807304,0.5172652387331294,0.24100756315521416
2018-09-27,0.5233698475060438,0.5165426187706071,0.529698369411651,0.5163414114838027,0.23526320394329342
2018-09-28,0.5362517129608209,0.5294791368381877,0.5316705059248841,0.5183046655390717,0.28712003879789116
2018-09-29,0.5362517129608209,0.5294791368381877,0.5316705059248841,0.5183046655390717,0.28712003879789116
2018-09-30,0.5362517129608209,0.5294791368381877,0.5316705059248841,0.5183046655390717,0.28712003879789116
2018-10-01,0.5596215604668646,0.5528333810588997,0.54408349531414,0.5311237047860463,0.32038100270762465
2018-10-02,0.5588235703408944,0.5544362089395453,0.5670533716413904,0.5557223564740532,0.24051621590771483
2018-10-03,0.5722754660175362,0.5657698991264802,0.5597448188822025,0.5522578060428875,0.37679670565576606
2018-10-04,0.5485636351681338,0.5608471710908929,0.5548723618680209,0.5644993761632922,0.37049958079040857
2018-10-05,0.5486775716329861,0.5465369253296285,0.5544083141281915,0.5470608482320118,0.3271990251856024
2018-10-06,0.5486775716329861,0.5465369253296285,0.5544083141281915,0.5470608482320118,0.3271990251856024
2018-10-07,0.5486775716329861,0.5465369253296285,0.5544083141281915,0.5470608482320118,0.3271990251856024
2018-10-08,0.548107628385522,0.5392100864872859,0.5454756385336286,0.543942744033021,0.29343049029849927
2018-10-09,0.5557455463018659,0.5472237891764704,0.5562645050875095,0.5417484670833567,0.333178049061718
2018-10-10,0.5353396993955974,0.5449341847917916,0.5374709699106683,0.5469454248942324,0.3500970816407058
2018-10-11,0.5102599351727608,0.5183743721525972,0.5157772912489915,0.5240790043670993,0.42613132993446196
2018-10-12,0.5144778457067174,0.5097882246958385,0.5172853800223951,0.5045617109333523,0.33499220971256766
2018-10-13,0.5144778457067174,0.5097882246958385,0.5172853800223951,0.5045617109333523,0.33499220971256766
2018-10-14,0.5144778457067174,0.5097882246958385,0.5172853800223951,0.5045617109333523,0.33499220971256766
2018-10-15,0.519493833341045,0.5176874209629466,0.5197215642754578,0.5144935807663131,0.3013523058265788
2018-10-16,0.5210898135929856,0.5129937057715124,0.5216937007886908,0.5129922843904166,0.2818797740497964
2018-10-17,0.4963520327135074,0.5145964463093493,0.5032482677977641,0.518189154091874,0.3494290116214054
2018-10-18,0.483812150602089,0.4871207569791599,0.4921113875660253,0.4934749909566696,0.09665924431025102
2018-10-19,0.4891701215797752,0.4841442014048305,0.49315542859959943,0.4778842937428789,0.034646354556869104
2018-10-20,0.4891701215797752,0.4841442014048305,0.49315542859959943,0.4778842937428789,0.034646354556869104
2018-10-21,0.4891701215797752,0.4841442014048305,0.49315542859959943,0.4778842937428789,0.034646354556869104
2018-10-22,0.48974006482723925,0.48277047371114656,0.48979114886687786,0.4863148671999431,0.26957697203782216
2018-10-23,0.45850433950074604,0.4828849801332231,0.4604408152600989,0.48793167502303736,0.466286799620133
2018-10-24,0.46295029691320894,0.46067545076204197,0.4640371631167634,0.4488970881555434,0.42149655796188235
2018-10-25,0.46876427467350684,0.4598740804931235,0.4633410472529909,0.45109136510520775,0.3039515791193644
2018-10-26,0.4717281882988816,0.46250711680122336,0.4657772315060535,0.4579050426297595,0.31676542862225193
2018-10-27,0.4717281882988816,0.46250711680122336,0.4657772315060535,0.4579050426297595,0.31676542862225193
2018-10-28,0.4717281882988816,0.46250711680122336,0.4657772315060535,0.4579050426297595,0.31676542862225193
2018-10-29,0.46545829073037276,0.46330848707014183,0.46682136104768407,0.46483431971092715,0.2485539152205819
2018-10-30,0.45565436234022366,0.4554092908030337,0.4556844808159451,0.4547869384307687,0.3661493035094825
2018-10-31,0.4457364105108215,0.4524327352287043,0.449651948706218,0.45062940742583535,0.3580640918448525
2018-11-01,0.42726857068705254,0.43400113170077104,0.4299304065577743,0.43399928340610217,0.4297955752094455
2018-11-02,0.4209986296313433,0.4175157443055,0.4243619664419049,0.41806213996013664,0.38264246317937595
2018-11-03,0.4209986296313433,0.4175157443055,0.4243619664419049,0.41806213996013664,0.38264246317937595
2018-11-04,0.4209986296313433,0.4175157443055,0.4243619664419049,0.41806213996013664,0.38264246317937595
2018-11-05,0.42054262284873173,0.41969088593950665,0.4230858572843878,0.4121723337396206,0.32482978120562017
2018-11-06,0.4103967111152241,0.4103033682138295,0.4090487450597569,0.4088232066462344,0.4129657731447441
2018-11-07,0.4042407500115676,0.4087006276759926,0.40777263590223983,0.39773648666955164,0.4740295747007157
2018-11-08,0.392840841369478,0.39999997379715746,0.39849190237579074,0.3965815924711207,0.4148813321072829
2018-11-09,0.38736889043973904,0.38133944476787973,0.38526680731481916,0.38630327640598516,0.4480142444348261
2018-11-10,0.38736889043973904,0.38133944476787973,0.38526680731481916,0.38630327640598516,0.4480142444348261
2018-11-11,0.38736889043973904,0.38133944476787973,0.38526680731481916,0.38630327640598516,0.4480142444348261
2018-11-12,0.3844049333271639,0.386949036650309,0.3785382921034041,0.3857258513341242,0.4390274569245487
2018-11-13,0.33606930155033604,0.3648540137012044,0.3329466416348182,0.36470726152448063,0.606725199566363
2018-11-14,0.3424532660452983,0.3421865896559301,0.337355006655142,0.32301652813736825,0.46132175886090876
2018-11-15,0.3448472364232091,0.34092728104151404,0.3426914229010967,0.3316780363794095,0.12050928605738451
2018-11-16,0.3448472364232091,0.348941027402103,0.34617169244176155,0.33814531172649565,0.06401709981128326
2018-11-17,0.3448472364232091,0.348941027402103,0.34617169244176155,0.33814531172649565,0.06401709981128326
2018-11-18,0.3448472364232091,0.348941027402103,0.34617169244176155,0.33814531172649565,0.06401709981128326
2018-11-19,0.3482672003183959,0.3417286949818369,0.3367749691073692,0.3397621195495899,0.37729906186282025
2018-11-20,0.3103055271535818,0.34298795992484854,0.3099768095615962,0.34749971243288647,0.5415272439880942
2018-11-21,0.3239854262215293,0.32489983199174055,0.31716937251284066,0.30130500180866604,0.3973429006986054
2018-11-22,0.3239854262215293,0.32489983199174055,0.31716937251284066,0.30130500180866604,0.3973429006986054
2018-11-23,0.2759917777880601,0.3049799506766425,0.27958239066721485,0.3068483617970075,0.5598061727815643
2018-11-24,0.2759917777880601,0.3049799506766425,0.27958239066721485,0.3068483617970075,0.5598061727815643
2018-11-25,0.2759917777880601,0.3049799506766425,0.27958239066721485,0.3068483617970075,0.5598061727815643
2018-11-26,0.2897857002952607,0.2835718352457842,0.27900230886541394,0.2693151594148283,0.3561062353008662
2018-11-27,0.2889877101692904,0.28506011303294887,0.28132250331053316,0.27993996576684776,0.4145707635640522
2018-11-28,0.27450982097537263,0.28712079191628337,0.2785383053796126,0.2862917296667362,0.4537846774983241
2018-11-29,0.28773371326070857,0.2829994341496145,0.2709976844964818,0.26573509753646507,0.44279483876799314
2018-11-30,0.2818057555483579,0.27830567528677597,0.2737819266814307,0.2768218175131478,0.4335200800525186
2018-12-01,0.2818057555483579,0.27830567528677597,0.2737819266814307,0.2768218175131478,0.4335200800525186
2018-12-02,0.2818057555483579,0.27830567528677597,0.2737819266814307,0.2768218175131478,0.4335200800525186
2018-12-03,0.30483357622384283,0.30188893235164094,0.30139210339086314,0.29044926067166954,0.41109425002042455
2018-12-04,0.30825354011902967,0.3099026787122299,0.3060324922811018,0.2983023650021638,0.3995754018125383
2018-12-05,0.30825354011902967,0.3099026787122299,0.3060324922811018,0.2983023650021638,0.3995754018125383
2018-12-06,0.28818972004332016,0.2955924329509655,0.2787703292495273,0.29599262066001086,0.5439295148467408
2018-12-07,0.3009576055460444,0.30612479654038627,0.2848027728511981,0.28248064489397773,0.5441908327814369
2018-12-08,0.3009576055460444,0.30612479654038627,0.2848027728511981,0.28248064489397773,0.5441908327814369
2018-12-09,0.3009576055460444,0.30612479654038627,0.2848027728511981,0.28248064489397773,0.5441908327814369
2018-12-10,0.28260374567432817,0.2899828410685362,0.28399071143351057,0.28559879314767767,0.3967333519906227
2018-12-11,0.2900137036865665,0.2856325141291186,0.2859628922007718,0.27243330766852836,0.3573543036630285
2018-12-12,0.28431374936552173,0.2907842113374547,0.2887470901316925,0.28467492184364196,0.3953340552893126
2018-12-13,0.30061562220268584,0.2952490010275445,0.28190254085830596,0.2760134136016007,0.39696627839804577
2018-12-14,0.2848837361001862,0.29158558160637316,0.28758701503614686,0.294837770516289,0.2771493979547671
2018-12-15,0.2848837361001862,0.29158558160637316,0.28758701503614686,0.294837770516289,0.2771493979547671
2018-12-16,0.2848837361001862,0.29158558160637316,0.28758701503614686,0.294837770516289,0.2771493979547671
2018-12-17,0.26983586017160394,0.2792215083063666,0.26635729560624327,0.27659083867346157,0.09429521510058422
2018-12-18,0.22834019967235003,0.2531196340126697,0.22900233763053218,0.2524541006101181,0.041477703670097406
2018-12-19,0.23928410153182794,0.23491699965748525,0.23062646046590723,0.21515187706762517,0.44569193338768287
2018-12-20,0.2242362256032457,0.2293073641036516,0.22761019441104374,0.2320129358723354,0.4320228615530629
2018-12-21,0.22093024166011171,0.22083572306896948,0.22134572693945825,0.2188474503931861,0.37400738295592884
2018-12-22,0.22093024166011171,0.22083572306896948,0.22134572693945825,0.2188474503931861,0.37400738295592884
2018-12-23,0.22093024166011171,0.22083572306896948,0.22134572693945825,0.2188474503931861,0.37400738295592884
2018-12-24,0.18604650555992552,0.21476819284104276,0.1892111511477304,0.20960851707928385,0.21284548577613455
2018-12-25,0.18604650555992552,0.21476819284104276,0.1892111511477304,0.20960851707928385,0.21284548577613455
2018-12-26,0.22811219628104423,0.2234688030484736,0.19106729785302023,0.1795819287407151,0.37655972331587545
2018-12-27,0.209758336409328,0.22003435280005101,0.2125289968988105,0.22265853516594458,0.35754435307008015
2018-12-28,0.21796628454753658,0.21453922366829403,0.2131090344465832,0.20949300563208617,0.298904260872941
2018-12-29,0.21796628454753658,0.21453922366829403,0.2131090344465832,0.20949300563208617,0.298904260872941
2018-12-30,0.21796628454753658,0.21453922366829403,0.2131090344465832,0.20949300563208617,0.298904260872941
2018-12-31,0.2188782546255595,0.2180881366673889,0.2167053380492196,0.2069523265049562,0.248254355636906
2019-01-01,0.2188782546255595,0.2180881366673889,0.2167053380492196,0.2069523265049562,0.248254355636906
2019-01-02,0.23176016356753687,0.2323983824286533,0.21229697302889566,0.2136505366370195,0.4646731179169658
2019-01-03,0.23803010462324597,0.22907843860230725,0.22389790100046408,0.21896291778567467,0.42888704633671076
2019-01-04,0.24794801296544783,0.24888381349532862,0.23897914276672555,0.2263541084915055,0.4454346713854544
2019-01-05,0.24794801296544783,0.24888381349532862,0.23897914276672555,0.2263541084915055,0.4454346713854544
2019-01-06,0.24794801296544783,0.24888381349532862,0.23897914276672555,0.2263541084915055,0.4454346713854544
2019-01-07,0.2543319774604101,0.2554092820687529,0.25591648698424857,0.24252223077715718,0.4469770845609772
2019-01-08,0.26869584321507484,0.25724099177933857,0.2582366814293679,0.24748816569363763,0.41571279826313384
2019-01-09,0.298107628385522,0.2873497610890321,0.27447795403714675,0.2598452472612399,0.4886853969628019
2019-01-10,0.3007296021547386,0.28963936547371094,0.2937354926997891,0.2873311124179696,0.44804495363779484
2019-01-11,0.289329693512649,0.29570693937304193,0.29153133231664125,0.28848596256169146,0.4425735007390489
2019-01-12,0.289329693512649,0.29570693937304193,0.29153133231664125,0.28848596256169146,0.4425735007390489
2019-01-13,0.289329693512649,0.29570693937304193,0.29153133231664125,0.28848596256169146,0.4425735007390489
2019-01-14,0.27701777130533617,0.2819690947079473,0.28225059879019226,0.282134198661803,0.43051463409405244
2019-01-15,0.29525765122499964,0.28414423634195396,0.28526682059102754,0.2711629460776088,0.35672911064409946
2019-01-16,0.29753764165085766,0.2866628535707858,0.29245938354227213,0.28525234691550294,0.37411109894331374
2019-01-17,0.29480164444238793,0.2873497610890321,0.2892111378715219,0.2887169414013776,0.13908603617775878
2019-01-18,0.3145234811747389,0.3026903026205594,0.3020881750006074,0.2879085374898305,0.08377412627971914
2019-01-19,0.3145234811747389,0.3026903026205594,0.3020881750006074,0.2879085374898305,0.08377412627971914
2019-01-20,0.3145234811747389,0.3026903026205594,0.3020881750006074,0.2879085374898305,0.08377412627971914
2019-01-21,0.3145234811747389,0.3026903026205594,0.3020881750006074,0.2879085374898305,0.08377412627971914
2019-01-22,0.3005015987634328,0.306353765713135,0.29872389526788573,0.3052315539739132,0.5230078563411897
2019-01-23,0.30107158549809715,0.29948482154488554,0.29941996687763,0.2962235994996971,0.3791427728787908
2019-01-24,0.30688556325839506,0.2975386490836277,0.3018561511306926,0.29044926067166954,0.38583448203135007
2019-01-25,0.3132694842661569,0.30291927179330813,0.31160093239697123,0.2987642786268271,0.3157074096671412
2019-01-26,0.3132694842661569,0.30291927179330813,0.31160093239697123,0.2987642786268271,0.3157074096671412
2019-01-27,0.3132694842661569,0.30291927179330813,0.31160093239697123,0.2987642786268271,0.3157074096671412
2019-01-28,0.29388967436436503,0.29948482154488554,0.29327148921398777,0.3032682999186441,0.3488976844681543
2019-01-29,0.30893755029294717,0.30280480904263596,0.2991879430077153,0.28663817589891105,0.35461075505818235
2019-01-30,0.3194254453698134,0.3142530056516475,0.3136891029721757,0.2995727265930833,0.39562492358912943
2019-01-31,0.3144095012226861,0.319290196437907,0.31983758063581796,0.31158331787380167,0.38828832117422724
2019-02-01,0.33116733735526155,0.3226101839356573,0.31693734864292583,0.30846516962010173,0.3714365011904162
2019-02-02,0.33116733735526155,0.3226101839356573,0.31693734864292583,0.30846516962010173,0.3714365011904162
2019-02-03,0.33116733735526155,0.3226101839356573,0.31693734864292583,0.30846516962010173,0.3714365011904162
2019-02-04,0.32318743609555917,0.3236405233773245,0.31600929741729505,0.3235939532092291,0.3325609679077241
2019-02-05,0.31292750092279836,0.31745848672732135,0.31809746799249966,0.31828157206057395,0.32519307687092924
2019-02-06,0.31691745155264955,0.307040629559977,0.3110208948491984,0.3052315539739132,0.32343396101785366
2019-02-07,0.30129958888940295,0.3060102901183098,0.29872389526788573,0.3076567657085546,0.40587947970498306
2019-02-08,0.30221160245462636,0.2920435199518706,0.30197218519266406,0.2920660684947638,0.33170980150845925
2019-02-09,0.30221160245462636,0.2920435199518706,0.30197218519266406,0.2920660684947638,0.33170980150845925
2019-02-10,0.30221160245462636,0.2920435199518706,0.30197218519266406,0.2920660684947638,0.33170980150845925
2019-02-11,0.2986776151201865,0.28963936547371094,0.29211136986441405,0.2928744724063109,0.4065933238192746
2019-02-12,0.3065435364278361,0.30417858040772405,0.30440836944572675,0.2906802395113558,0.38229828833855684
2019-02-13,0.315663498131268,0.3104750798083996,0.31577727354738033,0.30084304412929375,0.38127851103242605
2019-02-14,0.3214774324043656,0.3113909564993945,0.3135731131642325,0.30788774454824075,0.33318326383203345
2019-02-15,0.3349293280810072,0.3250142947424127,0.32703018784109067,0.3138930622159545,0.13233406745710996
2019-02-16,0.3349293280810072,0.3250142947424127,0.32703018784109067,0.3138930622159545,0.13233406745710996
2019-02-17,0.3349293280810072,0.3250142947424127,0.32703018784109067,0.3138930622159545,0.13233406745710996
2019-02-18,0.3349293280810072,0.3250142947424127,0.32703018784109067,0.3138930622159545,0.13233406745710996
2019-02-19,0.3406292824020521,0.33028049837282536,0.3392111533604318,0.3289063343578843,0.06096182382535851
2019-02-20,0.35009118396164224,0.34424726853926446,0.34141531374357964,0.3307541210206648,0.3688551898842727
2019-02-21,0.35054719074425383,0.34493417605751076,0.35487238842043783,0.34576743721730374,0.2883686865789774
2019-02-22,0.3539671546394407,0.34722382411359387,0.35568444983812536,0.341147948532998,0.2693851843739987
2019-02-23,0.3539671546394407,0.34722382411359387,0.35568444983812536,0.341147948532998,0.2693851843739987
2019-02-24,0.3539671546394407,0.34722382411359387,0.35568444983812536,0.341147948532998,0.2693851843739987
2019-02-25,0.33367533117242537,0.34401829936651573,0.3367749691073692,0.3449589892510475,0.39081574652044454
2019-02-26,0.33390333456373117,0.3274184492205724,0.33607889749762504,0.3252107610323234,0.2841487785559374
2019-02-27,0.35031918735294804,0.3424155588286788,0.3441995559285285,0.3308696324678624,0.306345158694152
2019-02-28,0.35351119134402936,0.34287349717417626,0.35243620416737526,0.34299573519577853,0.2596735437898749
2019-03-01,0.337323298458918,0.34802519438251234,0.342459399031182,0.3455364583776175,0.3683192273796301
2019-03-02,0.337323298458918,0.34802519438251234,0.342459399031182,0.3455364583776175,0.3683192273796301
2019-03-03,0.337323298458918,0.34802519438251234,0.342459399031182,0.3455364583776175,0.3683192273796301
2019-03-04,0.34632923672309684,0.337950769138589,0.34524364121613077,0.3294838034844544,0.2902193506220352
2019-03-05,0.3459872533797382,0.3401259107725957,0.3484918868868809,0.33664397129588997,0.28384748071548965
2019-03-06,0.34211128270193975,0.3310818686417438,0.34071924213383536,0.3346806731859119,0.34137103264620045
2019-03-07,0.3471272268490671,0.33783630638791673,0.3483758970789376,0.3337568018818762,0.33624143691257785
2019-03-08,0.3404012790107462,0.3323411335847555,0.3302784335118408,0.3364129924562038,0.4049222796426376
2019-03-09,0.3404012790107462,0.3323411335847555,0.3302784335118408,0.3364129924562038,0.4049222796426376
2019-03-10,0.3404012790107462,0.3323411335847555,0.3302784335118408,0.3364129924562038,0.4049222796426376
2019-03-11,0.34860922714895476,0.3380652318892612,0.3469837538594491,0.3322554614512705,0.3178923984293112
2019-03-12,0.3495211972269778,0.34424726853926446,0.35603250777001166,0.3402240331742532,0.350132426195066
2019-03-13,0.3653670632815302,0.3548940948793575,0.3591647193787903,0.3440351179470118,0.3256913771455159
2019-03-14,0.36935705739858177,0.35787065045368693,0.37064965754241536,0.3585864324095692,0.3007694103890972
2019-03-15,0.3683310638813057,0.36027476126044233,0.36763343574158,0.36043421907234974,0.2658820175598699
2019-03-16,0.3683310638813057,0.36027476126044233,0.36763343574158,0.36043421907234974,0.2658820175598699
2019-03-17,0.3683310638813057,0.36027476126044233,0.36763343574158,0.36043421907234974,0.2658820175598699
2019-03-18,0.3748290083283207,0.3634802423361162,0.37122969509018816,0.3597413266080002,0.0629973225051525
2019-03-19,0.3741449981544032,0.36737263093003625,0.37784222049365984,0.3662085579003772,0.038418951170629025
2019-03-20,0.3832649598578351,0.3736691303307118,0.37517401237068254,0.3663240693475749,0.42751034697343426
2019-03-21,0.3849749200618284,0.3767601486557134,0.3899071962050577,0.3775263007714552,0.3516284858566738
2019-03-22,0.37425902159365626,0.37309672923454207,0.37389790321316546,0.3761404277333381,0.39998678924853426
2019-03-23,0.37425902159365626,0.37309672923454207,0.37389790321316546,0.3761404277333381,0.39998678924853426
2019-03-24,0.37425902159365626,0.37309672923454207,0.37389790321316546,0.3761404277333381,0.39998678924853426
2019-03-25,0.37175102777649244,0.3648540137012044,0.3726217940556485,0.3658621116682025,0.3806104410131256
2019-03-26,0.38451891327921667,0.3766456859050412,0.3827146332538132,0.36747891949129674,0.3693633402805663
2019-03-27,0.37847697561481336,0.37481397619445556,0.3800464251308359,0.3779882143961185,0.3961104766473894
2019-03-28,0.3772229787062314,0.3672581681793641,0.3729698519875347,0.37071257919219436,0.38455628388514296
2019-03-29,0.3867989037050747,0.38065253724963344,0.3870069642121657,0.37221387556809093,0.3807031480409557
2019-03-30,0.3867989037050747,0.38065253724963344,0.3870069642121657,0.37221387556809093,0.3807031480409557
2019-03-31,0.3867989037050747,0.38065253724963344,0.3870069642121657,0.37221387556809093,0.3807031480409557
2019-04-01,0.4033287799335446,0.39290210412756343,0.3953596465129839,0.380413470185469,0.36056776101518834
2019-04-02,0.41461470862358135,0.40377789964040534,0.41241298053845027,0.39854489058109877,0.43149964626474696
2019-04-03,0.41324668827574645,0.406525486041986,0.4176334069764616,0.40813027012717584,0.435234001229527
2019-04-04,0.4091427142066421,0.40400686881315406,0.41577726027117184,0.4065134623040816,0.36877523007276924
2019-04-05,0.4203146629446262,0.41053233738657824,0.4149651988534843,0.40281788897852067,0.369869752420088
2019-04-06,0.4203146629446262,0.41053233738657824,0.4149651988534843,0.40281788897852067,0.369869752420088
2019-04-07,0.4203146629446262,0.41053233738657824,0.4149651988534843,0.40281788897852067,0.369869752420088
2019-04-08,0.43536253887320836,0.4235833182048311,0.43016243042768904,0.41609888590486765,0.4909132627253433
2019-04-09,0.4305745546301866,0.42713223120392585,0.436542931961246,0.42845596747246995,0.4300221280087052
2019-04-10,0.43775650925111914,0.4261018480908544,0.4408353071736267,0.4263772019700033,0.3903545290569899
2019-04-11,0.42601461726567097,0.423697737284099,0.43225060100289364,0.42937988283121464,0.4125393208167258
2019-04-12,0.42954856111291057,0.4255294906660889,0.4363109080913313,0.420487351694778,0.3343664372747147
2019-04-13,0.42954856111291057,0.4255294906660889,0.4363109080913313,0.420487351694778,0.3343664372747147
2019-04-14,0.42954856111291057,0.4255294906660889,0.4363109080913313,0.420487351694778,0.3343664372747147
2019-04-15,0.42396263023111885,0.41625643569108406,0.4290023110781153,0.421064776766639,0.2939635557085222
2019-04-16,0.43137258824335717,0.42232400959041505,0.428538307592314,0.41887054387168376,0.2891028103556068
2019-04-17,0.4280665608130228,0.42507155232059146,0.4363109080913313,0.42753205211372514,0.1082702201270434
2019-04-18,0.4308025580214924,0.41991989878365965,0.43399071364621195,0.4209493093741504,0.05778081393293922
2019-04-19,0.4308025580214924,0.41991989878365965,0.43399071364621195,0.4209493093741504,0.05778081393293922
2019-04-20,0.4308025580214924,0.41991989878365965,0.43399071364621195,0.4209493093741504,0.05778081393293922
2019-04-21,0.4308025580214924,0.41991989878365965,0.43399071364621195,0.4209493093741504,0.05778081393293922
2019-04-22,0.4501823679232844,0.44006866192869776,0.44025522537182565,0.4238364787881642,0.41429090422379017
2019-04-23,0.45702238268805867,0.44785343911653797,0.4585847128088372,0.44404666468626064,0.37782865075929956
2019-04-24,0.4523483783970896,0.44590726665528013,0.4595128082884962,0.4488970881555434,0.36495859762079
2019-04-25,0.4445964370414927,0.44419001969536664,0.45069607824784846,0.4447395571506102,0.3212791020397285
2019-04-26,0.42282261327458964,0.43159702089401564,0.42030161509943903,0.43688645282011596,0.5517922296445786
2019-04-27,0.42282261327458964,0.43159702089401564,0.42030161509943903,0.43688645282011596,0.5517922296445786
2019-04-28,0.42282261327458964,0.43159702089401564,0.42030161509943903,0.43688645282011596,0.5517922296445786
2019-04-29,0.42510260370044767,0.41453918873117057,0.4223897856746435,0.4117103760602482,0.3508729235798587
2019-04-30,0.42977656450421636,0.4266742928584284,0.43213456694092217,0.41898605531888145,0.40673933738810697
2019-05-01,0.4262425771697765,0.41728677513275125,0.42598608927727993,0.4169072898164148,0.364081357369948
2019-05-02,0.4058367737507084,0.4144247259804984,0.4048724039093477,0.41933250155105617,0.5018608038742267
2019-05-03,0.4073187305633958,0.4011448196609012,0.40893271099778533,0.3955422097198874,0.3466953131382662
2019-05-04,0.4073187305633958,0.4011448196609012,0.40893271099778533,0.3955422097198874,0.3466953131382662
2019-05-05,0.4073187305633958,0.4011448196609012,0.40893271099778533,0.3955422097198874,0.3466953131382662
2019-05-06,0.4108527178978357,0.40606754769648845,0.39431556122538164,0.3941563807364793,0.4173519743989543
2019-05-07,0.40116281294693973,0.4008013877374802,0.4015081241766261,0.402702377531323,0.46022897477036184
2019-05-08,0.4093707175979479,0.3994275727009877,0.40626450287480803,0.3942718481289679,0.43065485347364546
2019-05-09,0.40458277684212646,0.39759586299040206,0.4045243459774615,0.40097010231574015,0.41779986522715834
2019-05-10,0.40412677005951486,0.4008013877374802,0.41032480996324566,0.3965815924711207,0.4275984186498728
2019-05-11,0.40412677005951486,0.4008013877374802,0.41032480996324566,0.3965815924711207,0.4275984186498728
2019-05-12,0.40412677005951486,0.4008013877374802,0.41032480996324566,0.3965815924711207,0.4275984186498728
2019-05-13,0.3970588388778354,0.41041787463590607,0.4012761003067114,0.39669710391831836,0.5531075106019178
2019-05-14,0.4054947469201495,0.3964510607980626,0.4018561378544842,0.3875736379969046,0.40741957520481015
2019-05-15,0.4082307441286191,0.3990841407775667,0.403712284559774,0.39346344421742074,0.39080937291228124
2019-05-16,0.41792064907951515,0.41213507792441517,0.4179814649083479,0.4021249524594621,0.28806565048175786
2019-05-17,0.4166666521709332,0.41396678763500083,0.4230858572843878,0.41367363011551717,0.09692867410988215
2019-05-18,0.4166666521709332,0.41396678763500083,0.4230858572843878,0.41367363011551717,0.09692867410988215
2019-05-19,0.4166666521709332,0.41396678763500083,0.4230858572843878,0.41367363011551717,0.09692867410988215
2019-05-20,0.42054262284873173,0.41591300376766305,0.4222737958667003,0.41840858619231136,0.04830731452655391
2019-05-21,0.41928866942735016,0.4135088492895034,0.4257540654073652,0.4155214167782977,0.343690446598724
2019-05-22,0.40139077285104524,0.40412133156382624,0.4058004551349786,0.40813027012717584,0.4161456241993155
2019-05-23,0.361377112651679,0.38706354307238555,0.36287705704339807,0.3923085940736989,0.6139152089935088
2019-05-24,0.36958506078988757,0.36199196454895144,0.3648491935566312,0.35696962458647497,0.411145818304655
2019-05-25,0.36958506078988757,0.36199196454895144,0.3648491935566312,0.35696962458647497,0.411145818304655
2019-05-26,0.36958506078988757,0.36199196454895144,0.3648491935566312,0.35696962458647497,0.411145818304655
2019-05-27,0.36958506078988757,0.36199196454895144,0.3648491935566312,0.35696962458647497,0.411145818304655
2019-05-28,0.3753989950629851,0.36737263093003625,0.37215779056984716,0.3654001539888301,0.5630833662153573
2019-05-29,0.3716370478244397,0.362449902894449,0.3576566306053867,0.36690149441943587,0.6237114447405275
2019-05-30,0.34632923672309684,0.368860908717201,0.35127612907182976,0.36747891949129674,0.45992246215959864
2019-05-31,0.31110351727955204,0.3334859794484992,0.3132250552323463,0.33675943868837854,0.5695525785011244
2019-06-01,0.31110351727955204,0.3334859794484992,0.3132250552323463,0.33675943868837854,0.5695525785011244
2019-06-02,0.31110351727955204,0.3334859794484992,0.3132250552323463,0.33675943868837854,0.5695525785011244
2019-06-03,0.30825354011902967,0.3108185554032249,0.30232019887052214,0.3016514480408409,0.5422155936697324
2019-06-04,0.31087551388824625,0.30108756208272247,0.3060324922811018,0.29553066298063857,0.45374817410611595
2019-06-05,0.29035568702992515,0.2968517415653814,0.2848027728511981,0.29518421674846373,0.5183887286795564
2019-06-06,0.3007296021547386,0.2955924329509655,0.2914152982546698,0.2813257947502559,0.4296686824651031
2019-06-07,0.31668949164854415,0.30726959873272575,0.30823665266424954,0.29795587471527996,0.4517248432237247
2019-06-08,0.31668949164854415,0.30726959873272575,0.30823665266424954,0.29795587471527996,0.4517248432237247
2019-06-09,0.31668949164854415,0.30726959873272575,0.30823665266424954,0.29795587471527996,0.4517248432237247
2019-06-10,0.3083675200710824,0.3132226662099803,0.3132250552323463,0.31112140424913837,0.3700343073944864
2019-06-11,0.30848154351033547,0.3040641176570519,0.31160093239697123,0.30176695948803844,0.34442051444288585
2019-06-12,0.2841997259262687,0.2927303837987125,0.28619491607068664,0.2972629822509304,0.42737302468846095
2019-06-13,0.2971956148202987,0.29730967991087887,0.28851506626177775,0.274512073170995,0.5194537006617543
2019-06-14,0.2998175885895153,0.29192901352979406,0.29756382017234023,0.2873311124179696,0.30460806076018604
2019-06-15,0.2998175885895153,0.29192901352979406,0.29756382017234023,0.2873311124179696,0.30460806076018604
2019-06-16,0.2998175885895153,0.29192901352979406,0.29756382017234023,0.2873311124179696,0.30460806076018604
2019-06-17,0.2932056641904475,0.28918147079961776,0.2961717212068799,0.2910266857435305,0.20242115991556708
2019-06-18,0.315663498131268,0.30715513598205346,0.2952436257272209,0.28467492184364196,0.07713456483031428
2019-06-19,0.3140674743921272,0.3084144009250652,0.3158932633553236,0.30938908497884643,0.04306357326491555
2019-06-20,0.34701324689701435,0.33817973831133774,0.32552205481365887,0.30973553121102126,0.46701049385613147
2019-06-21,0.35590516172194003,0.3491699965748518,0.35510441229035267,0.3459983720022808,0.3636033367576992
2019-06-22,0.35590516172194003,0.3491699965748518,0.35510441229035267,0.3459983720022808,0.3636033367576992
2019-06-23,0.35590516172194003,0.3491699965748518,0.35510441229035267,0.3459983720022808,0.3636033367576992
2019-06-24,0.36126313269962623,0.3519175829764324,0.3561484975779549,0.35131079720564506,0.3178970337807027
2019-06-25,0.36046514257365597,0.3590154526460264,0.36136892401596626,0.3515417760453312,0.3619189659458116
2019-06-26,0.3781349922714548,0.37149398869670514,0.37819027842554614,0.3642453038451082,0.3698436785685108
2019-06-27,0.37870497900611916,0.3692043406406219,0.3777262306857166,0.3692112387615887,0.2797950247614677
2019-06-28,0.36776107714664125,0.3700057109095404,0.3677494255495232,0.3686338136897277,0.2941043545070391
2019-06-29,0.36776107714664125,0.3700057109095404,0.3677494255495232,0.3686338136897277,0.2941043545070391
2019-06-30,0.36776107714664125,0.3700057109095404,0.3677494255495232,0.3686338136897277,0.2941043545070391
2019-07-01,0.3748290083283207,0.37550084004129747,0.37459397482290974,0.3692112387615887,0.36293121080593116
2019-07-02,0.3424532660452983,0.3657698903921993,0.3484918868868809,0.367709898330983,0.4811622216543917
2019-07-03,0.354879168204664,0.343445898270346,0.34791184933910807,0.33710592897526237,0.3196161697280266
2019-07-04,0.354879168204664,0.343445898270346,0.34791184933910807,0.33710592897526237,0.3196161697280266
2019-07-05,0.35681713179996305,0.34733828686426615,0.3508120813320002,0.347384245040398,0.37633201167876784
2019-07-06,0.35681713179996305,0.34733828686426615,0.3508120813320002,0.347384245040398,0.37633201167876784
2019-07-07,0.35681713179996305,0.34733828686426615,0.3508120813320002,0.347384245040398,0.37633201167876784
2019-07-08,0.3585271354911566,0.3546651257066088,0.3625289991115119,0.35188822227750605,0.2852740101062249
2019-07-09,0.36046514257365597,0.36199196454895144,0.3624130093035686,0.34946301054286455,0.2916539918777055
2019-07-10,0.3901048876482088,0.3783628891935503,0.374709964630853,0.3591639015361393,0.37206806781750856
2019-07-11,0.3874829138789922,0.38305664805638884,0.39547563632092714,0.3827231704729128,0.30390696386222116
2019-07-12,0.38759689383104495,0.38076704367171,0.39303945206786456,0.38295414931259897,0.24365318996191482
2019-07-13,0.38759689383104495,0.38076704367171,0.39303945206786456,0.38295414931259897,0.24365318996191482
2019-07-14,0.38759689383104495,0.38076704367171,0.39303945206786456,0.38295414931259897,0.24365318996191482
2019-07-15,0.3804149826973127,0.3828276788836401,0.3845707799591031,0.3805289375779576,0.300313987114882
2019-07-16,0.3580711287085449,0.3729822664838698,0.3598607909885346,0.369095727314391,0.38474807154896645
2019-07-17,0.3484952037097017,0.3535203235142693,0.3498839858523412,0.34900105286349226,0.2641663581260897
2019-07-18,0.33162334413787325,0.34161418855976033,0.3325986279569601,0.3383762465114728,0.09667315036442553
2019-07-19,0.33538533486361893,0.33062393029624626,0.33573088381976696,0.32821344189353485,0.03285363240620512
2019-07-20,0.33538533486361893,0.33062393029624626,0.33573088381976696,0.32821344189353485,0.03285363240620512
2019-07-21,0.33538533486361893,0.33062393029624626,0.33573088381976696,0.32821344189353485,0.03285363240620512
2019-07-22,0.34211128270193975,0.33611905942800335,0.3441995559285285,0.33398778072156243,0.3308290847440736
2019-07-23,0.34838122375764896,0.3433314355196738,0.34443157979844324,0.33341031159499235,0.2742737418352631
2019-07-24,0.3382353120241413,0.34527760798093166,0.33967520110026134,0.34565192577010606,0.4036997057131286
2019-07-25,0.33983129227608183,0.33783630638791673,0.34524364121613077,0.3302922073960015,0.29594748610408567
2019-07-26,0.34188327931063395,0.33302804110300166,0.34373550818869897,0.33063865362817624,0.24814716313597746
2019-07-27,0.34188327931063395,0.33302804110300166,0.34373550818869897,0.33063865362817624,0.24814716313597746
2019-07-28,0.34188327931063395,0.33302804110300166,0.34373550818869897,0.33063865362817624,0.24814716313597746
2019-07-29,0.3495211972269778,0.3390955713309284,0.34524364121613077,0.3337568018818762,0.2788314510909589
2019-07-30,0.3629730929036195,0.35477963212868535,0.3585846818310175,0.34380413910732566,0.289063409868779
2019-07-31,0.3690150740552232,0.3587864834732777,0.3684454971592675,0.35847096501708064,0.3276527102030458
2019-08-01,0.31623348486593245,0.34928450299692826,0.31948956695796,0.35281209358154164,0.48568748345034707
2019-08-02,0.3357273182069775,0.3270749736257472,0.3259861025534884,0.31458599873501314,0.400548825604754
2019-08-03,0.3357273182069775,0.3270749736257472,0.3259861025534884,0.31458599873501314,0.400548825604754
2019-08-04,0.3357273182069775,0.3270749736257472,0.3259861025534884,0.31458599873501314,0.400548825604754
2019-08-05,0.32466939290824653,0.3220377828394877,0.32679816397117595,0.3242868897282878,0.44923971545895486
2019-08-06,0.3125855175794398,0.31986259753407675,0.31600929741729505,0.31932095481180733,0.3675126762375085
2019-08-07,0.2836297391916042,0.3009730993320503,0.2838747216255673,0.3016514480408409,0.5879352232819794
2019-08-08,0.30015961542007413,0.2928448902207891,0.3003480181032608,0.28906343168826143,0.3918297296373359
2019-08-09,0.32250342592164166,0.31413849922957093,0.3053364206713575,0.29541519558815,0.3927707059698111
2019-08-10,0.32250342592164166,0.31413849922957093,0.3053364206713575,0.29541519558815,0.3927707059698111
2019-08-11,0.32250342592164166,0.31413849922957093,0.3053364206713575,0.29541519558815,0.3927707059698111
2019-08-12,0.32740539011671616,0.31711505480390034,0.3189095294101872,0.3120452755531741,0.32592951832325434
2019-08-13,0.35214317099619435,0.3433314355196738,0.3266821299092045,0.31678023162996827,0.42585552652666747
2019-08-14,0.330825354011903,0.3362335221786755,0.3238979319782838,0.33999309838927616,0.3880814686183814
2019-08-15,0.322161442578283,0.31883230176381383,0.3215777375331645,0.31874352973994635,0.27774446118965135
2019-08-16,0.32672137994279865,0.3227246466863296,0.32726216745697717,0.31689574307716595,0.06943119023655936
2019-08-17,0.32672137994279865,0.3227246466863296,0.32726216745697717,0.31689574307716595,0.06943119023655936
2019-08-18,0.32672137994279865,0.3227246466863296,0.32726216745697717,0.31689574307716595,0.06943119023655936
2019-08-19,0.3419972592626867,0.331196331392416,0.33399072692242043,0.3194364222042959,0.03769409809678267
2019-08-20,0.34347925956257447,0.33337147302642267,0.3390951192984603,0.3326019076834452,0.35387547244370515
2019-08-21,0.3359553215982833,0.33943904692575366,0.34222737516126717,0.33202448261158435,0.37982011360087425
2019-08-22,0.3321933308725376,0.33176873248858574,0.3341067167303637,0.3307541210206648,0.33204007029510385
2019-08-23,0.3187414351958959,0.32192327641741114,0.31542925986952225,0.32394039944140396,0.43956747536165885
2019-08-24,0.3187414351958959,0.32192327641741114,0.31542925986952225,0.32394039944140396,0.43956747536165885
2019-08-25,0.3187414351958959,0.32192327641741114,0.31542925986952225,0.32394039944140396,0.43956747536165885
2019-08-26,0.31269949753149257,0.318030887823491,0.3121809699447439,0.2996881939855718,0.36532710805641455
2019-08-27,0.32740539011671616,0.3232970914539036,0.3206496420535055,0.30557800020608794,0.3175841475617762
2019-08-28,0.3370952950676122,0.33508871998633616,0.3397911909082046,0.32809793044633717,0.3624450783287472
2019-08-29,0.34769721358373146,0.336691460524173,0.34083527619580695,0.33006122855631526,0.33736319194932174
2019-08-30,0.32934335371201523,0.33474528806291515,0.33062644718969886,0.3387227367983566,0.3822727939059036
2019-08-31,0.32934335371201523,0.33474528806291515,0.33062644718969886,0.3387227367983566,0.3822727939059036
2019-09-01,0.32934335371201523,0.33474528806291515,0.33062644718969886,0.3387227367983566,0.3822727939059036
2019-09-02,0.32934335371201523,0.33474528806291515,0.33062644718969886,0.3387227367983566,0.3822727939059036
2019-09-03,0.3161194614266794,0.31780196232214664,0.3107888709792837,0.3198983798836682,0.5343911205208745
2019-09-04,0.34256724599735106,0.3331425475250782,0.322389798950852,0.30742578686886834,0.36722528445123526
2019-09-05,0.34302325277996276,0.34665137934601986,0.3445475696063865,0.3308696324678624,0.38470519454859503
2019-09-06,0.3455312465971266,0.3373783680424193,0.3338747371144772,0.3336412904346786,0.3857643723415536
2019-09-07,0.3455312465971266,0.3373783680424193,0.3338747371144772,0.3336412904346786,0.3857643723415536
2019-09-08,0.3455312465971266,0.3373783680424193,0.3338747371144772,0.3336412904346786,0.3857643723415536
2019-09-09,0.3606931024777615,0.3512306754581862,0.3541763610647218,0.3406859908536256,0.3467688993416063
2019-09-10,0.3555631783785815,0.3580995759550314,0.36136892401596626,0.3548908590840083,0.40962368479147004
2019-09-11,0.33675331172425355,0.35283341599602314,0.34292344677101144,0.35327405126091405,0.4694776596342592
2019-09-12,0.3292293737599625,0.33039496112349753,0.3242459456561419,0.33063865362817624,0.46206399450247326
2019-09-13,0.32649337655149285,0.32283915310840616,0.3293503380321818,0.32163069915396014,0.3192331738193036
2019-09-14,0.32649337655149285,0.32283915310840616,0.3293503380321818,0.32163069915396014,0.3192331738193036
2019-09-15,0.32649337655149285,0.32283915310840616,0.3293503380321818,0.32163069915396014,0.3192331738193036
2019-09-16,0.418262675910074,0.4109902757320758,0.37958237739100636,0.3947338058083403,0.7859238284294213
2019-09-17,0.3776789854888431,0.4019461899298197,0.37598607378837007,0.4002771657966816,0.5473892252415743
2019-09-18,0.363657103077537,0.3657698903921993,0.3668213300698642,0.3638988576129335,0.09760022064272625
2019-09-19,0.3638851064688428,0.36702919900661535,0.3707656473503586,0.3568541571939864,0.03697330095540386
2019-09-20,0.3634290996862311,0.36199196454895144,0.3682134732893528,0.362051070950153,0.305645220634035
2019-09-21,0.3634290996862311,0.36199196454895144,0.3682134732893528,0.362051070950153,0.305645220634035
2019-09-22,0.3634290996862311,0.36199196454895144,0.3682134732893528,0.362051070950153,0.305645220634035
2019-09-23,0.3696990407419403,0.36531195204670186,0.3633410605291994,0.3689802599219024,0.27711810933287445
2019-09-24,0.3543091814699996,0.3550086013014341,0.35545242596821064,0.3596258151608026,0.3146320081443124
2019-09-25,0.34518926325376803,0.33817973831133774,0.34222737516126717,0.33953114070990376,0.2984204460714528
2019-09-26,0.3442772496885446,0.33611905942800335,0.3406032523258921,0.3394156292627061,0.31933920748238426
2019-09-27,0.33857729536749986,0.33520318273700833,0.3329466416348182,0.3373368637602395,0.38499490401056397
2019-09-28,0.33857729536749986,0.33520318273700833,0.3329466416348182,0.3373368637602395,0.38499490401056397
2019-09-29,0.33857729536749986,0.33520318273700833,0.3329466416348182,0.3373368637602395,0.38499490401056397
2019-09-30,0.31760146172656706,0.33302804110300166,0.32401392178622707,0.33768335404712335,0.2804422356995064
2019-10-01,0.31247149414018677,0.3132226662099803,0.3132250552323463,0.31158331787380167,0.31326863541628647
2019-10-02,0.30129958888940295,0.3084144009250652,0.3030162262262382,0.30834970222761315,0.31392337880033633
2019-10-03,0.2991336219027981,0.2911276432608757,0.2893271719334934,0.2906802395113558,0.34414586987293927
2019-10-04,0.3032375959719024,0.29616483404713523,0.3015081374528346,0.28860147400888914,0.2854148089047418
2019-10-05,0.3032375959719024,0.29616483404713523,0.3015081374528346,0.28860147400888914,0.2854148089047418
2019-10-06,0.3032375959719024,0.29616483404713523,0.3015081374528346,0.28860147400888914,0.2854148089047418
2019-10-07,0.3025535857979849,0.3042930868298006,0.30788863898639157,0.29322091863848565,0.2900009096877106
2019-10-08,0.3011856089373503,0.2952490010275445,0.2988399293298573,0.29460679167660286,0.3533342951687471
2019-10-09,0.3007296021547386,0.3006296674086293,0.30464039331564147,0.29183508965507765,0.3384675644183474
2019-10-10,0.3116735040142165,0.3032627473881334,0.2938515267617606,0.29322091863848565,0.32761968332438135
2019-10-11,0.3247834163474996,0.3142530056516475,0.3200696045057327,0.30696387324420504,0.24285011533333684
2019-10-12,0.3247834163474996,0.3142530056516475,0.3200696045057327,0.30696387324420504,0.24285011533333684
2019-10-13,0.3247834163474996,0.3142530056516475,0.3200696045057327,0.30696387324420504,0.24285011533333684
2019-10-14,0.3121295107968281,0.3139095737282265,0.3099768095615962,0.31874352973994635,0.24285011533333684
2019-10-15,0.3032375959719024,0.301202068504799,0.30556844454127224,0.30269083079207415,0.2681162569305746
2019-10-16,0.30950753702761163,0.3006296674086293,0.30707657756870405,0.2958771092128133,0.23357941255032977
2019-10-17,0.31600548147462665,0.3054378890221401,0.30823665266424954,0.2966855571790695,0.2143305364781875
2019-10-18,0.3142954777834331,0.31070404898114834,0.3167053247730111,0.30938908497884643,0.07298418707814683
2019-10-19,0.3142954777834331,0.31070404898114834,0.3167053247730111,0.30938908497884643,0.07298418707814683
2019-10-20,0.3142954777834331,0.31070404898114834,0.3167053247730111,0.30938908497884643,0.07298418707814683
2019-10-21,0.30893755029294717,0.3039496112349753,0.3092807379518519,0.30500057513422696,0.027500960386866433
2019-10-22,0.3186274552438431,0.31070404898114834,0.313805092780119,0.30130500180866604,0.2654068940422408
2019-10-23,0.33926130554141737,0.32730394279849595,0.31983758063581796,0.3118142967134878,0.331245686950385
2019-10-24,0.3422252626539925,0.3323411335847555,0.3406032523258921,0.3302922073960015,0.2504526710343265
2019-10-25,0.3471272268490671,0.3349742572356639,0.34280741270903997,0.3322554614512705,0.2297419210170888
2019-10-26,0.3471272268490671,0.3349742572356639,0.34280741270903997,0.3322554614512705,0.2297419210170888
2019-10-27,0.3471272268490671,0.3349742572356639,0.34280741270903997,0.3322554614512705,0.2297419210170888
2019-10-28,0.33743732189817105,0.337034892447594,0.34257543309315347,0.3389537156380428,0.22510656962558528
2019-10-29,0.3343593413463429,0.3254722330879103,0.33132251879944313,0.32913731319757056,0.2740309653061331
2019-10-30,0.3288873904166039,0.3234115542045758,0.32911831416226706,0.3260191649438705,0.35391603176838077
2019-10-31,0.318855458635149,0.32180881366673886,0.3208816659234202,0.31874352973994635,0.36439829952134206
2019-11-01,0.34188327931063395,0.33028049837282536,0.3250580070738294,0.3100820214979051,0.2836840845789392
2019-11-02,0.34188327931063395,0.33028049837282536,0.3250580070738294,0.3100820214979051,0.2836840845789392
2019-11-03,0.34188327931063395,0.33028049837282536,0.3250580070738294,0.3100820214979051,0.2836840845789392
2019-11-04,0.3457592499884324,0.34287349717417626,0.3454756650860455,0.33618201361651756,0.3081546839936102
2019-11-05,0.3536251712960821,0.3436748674430947,0.35092807113994345,0.3379143328868095,0.22412097803596687
2019-11-06,0.3435932395146272,0.34768171878768706,0.3487239107567956,0.3459983720022808,0.3330163911819393
2019-11-07,0.3527132012180591,0.34802519438251234,0.3505800574620855,0.335489077097459,0.36483054603859977
2019-11-08,0.35373919473533516,0.343445898270346,0.34466355941432975,0.3439196505545232,0.34094458031818214
2019-11-09,0.35373919473533516,0.343445898270346,0.34466355941432975,0.3439196505545232,0.34094458031818214
2019-11-10,0.35373919473533516,0.343445898270346,0.34466355941432975,0.3439196505545232,0.34094458031818214
2019-11-11,0.349407217274925,0.34253006525075536,0.35034803359217076,0.34761522388008415,0.261007945571704
2019-11-12,0.3487232071010075,0.34424726853926446,0.35371231332489234,0.341725373604859,0.3117575108626563
2019-11-13,0.35237117438750015,0.34401829936651573,0.34976799604439796,0.34057052346113703,0.2891989938969805
2019-11-14,0.34838122375764896,0.34699485494084514,0.3547563986124946,0.34749971243288647,0.27135115278292016
2019-11-15,0.3592111456650741,0.34905553382417953,0.35243620416737526,0.34195635244454514,0.18974637095442465
2019-11-16,0.3592111456650741,0.34905553382417953,0.35243620416737526,0.34195635244454514,0.18974637095442465
2019-11-17,0.3592111456650741,0.34905553382417953,0.35243620416737526,0.34195635244454514,0.18974637095442465
2019-11-18,0.3515731842615299,0.35042930518926774,0.3538283031328356,0.35315858386842547,0.06420656979941097
2019-11-19,0.3305973506205971,0.33921007775300493,0.33631092136753976,0.34184088505205656,0.04212259693244034
2019-11-20,0.3522571944354474,0.34081281829084187,0.33306263144276144,0.3217461665464487,0.3629335284816269
2019-11-21,0.3690150740552232,0.3570692365133642,0.3544083406806084,0.34299573519577853,0.31579316366788407
2019-11-22,0.35978113239973847,0.35787065045368693,0.3648491935566312,0.3581245187849059,0.2663751030641411
2019-11-23,0.35978113239973847,0.35787065045368693,0.3648491935566312,0.3581245187849059,0.2663751030641411
2019-11-24,0.35978113239973847,0.35787065045368693,0.3648491935566312,0.3581245187849059,0.2663751030641411
2019-11-25,0.3625170861210078,0.3511162127075139,0.3614849138239096,0.35362049749308877,0.21561684648932972
2019-11-26,0.36707706697272374,0.35580997157035255,0.3678654153574666,0.35362049749308877,0.2290443006326675
2019-11-27,0.363657103077537,0.35718374293544075,0.36496518336457445,0.3576625611055335,0.23509343419857964
2019-11-28,0.363657103077537,0.35718374293544075,0.36496518336457445,0.3576625611055335,0.23509343419857964
2019-11-29,0.3301413438379855,0.35283341599602314,0.33607889749762504,0.35604575328243926,0.38833119817459866
2019-11-30,0.3301413438379855,0.35283341599602314,0.33607889749762504,0.35604575328243926,0.38833119817459866
2019-12-01,0.3301413438379855,0.35283341599602314,0.33607889749762504,0.35604575328243926,0.38833119817459866
2019-12-02,0.3391472821021643,0.33417284329534114,0.34071924213383536,0.32532627247952106,0.3290560628368235
2019-12-03,0.34074326235410474,0.3356611210825058,0.33990718071614784,0.33098509986035096,0.2966845069753347
2019-12-04,0.36730507036402965,0.3569547737626919,0.35069604727002873,0.3364129924562038,0.41256075931691144
2019-12-05,0.36730507036402965,0.3622209337217003,0.37180973263796097,0.3587019438567669,0.34819890524588515
2019-12-06,0.3760830052369026,0.3705781120057101,0.36716938800175053,0.3582399861773945,0.3656672269647661
2019-12-07,0.3760830052369026,0.3705781120057101,0.36716938800175053,0.3582399861773945,0.3656672269647661
2019-12-08,0.3760830052369026,0.3705781120057101,0.36716938800175053,0.3582399861773945,0.3656672269647661
2019-12-09,0.37403101820235046,0.3637092115088649,0.37331786566539277,0.36736345209880816,0.26829703563484325
2019-12-10,0.3765390120195143,0.3668002298338666,0.37668214539811434,0.36516917514914393,0.30031630479057775
2019-12-11,0.37106701760257504,0.3633657795854439,0.37192576669993244,0.3667860270269473,0.31354327998623305
2019-12-12,0.3758550018455968,0.36908987788994974,0.37935035352109164,0.36470726152448063,0.2794740266776061
2019-12-13,0.38600091357910443,0.3777904880973806,0.38538284137679063,0.37025062151282195,0.26871827319254615
2019-12-14,0.38600091357910443,0.3777904880973806,0.38538284137679063,0.37025062151282195,0.26871827319254615
2019-12-15,0.38600091357910443,0.3777904880973806,0.38538284137679063,0.37025062151282195,0.26871827319254615
2019-12-16,0.38759689383104495,0.37618774755954365,0.3904872337528305,0.3761404277333381,0.17317614856764746
2019-12-17,0.3959188219213063,0.3844304630928813,0.39419952716341017,0.3802979587382713,0.06676528376752092
2019-12-18,0.39580484196925353,0.3858042344579695,0.39756380689613174,0.38399353206383224,0.04783392926569661
2019-12-19,0.3991108259123875,0.38912422195571994,0.4030162572040579,0.3875736379969046,0.21891895493685204
2019-12-20,0.39021886760026153,0.38603320363071825,0.3940835373554669,0.3904608074109184,0.2920277170836455
2019-12-21,0.39021886760026153,0.38603320363071825,0.3940835373554669,0.3904608074109184,0.2920277170836455
2019-12-22,0.39021886760026153,0.38603320363071825,0.3940835373554669,0.3904608074109184,0.2920277170836455
2019-12-23,0.39113088116548483,0.381110475595131,0.3950115885810977,0.382376724240738,0.15423842045765984
2019-12-24,0.39785682900380565,0.3855752652852208,0.39930396379347827,0.38491744742257705,0.0904003610938734
2019-12-25,0.39785682900380565,0.3855752652852208,0.39930396379347827,0.38491744742257705,0.0904003610938734
2019-12-26,0.40435477345082066,0.3932455797223887,0.4061485130668648,0.39150019016215176,0.12548765345185928
2019-12-27,0.40481078023343237,0.39484832026022565,0.4082366836420694,0.39762097522235407,0.17578585140106393
2019-12-28,0.40481078023343237,0.39484832026022565,0.4082366836420694,0.39762097522235407,0.17578585140106393
2019-12-29,0.40481078023343237,0.39484832026022565,0.4082366836420694,0.39762097522235407,0.17578585140106393
2019-12-30,0.40435477345082066,0.3990841407775667,0.40649652674472275,0.3973899963826678,0.2193871254273939
2019-12-31,0.3972868422691413,0.39381798081855846,0.40116011049876815,0.3970435501504931,0.2584318490358759
2020-01-01,0.3972868422691413,0.39381798081855846,0.40116011049876815,0.3970435501504931,0.2584318490358759
2020-01-02,0.3986548191297759,0.3906124560714803,0.4012761003067114,0.3961196347917483,0.2539923412406634
2020-01-03,0.41997263611406727,0.41911844117193264,0.4069605744845523,0.3912692113224655,0.48517353886481407
2020-01-04,0.41997263611406727,0.41911844117193264,0.4069605744845523,0.3912692113224655,0.48517353886481407
2020-01-05,0.41997263611406727,0.41911844117193264,0.4069605744845523,0.3912692113224655,0.48517353886481407
2020-01-06,0.4224806299312311,0.4263308609350074,0.42447795624984813,0.420487351694778,0.3915249552833446
2020-01-07,0.4159826854842161,0.4083571957525717,0.4183294785862059,0.4112484183808758,0.3094867680997435
2020-01-08,0.3807569660406713,0.43697768727510045,0.3839907424113303,0.41044001446932865,0.6705001022674402
2020-01-09,0.3801869793060069,0.37584431563612275,0.3783062682334894,0.3775263007714552,0.40699370229571574
2020-01-10,0.37425902159365626,0.36977674173679165,0.38051042861663725,0.37313779092683574,0.3173303620730914
2020-01-11,0.37425902159365626,0.36977674173679165,0.38051042861663725,0.37313779092683574,0.3173303620730914
2020-01-12,0.37425902159365626,0.36977674173679165,0.38051042861663725,0.37313779092683574,0.3173303620730914
2020-01-13,0.36331511973417835,0.36393818068161365,0.3696055722548131,0.36655504818726103,0.31027072190383154
2020-01-14,0.3650250799381716,0.3576416812809382,0.36740141187166525,0.3548908590840083,0.266068011034454
2020-01-15,0.3602371391823502,0.3535203235142693,0.36322507072125615,0.3568541571939864,0.22287522734950027
2020-01-16,0.3683310638813057,0.3593588845694473,0.3655452651663755,0.35569926299555543,0.0778478295256819
2020-01-17,0.3685590672726115,0.36061819318386334,0.3737819134052222,0.36135813443109444,0.04290307422298475
2020-01-18,0.3685590672726115,0.36061819318386334,0.3737819134052222,0.36135813443109444,0.04290307422298475
2020-01-19,0.3685590672726115,0.36061819318386334,0.3737819134052222,0.36135813443109444,0.04290307422298475
2020-01-20,0.3685590672726115,0.36061819318386334,0.3737819134052222,0.36135813443109444,0.04290307422298475
2020-01-21,0.3662790768467536,0.3692043406406219,0.3669373641318357,0.3680563445631577,0.347546479537531
2020-01-22,0.3480392404142904,0.35374929268701816,0.3477958152771366,0.35754704965833595,0.3311975951796981
2020-01-23,0.3349293280810072,0.32959359085457907,0.3331786655047329,0.3327174191306429,0.37979693684391674
2020-01-24,0.3189694385872018,0.32593017143340774,0.32250578875879526,0.327866951606651,0.31154138760402744
2020-01-25,0.3189694385872018,0.32593017143340774,0.32250578875879526,0.327866951606651,0.31154138760402744
2020-01-26,0.3189694385872018,0.32593017143340774,0.32250578875879526,0.327866951606651,0.31154138760402744
2020-01-27,0.3069995432104478,0.300286191813804,0.30255222274043686,0.3048851077417385,0.38494507398310535
2020-01-28,0.31087551388824625,0.3042930868298006,0.3089327242739938,0.29414483399723046,0.3392190707626949
2020-01-29,0.30916555368425297,0.3078419998288955,0.3104408573014256,0.30800325599543843,0.3340135711500365
2020-01-30,0.2955996345683582,0.294447630758626,0.2970997724325107,0.2978404073227914,0.38914180524918784
2020-01-31,0.2889877101692904,0.29627934046921167,0.28909514806357867,0.2958771092128133,0.45159389454691473
2020-02-01,0.2889877101692904,0.29627934046921167,0.28909514806357867,0.2958771092128133,0.45159389454691473
2020-02-02,0.2889877101692904,0.29627934046921167,0.28909514806357867,0.2958771092128133,0.45159389454691473
2020-02-03,0.2724578339408205,0.28036635417011035,0.275522039324749,0.27381913665193636,0.4794853832885153
2020-02-04,0.26675787961977576,0.2755580888851953,0.2698376094009363,0.2614620550843342,0.4698166197047629
2020-02-05,0.2797537685138058,0.27933601472844316,0.2716937561062261,0.2564961201678537,0.4863816273212247
2020-02-06,0.2820337589396638,0.2829994341496145,0.2806264759548172,0.27566692331471687,0.40683494151055677
2020-02-07,0.2748518043187313,0.2747567186162768,0.2788863190574706,0.2749740308503673,0.41708254459932315
2020-02-08,0.2748518043187313,0.2747567186162768,0.2788863190574706,0.2749740308503673,0.41708254459932315
2020-02-09,0.2748518043187313,0.2747567186162768,0.2788863190574706,0.2749740308503673,0.41708254459932315
2020-02-10,0.26630187283716406,0.26342302842934184,0.2711136743044252,0.26354082058680084,0.3866914426198543
2020-02-11,0.27051982685832116,0.2657126328140207,0.27296986526374317,0.2576510143662847,0.39239234541247964
2020-02-12,0.28454170926962724,0.2776187677685297,0.2772621962220955,0.2616930339240203,0.432675287261417
2020-02-13,0.2873916864301496,0.2802518477480338,0.2848027728511981,0.2820187312693144,0.4037877773895671
2020-02-14,0.29457364105108214,0.2846021746874514,0.2931554551520163,0.27959347547996394,0.323794939007467
2020-02-15,0.29457364105108214,0.2846021746874514,0.2931554551520163,0.27959347547996394,0.323794939007467
2020-02-16,0.29457364105108214,0.2846021746874514,0.2931554551520163,0.27959347547996394,0.323794939007467
2020-02-17,0.29457364105108214,0.2846021746874514,0.2931554551520163,0.27959347547996394,0.323794939007467
2020-02-18,0.29457364105108214,0.2854035449563699,0.2880510627759764,0.2879085374898305,0.10038896392363955
2020-02-19,0.3087095469016414,0.29971379071763427,0.30023202829531753,0.28663817589891105,0.03775899301626371
2020-02-20,0.3142954777834331,0.30933027761606013,0.31519723599960753,0.3025753633995856,0.363679820055659
2020-02-21,0.30973554041891743,0.3020034387737175,0.307424591246562,0.3053470654211108,0.38185966821313577
2020-02-22,0.30973554041891743,0.3020034387737175,0.307424591246562,0.3053470654211108,0.38185966821313577
2020-02-23,0.30973554041891743,0.3020034387737175,0.307424591246562,0.3053470654211108,0.38185966821313577
2020-02-24,0.28750570986940266,0.288036624935874,0.2830626602078798,0.2921815358872524,0.41544278904457876
2020-02-25,0.27006386356290984,0.2809387552662801,0.27424593016723203,0.2779766676568697,0.4151380146905874
2020-02-26,0.25672594783832087,0.26285058366176783,0.2581206473673964,0.26307890696213754,0.48437452016870364
2020-02-27,0.23803010462324597,0.24384657903766482,0.23004642291813454,0.24633331554991578,0.5582116119028872
2020-02-28,0.21146829661332117,0.22381223497189462,0.2064965090431115,0.2216191524147113,0.6102109838127736
2020-02-29,0.21146829661332117,0.22381223497189462,0.2064965090431115,0.2216191524147113,0.6102109838127736
2020-03-01,0.21146829661332117,0.22381223497189462,0.2064965090431115,0.2216191524147113,0.6102109838127736
2020-03-02,0.23415413394544754,0.22987980887122572,0.20034803137946927,0.18939833118118743,0.5220303766165064
2020-03-03,0.23905609814052214,0.24247280767257662,0.23689097219152094,0.235824020645094,0.558222041443518
2020-03-04,0.2344961172888061,0.23961075852032376,0.23897914276672555,0.2268160221161688,0.40405199241888284
2020-03-05,0.2244642289945516,0.2299942716218979,0.22737821479515713,0.22901029906583314,0.38014227052258376
2020-03-06,0.17179661975731358,0.2163709333788797,0.1740139195735257,0.21699966373040558,0.7113317538373467
2020-03-07,0.17179661975731358,0.2163709333788797,0.1740139195735257,0.21699966373040558,0.7113317538373467
2020-03-08,0.17179661975731358,0.2163709333788797,0.1740139195735257,0.21699966373040558,0.7113317538373467
2020-03-09,0.0560875513888246,0.0847166723752471,0.014965207704289996,0.06432613101985024,1.0000000000000002
2020-03-10,0.09290927282791,0.08631941291308404,0.048143868783620036,0.035454458907067,0.5887568393161234
2020-03-11,0.0771773867254103,0.10154549169393912,0.07552206587716592,0.08453631691794666,0.47867535563285
